Date,Hour,Minute,DayOfWeek,IsWeekend,Location,Weather,VehicleCount,AverageSpeed,Congestion
2025-11-24,9,0,0,0,Dharampur Chowk,Rain,1048,34.6,Medium
2025-05-06,13,15,1,0,Dharampur Chowk,Clear,911,46.6,Medium
2025-12-13,8,45,5,1,Clock Tower,Clear,1100,38.6,High
2025-02-17,12,15,0,0,Prem Nagar,Clear,613,48.5,Low
2025-10-15,12,45,2,0,Rajpur Road,Fog,430,42.5,Low
2025-10-29,14,0,2,0,Rajpur Road,Fog,680,35.9,Medium
2025-06-24,14,15,1,0,Rajpur Road,Rain,826,32.5,Medium
2025-02-22,8,45,5,1,Clock Tower,Rain,868,35.9,Medium
2025-06-26,14,0,3,0,Dharampur Chowk,Fog,606,39.3,Low
2025-10-02,9,45,3,0,Clock Tower,Rain,1111,29.9,High
2025-11-18,17,15,1,0,Dharampur Chowk,Clear,1313,35.6,High
2025-01-24,13,30,4,0,Clock Tower,Cloudy,1064,35.5,High
2025-02-21,18,30,4,0,Ballupur Chowk,Rain,1173,33.6,High
2025-03-25,17,30,1,0,Rajpur Road,Rain,1031,36.4,Medium
2025-12-26,8,15,4,0,Prem Nagar,Cloudy,975,40.2,Medium
2025-03-25,20,45,1,0,ISBT,Cloudy,694,50.6,Medium
2025-12-17,16,0,2,0,Rajpur Road,Clear,583,43.5,Low
2025-06-11,18,30,2,0,Clock Tower,Cloudy,1540,29.3,High
2025-10-18,16,15,5,1,Dharampur Chowk,Fog,397,35.4,Low
2025-07-22,20,15,1,0,ISBT,Cloudy,635,46.5,Low
2025-05-07,14,45,2,0,Prem Nagar,Fog,657,38.1,Medium
2025-07-05,13,15,5,1,Prem Nagar,Fog,499,39.0,Low
2025-02-16,7,0,6,1,Rajpur Road,Cloudy,403,47.1,Low
2025-12-15,19,0,0,0,Ballupur Chowk,Fog,1044,35.3,Medium
2025-11-02,20,30,6,1,Prem Nagar,Clear,441,43.4,Low
2025-12-15,9,30,0,0,Dharampur Chowk,Rain,1035,34.1,Medium
2025-02-27,15,45,3,0,Rajpur Road,Fog,413,42.9,Low
2025-01-02,14,15,3,0,Prem Nagar,Clear,829,46.0,Medium
2025-11-17,15,15,0,0,Rajpur Road,Rain,459,42.5,Low
2025-03-24,22,0,0,0,Prem Nagar,Rain,465,46.3,Low
2025-09-08,6,0,0,0,ISBT,Rain,597,40.9,Low
2025-05-03,7,15,5,1,Prem Nagar,Clear,325,46.8,Low
2025-02-13,21,0,3,0,Prem Nagar,Cloudy,576,50.8,Low
2025-03-07,21,15,4,0,ISBT,Fog,559,42.0,Low
2025-04-19,12,30,5,1,Ballupur Chowk,Rain,513,40.7,Low
2025-08-13,22,45,2,0,Clock Tower,Cloudy,719,49.3,Medium
2025-04-26,8,30,5,1,Clock Tower,Cloudy,1171,43.0,High
2025-10-29,13,0,2,0,Clock Tower,Clear,799,46.1,Medium
2025-04-28,8,0,0,0,ISBT,Clear,1420,33.8,High
2025-09-21,13,30,6,1,Dharampur Chowk,Fog,591,32.6,Medium
2025-04-20,10,45,6,1,Rajpur Road,Fog,380,42.6,Low
2025-07-28,12,0,0,0,Clock Tower,Fog,644,36.2,Low
2025-07-01,19,45,1,0,Ballupur Chowk,Clear,1287,35.1,High
2025-12-11,9,0,3,0,Ballupur Chowk,Rain,1213,33.7,High
2025-02-25,13,15,1,0,Rajpur Road,Fog,675,38.9,Medium
2025-03-13,19,15,3,0,ISBT,Fog,1214,32.6,High
2025-05-08,8,45,3,0,Prem Nagar,Clear,918,40.9,Medium
2025-01-26,6,0,6,1,Rajpur Road,Cloudy,490,43.6,Low
2025-07-28,21,45,0,0,Rajpur Road,Fog,491,40.8,Low
2025-01-31,11,45,4,0,Clock Tower,Fog,526,38.8,Low
2025-05-16,20,30,4,0,Ballupur Chowk,Fog,393,40.1,Low
2025-03-21,12,30,4,0,Rajpur Road,Clear,557,44.6,Low
2025-10-24,7,30,4,0,Clock Tower,Clear,645,47.0,Low
2025-10-27,21,15,0,0,Clock Tower,Clear,809,44.0,Medium
2025-04-06,8,0,6,1,Dharampur Chowk,Cloudy,1021,40.2,Medium
2025-07-26,9,15,5,1,Prem Nagar,Clear,675,45.3,Medium
2025-11-14,8,45,4,0,Dharampur Chowk,Rain,1013,42.9,Medium
2025-05-14,12,30,2,0,Rajpur Road,Rain,511,43.6,Low
2025-07-22,10,30,1,0,Ballupur Chowk,Rain,567,38.4,Low
2025-02-07,6,45,4,0,Prem Nagar,Clear,578,49.0,Low
2025-02-07,12,30,4,0,Rajpur Road,Rain,589,38.9,Low
2025-02-05,13,30,2,0,ISBT,Cloudy,1250,32.9,High
2025-08-13,15,0,2,0,Dharampur Chowk,Rain,551,48.7,Low
2025-12-06,9,15,5,1,ISBT,Clear,1122,37.3,High
2025-02-24,10,30,0,0,ISBT,Cloudy,750,42.8,Medium
2025-06-25,12,30,2,0,Prem Nagar,Fog,265,43.4,Low
2025-05-09,7,0,4,0,Dharampur Chowk,Fog,363,43.2,Low
2025-05-22,7,0,3,0,ISBT,Cloudy,668,50.1,Medium
2025-11-23,14,15,6,1,Dharampur Chowk,Fog,521,38.6,Low
2025-10-10,19,0,4,0,Clock Tower,Clear,1469,30.3,High
2025-12-20,10,0,5,1,ISBT,Cloudy,649,49.6,Low
2025-08-09,10,0,5,1,ISBT,Rain,412,44.7,Low
2025-01-21,17,15,1,0,Dharampur Chowk,Cloudy,1276,39.1,High
2025-12-08,9,30,0,0,Prem Nagar,Fog,681,33.3,Medium
2025-11-14,10,15,4,0,Rajpur Road,Cloudy,656,46.5,Medium
2025-07-31,6,15,3,0,Dharampur Chowk,Rain,524,43.6,Low
2025-07-30,13,30,2,0,Rajpur Road,Clear,842,43.7,Medium
2025-07-15,7,45,1,0,Rajpur Road,Cloudy,637,43.8,Low
2025-08-24,17,30,6,1,Rajpur Road,Cloudy,1263,38.4,High
2025-01-13,12,45,0,0,ISBT,Rain,540,44.3,Low
2025-02-05,14,30,2,0,Dharampur Chowk,Fog,609,40.7,Low
2025-12-14,16,0,6,1,Clock Tower,Rain,596,39.0,Low
2025-04-02,14,0,2,0,Clock Tower,Fog,884,35.6,Medium
2025-06-26,16,45,3,0,Prem Nagar,Clear,553,52.8,Low
2025-07-17,12,30,3,0,Clock Tower,Fog,506,37.5,Low
2025-01-01,22,15,2,0,ISBT,Fog,494,37.5,Low
2025-02-05,16,30,2,0,Dharampur Chowk,Clear,554,48.1,Low
2025-06-03,22,30,1,0,Dharampur Chowk,Fog,470,42.8,Low
2025-06-17,18,30,1,0,Prem Nagar,Cloudy,1093,43.7,High
2025-04-09,19,45,2,0,Dharampur Chowk,Cloudy,1234,45.5,High
2025-11-12,15,45,2,0,Prem Nagar,Clear,537,44.8,Low
2025-06-05,15,15,3,0,Ballupur Chowk,Rain,484,44.5,Low
2025-08-27,20,45,2,0,Dharampur Chowk,Cloudy,570,49.0,Low
2025-09-19,21,15,4,0,Dharampur Chowk,Clear,598,46.2,Low
2025-05-26,22,30,0,0,Clock Tower,Cloudy,623,41.6,Low
2025-12-11,15,15,3,0,Rajpur Road,Cloudy,578,49.3,Low
2025-01-13,7,15,0,0,Ballupur Chowk,Clear,650,42.0,Medium
2025-08-22,19,15,4,0,Dharampur Chowk,Fog,970,34.3,Medium
2025-09-11,18,15,3,0,Rajpur Road,Clear,1177,38.6,High
2025-02-24,19,15,0,0,Rajpur Road,Fog,1003,29.2,Medium
2025-01-26,13,0,6,1,Ballupur Chowk,Cloudy,895,43.9,Medium
2025-08-26,22,30,1,0,Ballupur Chowk,Fog,593,41.7,Low
2025-10-08,20,15,2,0,Dharampur Chowk,Fog,338,39.4,Low
2025-08-19,14,15,1,0,Dharampur Chowk,Rain,814,39.9,Medium
2025-09-24,21,15,2,0,ISBT,Fog,606,49.9,Low
2025-02-09,15,15,6,1,ISBT,Rain,586,45.0,Low
2025-06-13,8,15,4,0,Rajpur Road,Cloudy,1304,38.3,High
2025-07-16,10,15,2,0,Clock Tower,Fog,501,42.1,Low
2025-07-28,16,45,0,0,Ballupur Chowk,Clear,571,46.1,Low
2025-04-16,19,45,2,0,Prem Nagar,Clear,1001,40.9,Medium
2025-10-22,18,45,2,0,Clock Tower,Rain,1448,23.7,High
2025-06-02,18,45,0,0,Prem Nagar,Cloudy,1146,33.8,High
2025-09-07,13,30,6,1,Ballupur Chowk,Fog,623,41.4,Low
2025-01-15,18,30,2,0,Dharampur Chowk,Fog,961,30.0,Medium
2025-03-26,20,15,2,0,Prem Nagar,Clear,430,50.9,Low
2025-07-21,6,0,0,0,Dharampur Chowk,Fog,390,42.1,Low
2025-03-11,20,15,1,0,Clock Tower,Rain,595,39.5,Low
2025-07-14,16,15,0,0,Ballupur Chowk,Rain,741,41.3,Medium
2025-06-22,18,30,6,1,Ballupur Chowk,Rain,872,38.1,Medium
2025-02-11,21,0,1,0,Dharampur Chowk,Clear,507,50.3,Low
2025-06-29,13,0,6,1,Dharampur Chowk,Clear,667,45.1,Medium
2025-01-16,13,15,3,0,Clock Tower,Cloudy,1099,41.9,High
2025-05-03,10,45,5,1,Dharampur Chowk,Clear,380,48.6,Low
2025-10-16,12,45,3,0,Dharampur Chowk,Rain,466,41.4,Low
2025-07-08,11,0,1,0,Rajpur Road,Rain,667,41.7,Medium
2025-02-25,6,30,1,0,Prem Nagar,Fog,289,45.6,Low
2025-07-23,12,0,2,0,Prem Nagar,Cloudy,681,48.4,Medium
2025-02-22,15,0,5,1,Prem Nagar,Clear,292,49.4,Low
2025-06-27,19,30,4,0,Clock Tower,Rain,1364,28.4,High
2025-01-07,19,45,1,0,Clock Tower,Fog,1158,32.8,High
2025-07-05,20,15,5,1,Ballupur Chowk,Cloudy,491,47.8,Low
2025-09-25,14,45,3,0,Ballupur Chowk,Fog,518,36.5,Low
2025-10-31,14,30,4,0,Rajpur Road,Clear,876,38.7,Medium
2025-05-23,20,15,4,0,Ballupur Chowk,Fog,637,33.6,Medium
2025-06-22,6,45,6,1,ISBT,Cloudy,595,46.9,Low
2025-09-07,12,30,6,1,ISBT,Rain,656,36.3,Medium
2025-05-24,14,0,5,1,Prem Nagar,Cloudy,760,44.2,Medium
2025-02-13,13,45,3,0,Ballupur Chowk,Cloudy,941,42.9,Medium
2025-12-20,21,45,5,1,Ballupur Chowk,Clear,554,45.3,Low
2025-02-17,15,15,0,0,Ballupur Chowk,Cloudy,671,44.3,Medium
2025-06-06,17,45,4,0,Prem Nagar,Rain,945,38.5,Medium
2025-08-06,16,30,2,0,Dharampur Chowk,Fog,575,35.1,Low
2025-05-19,15,30,0,0,Rajpur Road,Clear,755,38.4,Medium
2025-04-09,16,0,2,0,Dharampur Chowk,Cloudy,576,48.5,Low
2025-04-09,12,45,2,0,ISBT,Rain,658,38.7,Medium
2025-02-21,12,30,4,0,Rajpur Road,Rain,509,41.2,Low
2025-04-02,15,0,2,0,Dharampur Chowk,Cloudy,541,49.8,Low
2025-05-21,7,0,2,0,Prem Nagar,Rain,467,41.2,Low
2025-12-24,10,45,2,0,Clock Tower,Clear,730,45.5,Medium
2025-10-21,15,45,1,0,Ballupur Chowk,Fog,572,40.7,Low
2025-06-24,11,0,1,0,ISBT,Fog,499,38.2,Low
2025-02-28,8,45,4,0,Ballupur Chowk,Clear,1327,37.9,High
2025-10-23,7,15,3,0,Rajpur Road,Rain,524,42.9,Low
2025-02-13,13,0,3,0,Prem Nagar,Fog,700,35.2,Medium
2025-11-07,13,45,4,0,Ballupur Chowk,Fog,821,34.7,Medium
2025-06-02,19,30,0,0,Prem Nagar,Clear,1022,43.7,Medium
2025-11-09,9,15,6,1,Dharampur Chowk,Cloudy,1066,42.2,High
2025-05-16,8,15,4,0,Rajpur Road,Cloudy,1332,36.0,High
2025-10-10,8,15,4,0,Clock Tower,Fog,1107,30.3,High
2025-08-19,21,30,1,0,Clock Tower,Cloudy,716,44.4,Medium
2025-05-28,15,45,2,0,Clock Tower,Cloudy,698,46.8,Medium
2025-05-16,12,45,4,0,Clock Tower,Cloudy,625,52.3,Low
2025-11-28,10,30,4,0,Rajpur Road,Clear,504,44.2,Low
2025-01-31,11,30,4,0,Prem Nagar,Rain,531,44.8,Low
2025-08-13,9,45,2,0,Dharampur Chowk,Rain,1059,36.8,High
2025-12-25,18,30,3,0,Prem Nagar,Fog,831,32.4,Medium
2025-08-13,8,0,2,0,Ballupur Chowk,Rain,1146,31.6,High
2025-11-06,14,0,3,0,Clock Tower,Cloudy,1137,38.3,High
2025-12-12,6,30,4,0,Prem Nagar,Clear,421,48.0,Low
2025-03-31,21,45,0,0,ISBT,Cloudy,775,42.2,Medium
2025-10-27,19,45,0,0,Clock Tower,Fog,1057,32.6,High
2025-06-28,19,30,5,1,ISBT,Clear,1301,34.9,High
2025-03-24,16,45,0,0,Dharampur Chowk,Fog,410,41.8,Low
2025-05-28,18,0,2,0,Ballupur Chowk,Clear,1236,33.1,High
2025-06-11,14,30,2,0,Clock Tower,Fog,749,35.7,Medium
2025-09-21,6,45,6,1,Ballupur Chowk,Clear,563,51.4,Low
2025-04-07,22,30,0,0,Prem Nagar,Fog,458,40.0,Low
2025-11-17,20,0,0,0,Rajpur Road,Rain,524,39.5,Low
2025-10-09,10,30,3,0,Ballupur Chowk,Fog,505,38.9,Low
2025-03-04,6,15,1,0,Dharampur Chowk,Cloudy,614,43.7,Low
2025-06-09,6,45,0,0,Clock Tower,Cloudy,732,49.1,Medium
2025-02-28,20,0,4,0,Dharampur Chowk,Cloudy,579,47.9,Low
2025-09-13,15,30,5,1,Ballupur Chowk,Fog,486,38.9,Low
2025-08-30,13,45,5,1,Prem Nagar,Cloudy,685,45.3,Medium
2025-07-16,12,15,2,0,Clock Tower,Rain,600,39.1,Low
2025-08-01,16,30,4,0,Clock Tower,Rain,594,43.0,Low
2025-06-02,21,15,0,0,Ballupur Chowk,Fog,623,41.0,Low
2025-06-26,16,45,3,0,Ballupur Chowk,Rain,742,37.1,Medium
2025-04-07,13,45,0,0,Rajpur Road,Fog,787,36.3,Medium
2025-01-23,16,45,3,0,Dharampur Chowk,Fog,623,35.7,Low
2025-07-17,10,45,3,0,Clock Tower,Cloudy,623,44.3,Low
2025-09-15,16,0,0,0,Ballupur Chowk,Clear,463,46.8,Low
2025-09-27,20,0,5,1,Dharampur Chowk,Cloudy,439,49.2,Low
2025-07-29,10,0,1,0,Ballupur Chowk,Rain,597,47.1,Low
2025-06-23,18,0,0,0,ISBT,Fog,1282,27.0,High
2025-06-12,21,0,3,0,Prem Nagar,Clear,415,50.5,Low
2025-05-01,15,15,3,0,Dharampur Chowk,Clear,455,54.0,Low
2025-08-11,9,0,0,0,Ballupur Chowk,Cloudy,1425,33.2,High
2025-12-22,15,0,0,0,Clock Tower,Rain,455,47.6,Low
2025-01-29,15,30,2,0,ISBT,Fog,556,42.8,Low
2025-03-16,13,45,6,1,Prem Nagar,Cloudy,539,45.5,Low
2025-03-29,11,0,5,1,Prem Nagar,Fog,331,42.4,Low
2025-11-14,13,45,4,0,Prem Nagar,Cloudy,748,46.2,Medium
2025-04-29,20,30,1,0,Ballupur Chowk,Rain,484,42.7,Low
2025-12-08,6,45,0,0,ISBT,Cloudy,751,45.8,Medium
2025-02-07,20,30,4,0,Prem Nagar,Rain,495,39.6,Low
2025-11-24,19,30,0,0,Ballupur Chowk,Rain,1094,38.2,High
2025-04-12,18,45,5,1,Clock Tower,Cloudy,1279,34.5,High
2025-07-15,17,30,1,0,Dharampur Chowk,Rain,1200,33.2,High
2025-01-12,18,30,6,1,Clock Tower,Clear,1287,36.8,High
2025-11-07,21,30,4,0,Rajpur Road,Rain,691,45.4,Medium
2025-04-23,12,30,2,0,Dharampur Chowk,Cloudy,568,49.8,Low
2025-11-18,9,0,1,0,ISBT,Fog,1182,34.2,High
2025-01-18,17,15,5,1,Clock Tower,Rain,996,37.8,Medium
2025-06-17,19,15,1,0,Rajpur Road,Cloudy,1395,29.8,High
2025-10-04,17,30,5,1,Rajpur Road,Rain,860,31.6,Medium
2025-09-04,15,30,3,0,Clock Tower,Fog,504,42.0,Low
2025-02-08,10,15,5,1,Dharampur Chowk,Fog,501,40.1,Low
2025-10-13,17,0,0,0,Ballupur Chowk,Clear,1482,29.7,High
2025-05-16,9,45,4,0,ISBT,Rain,1136,33.6,High
2025-10-27,18,30,0,0,Clock Tower,Cloudy,1504,33.4,High
2025-08-30,6,30,5,1,Prem Nagar,Cloudy,269,50.9,Low
2025-11-28,8,45,4,0,Dharampur Chowk,Rain,904,39.1,Medium
2025-11-29,19,0,5,1,Rajpur Road,Clear,1090,36.6,High
2025-01-20,15,45,0,0,Clock Tower,Clear,617,43.0,Low
2025-05-01,10,45,3,0,Ballupur Chowk,Rain,565,44.8,Low
2025-12-10,19,15,2,0,Ballupur Chowk,Clear,1273,38.3,High
2025-09-08,19,30,0,0,Clock Tower,Rain,1221,30.2,High
2025-04-22,20,45,1,0,Rajpur Road,Rain,517,39.5,Low
2025-02-20,17,30,3,0,Clock Tower,Fog,1078,28.0,High
2025-05-22,12,0,3,0,Ballupur Chowk,Clear,790,43.8,Medium
2025-12-06,12,0,5,1,Clock Tower,Rain,447,44.3,Low
2025-05-05,10,15,0,0,Clock Tower,Cloudy,682,44.6,Medium
2025-10-28,12,15,1,0,ISBT,Cloudy,791,46.0,Medium
2025-11-02,6,30,6,1,Rajpur Road,Cloudy,479,46.4,Low
2025-10-04,14,15,5,1,Clock Tower,Clear,835,36.2,Medium
2025-03-09,6,30,6,1,Rajpur Road,Rain,326,49.4,Low
2025-01-09,11,30,3,0,Clock Tower,Cloudy,822,42.5,Medium
2025-08-04,22,0,0,0,Dharampur Chowk,Clear,606,47.3,Low
2025-09-01,20,30,0,0,Prem Nagar,Clear,733,47.9,Medium
2025-08-20,22,15,2,0,Prem Nagar,Clear,477,45.3,Low
2025-12-04,22,30,3,0,Ballupur Chowk,Clear,505,48.4,Low
2025-02-01,21,45,5,1,Ballupur Chowk,Clear,478,43.9,Low
2025-09-09,20,0,1,0,Clock Tower,Rain,540,39.0,Low
2025-11-08,10,0,5,1,Rajpur Road,Rain,582,44.3,Low
2025-11-16,16,45,6,1,Prem Nagar,Rain,372,49.1,Low
2025-08-21,22,45,3,0,Clock Tower,Clear,664,42.9,Medium
2025-12-02,12,45,1,0,Ballupur Chowk,Cloudy,787,45.4,Medium
2025-07-31,16,45,3,0,Ballupur Chowk,Fog,424,40.4,Low
2025-02-18,16,45,1,0,ISBT,Rain,566,37.8,Low
2025-07-11,10,45,4,0,Clock Tower,Clear,732,50.3,Medium
2025-02-13,8,45,3,0,Clock Tower,Rain,1072,36.4,High
2025-03-08,7,30,5,1,Dharampur Chowk,Clear,424,47.5,Low
2025-07-30,17,45,2,0,Dharampur Chowk,Clear,1148,36.0,High
2025-05-28,15,30,2,0,Clock Tower,Cloudy,694,42.6,Medium
2025-03-21,21,15,4,0,Clock Tower,Rain,613,41.1,Low
2025-10-12,17,0,6,1,ISBT,Cloudy,1326,33.3,High
2025-08-08,6,30,4,0,Clock Tower,Cloudy,644,48.1,Low
2025-05-20,15,30,1,0,ISBT,Clear,746,41.4,Medium
2025-04-03,10,45,3,0,Clock Tower,Cloudy,698,47.3,Medium
2025-11-21,6,0,4,0,Dharampur Chowk,Cloudy,455,50.1,Low
2025-07-12,19,45,5,1,ISBT,Cloudy,1292,38.3,High
2025-07-09,15,30,2,0,Prem Nagar,Clear,426,43.5,Low
2025-01-27,10,15,0,0,Prem Nagar,Clear,357,50.0,Low
2025-12-12,8,30,4,0,Ballupur Chowk,Fog,1034,29.5,Medium
2025-09-06,20,45,5,1,ISBT,Cloudy,681,40.3,Medium
2025-09-20,9,30,5,1,Ballupur Chowk,Clear,1072,36.1,High
2025-05-26,21,30,0,0,Clock Tower,Cloudy,638,46.0,Low
2025-07-22,7,0,1,0,Rajpur Road,Rain,457,42.3,Low
2025-04-19,10,30,5,1,ISBT,Rain,621,39.4,Low
2025-03-03,6,45,0,0,Dharampur Chowk,Fog,515,36.3,Low
2025-03-31,10,45,0,0,Prem Nagar,Cloudy,554,51.4,Low
2025-09-14,17,0,6,1,Ballupur Chowk,Clear,951,39.0,Medium
2025-08-12,6,45,1,0,Clock Tower,Rain,638,40.3,Low
2025-10-22,19,45,2,0,Dharampur Chowk,Fog,986,31.1,Medium
2025-05-29,9,45,3,0,Clock Tower,Rain,1191,32.5,High
2025-03-29,20,30,5,1,Clock Tower,Fog,540,40.0,Low
2025-02-24,13,45,0,0,Prem Nagar,Fog,625,36.8,Low
2025-09-26,8,45,4,0,ISBT,Rain,1233,31.1,High
2025-04-24,16,15,3,0,Clock Tower,Clear,689,43.9,Medium
2025-09-29,22,15,0,0,ISBT,Rain,659,46.8,Medium
2025-11-27,10,15,3,0,Clock Tower,Cloudy,760,43.2,Medium
2025-05-12,12,15,0,0,Prem Nagar,Cloudy,607,45.1,Low
2025-12-02,8,15,1,0,Dharampur Chowk,Fog,733,33.5,Medium
2025-08-26,20,30,1,0,Dharampur Chowk,Rain,354,43.9,Low
2025-03-19,20,0,2,0,Ballupur Chowk,Fog,508,44.8,Low
2025-11-20,15,30,3,0,Prem Nagar,Clear,513,47.0,Low
2025-06-30,22,0,0,0,ISBT,Fog,631,31.4,Medium
2025-08-20,7,0,2,0,ISBT,Rain,655,43.0,Medium
2025-02-09,8,45,6,1,Ballupur Chowk,Clear,959,44.7,Medium
2025-08-19,12,30,1,0,Prem Nagar,Fog,417,39.8,Low
2025-09-14,10,0,6,1,Ballupur Chowk,Clear,589,53.4,Low
2025-06-25,8,15,2,0,Clock Tower,Cloudy,1396,35.8,High
2025-12-29,20,45,0,0,Prem Nagar,Cloudy,475,45.7,Low
2025-07-06,17,30,6,1,Ballupur Chowk,Fog,985,30.4,Medium
2025-06-23,7,30,0,0,Clock Tower,Rain,598,40.0,Low
2025-02-18,18,30,1,0,ISBT,Cloudy,1621,32.8,High
2025-06-20,8,15,4,0,ISBT,Rain,1355,29.1,High
2025-12-02,18,15,1,0,Prem Nagar,Clear,1018,37.5,Medium
2025-06-08,18,30,6,1,Rajpur Road,Clear,1025,41.5,Medium
2025-11-27,19,30,3,0,Clock Tower,Rain,1324,28.3,High
2025-06-08,11,15,6,1,ISBT,Fog,550,43.2,Low
2025-04-09,13,15,2,0,Rajpur Road,Clear,930,47.3,Medium
2025-06-01,9,0,6,1,Dharampur Chowk,Rain,795,34.9,Medium
2025-11-13,10,45,3,0,Rajpur Road,Cloudy,471,52.8,Low
2025-04-03,11,45,3,0,Clock Tower,Fog,578,38.6,Low
2025-07-06,13,45,6,1,Prem Nagar,Rain,594,38.1,Low
2025-08-18,13,15,0,0,ISBT,Fog,1062,32.2,High
2025-04-10,17,45,3,0,Ballupur Chowk,Rain,1225,34.7,High
2025-07-15,22,45,1,0,Rajpur Road,Cloudy,652,46.4,Medium
2025-11-06,10,30,3,0,Clock Tower,Fog,463,41.8,Low
2025-07-10,9,0,3,0,ISBT,Clear,1564,36.7,High
2025-03-24,14,45,0,0,Prem Nagar,Cloudy,912,40.4,Medium
2025-08-12,8,15,1,0,Ballupur Chowk,Rain,1061,34.5,High
2025-01-14,19,0,1,0,Ballupur Chowk,Rain,1221,35.8,High
2025-05-01,18,0,3,0,ISBT,Cloudy,1448,38.9,High
2025-01-15,16,0,2,0,Dharampur Chowk,Rain,491,41.7,Low
2025-03-16,10,0,6,1,ISBT,Fog,399,36.3,Low
2025-12-23,10,45,1,0,Ballupur Chowk,Clear,699,45.2,Medium
2025-02-10,6,30,0,0,Rajpur Road,Cloudy,511,43.8,Low
2025-10-08,22,45,2,0,Clock Tower,Rain,565,46.9,Low
2025-05-02,15,0,4,0,Clock Tower,Cloudy,670,40.9,Medium
2025-08-03,20,0,6,1,Clock Tower,Fog,427,40.1,Low
2025-11-02,6,15,6,1,Dharampur Chowk,Cloudy,284,50.8,Low
2025-05-30,19,0,4,0,Prem Nagar,Rain,917,39.0,Medium
2025-05-04,19,15,6,1,Dharampur Chowk,Clear,1164,41.8,High
2025-09-26,17,0,4,0,Prem Nagar,Clear,1018,37.1,Medium
2025-07-19,21,0,5,1,Dharampur Chowk,Fog,587,38.8,Low
2025-07-11,14,0,4,0,ISBT,Clear,1084,39.4,High
2025-06-26,13,0,3,0,Prem Nagar,Rain,688,39.7,Medium
2025-03-10,7,30,0,0,Prem Nagar,Rain,392,42.8,Low
2025-11-26,11,45,2,0,Dharampur Chowk,Fog,445,39.0,Low
2025-11-20,11,15,3,0,Clock Tower,Fog,469,40.6,Low
2025-01-19,15,15,6,1,Clock Tower,Cloudy,566,51.4,Low
2025-01-22,16,30,2,0,Prem Nagar,Fog,177,47.7,Low
2025-10-06,21,30,0,0,Clock Tower,Cloudy,790,37.5,Medium
2025-05-27,17,0,1,0,Dharampur Chowk,Rain,1048,33.9,Medium
2025-05-20,9,30,1,0,Ballupur Chowk,Fog,901,31.8,Medium
2025-08-14,18,30,3,0,Rajpur Road,Fog,909,39.3,Medium
2025-12-21,21,30,6,1,Prem Nagar,Rain,447,47.4,Low
2025-02-12,19,0,2,0,Ballupur Chowk,Cloudy,1477,30.5,High
2025-10-07,15,30,1,0,Clock Tower,Clear,616,47.7,Low
2025-06-17,15,30,1,0,Ballupur Chowk,Fog,409,43.3,Low
2025-03-27,20,30,3,0,Ballupur Chowk,Clear,614,45.1,Low
2025-06-30,19,30,0,0,Dharampur Chowk,Clear,1252,38.4,High
2025-02-08,18,30,5,1,Prem Nagar,Cloudy,899,45.6,Medium
2025-01-16,10,45,3,0,Clock Tower,Cloudy,604,48.2,Low
2025-02-04,13,30,1,0,ISBT,Fog,914,33.0,Medium
2025-10-18,7,15,5,1,Dharampur Chowk,Fog,407,37.4,Low
2025-07-09,17,45,2,0,Clock Tower,Cloudy,1548,32.3,High
2025-09-29,17,45,0,0,ISBT,Rain,1315,34.4,High
2025-05-08,9,0,3,0,Dharampur Chowk,Cloudy,1120,34.8,High
2025-09-13,22,45,5,1,Prem Nagar,Clear,289,52.7,Low
2025-05-15,14,45,3,0,Rajpur Road,Rain,704,45.2,Medium
2025-12-22,21,15,0,0,Clock Tower,Cloudy,524,52.6,Low
2025-02-07,20,15,4,0,Dharampur Chowk,Fog,465,40.1,Low
2025-02-14,16,30,4,0,Dharampur Chowk,Clear,517,48.8,Low
2025-10-09,15,30,3,0,Rajpur Road,Cloudy,611,49.6,Low
2025-07-05,22,15,5,1,Clock Tower,Cloudy,596,46.9,Low
2025-03-13,13,45,3,0,Clock Tower,Rain,879,37.3,Medium
2025-10-11,17,45,5,1,Prem Nagar,Cloudy,952,36.3,Medium
2025-11-10,8,0,0,0,ISBT,Fog,1023,34.6,Medium
2025-09-03,22,45,2,0,Ballupur Chowk,Clear,647,45.2,Low
2025-03-06,16,0,3,0,Ballupur Chowk,Fog,508,40.8,Low
2025-12-15,22,30,0,0,Rajpur Road,Cloudy,571,44.5,Low
2025-03-08,19,0,5,1,Clock Tower,Cloudy,1268,34.0,High
2025-06-05,11,15,3,0,ISBT,Cloudy,774,38.8,Medium
2025-06-27,22,30,4,0,Clock Tower,Rain,674,41.8,Medium
2025-04-11,14,15,4,0,Dharampur Chowk,Rain,794,41.6,Medium
2025-11-11,8,15,1,0,Prem Nagar,Cloudy,1156,41.5,High
2025-03-29,16,0,5,1,Clock Tower,Clear,412,45.3,Low
2025-01-24,14,15,4,0,Prem Nagar,Fog,548,39.2,Low
2025-11-13,6,45,3,0,Dharampur Chowk,Rain,545,40.0,Low
2025-11-25,15,45,1,0,Rajpur Road,Fog,482,37.8,Low
2025-06-02,20,0,0,0,Dharampur Chowk,Clear,511,43.5,Low
2025-03-22,20,45,5,1,Ballupur Chowk,Fog,357,37.8,Low
2025-04-15,16,15,1,0,ISBT,Rain,558,45.2,Low
2025-06-26,18,15,3,0,ISBT,Clear,1432,42.4,High
2025-06-13,13,45,4,0,Clock Tower,Rain,947,37.0,Medium
2025-08-19,13,15,1,0,Clock Tower,Clear,940,43.7,Medium
2025-05-29,18,45,3,0,Rajpur Road,Cloudy,1264,37.3,High
2025-06-17,16,15,1,0,Rajpur Road,Fog,672,37.1,Medium
2025-09-21,20,45,6,1,ISBT,Fog,572,36.7,Low
2025-01-12,8,45,6,1,Prem Nagar,Fog,660,42.9,Medium
2025-05-04,12,30,6,1,Clock Tower,Clear,509,53.2,Low
2025-05-25,21,45,6,1,ISBT,Clear,657,43.9,Medium
2025-02-25,19,15,1,0,ISBT,Rain,1407,32.8,High
2025-07-26,17,0,5,1,Ballupur Chowk,Clear,1198,33.2,High
2025-10-19,12,30,6,1,Prem Nagar,Rain,314,44.8,Low
2025-02-07,18,45,4,0,Prem Nagar,Rain,930,38.6,Medium
2025-11-16,9,15,6,1,Clock Tower,Fog,909,30.0,Medium
2025-07-11,16,30,4,0,Rajpur Road,Cloudy,644,47.6,Low
2025-11-05,22,45,2,0,Prem Nagar,Clear,532,50.6,Low
2025-01-24,7,15,4,0,Dharampur Chowk,Rain,571,43.2,Low
2025-08-31,22,45,6,1,Rajpur Road,Cloudy,516,42.6,Low
2025-06-17,16,15,1,0,Ballupur Chowk,Rain,604,42.0,Low
2025-10-31,16,45,4,0,Dharampur Chowk,Rain,526,38.7,Low
2025-09-01,6,30,0,0,ISBT,Clear,620,49.3,Low
2025-08-02,15,0,5,1,Prem Nagar,Fog,328,44.4,Low
2025-05-16,13,0,4,0,Prem Nagar,Fog,600,38.5,Low
2025-03-29,22,45,5,1,Rajpur Road,Cloudy,597,44.9,Low
2025-01-17,9,15,4,0,Clock Tower,Fog,1060,30.5,High
2025-06-10,19,15,1,0,Ballupur Chowk,Cloudy,1384,34.3,High
2025-07-30,22,45,2,0,Dharampur Chowk,Clear,578,45.3,Low
2025-12-28,10,15,6,1,Prem Nagar,Rain,473,40.6,Low
2025-12-06,21,45,5,1,ISBT,Cloudy,615,44.9,Low
2025-08-24,16,30,6,1,Dharampur Chowk,Rain,544,42.8,Low
2025-11-09,21,15,6,1,Rajpur Road,Rain,530,38.0,Low
2025-10-13,15,15,0,0,ISBT,Rain,657,43.3,Medium
2025-12-27,12,45,5,1,ISBT,Fog,487,43.2,Low
2025-06-28,14,30,5,1,Clock Tower,Fog,644,42.0,Low
2025-07-22,17,15,1,0,ISBT,Clear,1691,29.8,High
2025-05-28,8,30,2,0,Ballupur Chowk,Rain,1105,38.6,High
2025-09-03,12,15,2,0,Prem Nagar,Rain,565,40.4,Low
2025-10-15,14,15,2,0,Clock Tower,Cloudy,1025,39.5,Medium
2025-05-05,7,15,0,0,Dharampur Chowk,Cloudy,481,45.4,Low
2025-01-27,9,45,0,0,ISBT,Fog,1050,29.7,High
2025-02-21,10,0,4,0,Prem Nagar,Cloudy,509,48.4,Low
2025-07-28,21,45,0,0,Dharampur Chowk,Cloudy,712,41.8,Medium
2025-05-28,16,30,2,0,Dharampur Chowk,Clear,639,45.2,Low
2025-02-15,13,0,5,1,Rajpur Road,Fog,606,40.4,Low
2025-04-01,7,45,1,0,Ballupur Chowk,Cloudy,575,47.9,Low
2025-05-29,7,0,3,0,ISBT,Clear,720,46.2,Medium
2025-06-21,15,45,5,1,Dharampur Chowk,Fog,404,48.6,Low
2025-03-10,22,45,0,0,ISBT,Cloudy,691,43.5,Medium
2025-02-27,16,15,3,0,Dharampur Chowk,Fog,398,39.6,Low
2025-11-28,14,15,4,0,Clock Tower,Rain,857,41.3,Medium
2025-06-01,12,15,6,1,Prem Nagar,Fog,445,38.9,Low
2025-08-07,22,30,3,0,Clock Tower,Fog,459,41.9,Low
2025-12-09,9,15,1,0,Rajpur Road,Fog,891,36.2,Medium
2025-06-15,13,0,6,1,ISBT,Fog,753,31.7,Medium
2025-05-01,20,30,3,0,ISBT,Rain,759,44.5,Medium
2025-10-26,6,30,6,1,Dharampur Chowk,Rain,379,43.4,Low
2025-12-21,13,0,6,1,Dharampur Chowk,Clear,753,45.2,Medium
2025-08-27,15,15,2,0,Ballupur Chowk,Rain,623,47.1,Low
2025-12-20,9,30,5,1,ISBT,Cloudy,1247,34.8,High
2025-04-23,10,45,2,0,Rajpur Road,Fog,357,39.7,Low
2025-11-07,17,45,4,0,Dharampur Chowk,Fog,954,38.8,Medium
2025-10-03,12,15,4,0,Dharampur Chowk,Clear,519,48.3,Low
2025-09-27,20,30,5,1,Clock Tower,Clear,558,50.6,Low
2025-02-01,22,15,5,1,Prem Nagar,Cloudy,637,44.3,Low
2025-03-26,16,45,2,0,Clock Tower,Cloudy,651,48.8,Medium
2025-10-26,21,0,6,1,Prem Nagar,Fog,386,47.0,Low
2025-01-29,20,15,2,0,Prem Nagar,Fog,436,39.7,Low
2025-08-22,7,45,4,0,Dharampur Chowk,Rain,551,45.5,Low
2025-01-12,18,30,6,1,Clock Tower,Cloudy,1318,37.7,High
2025-10-24,8,0,4,0,Ballupur Chowk,Rain,1226,36.0,High
2025-12-25,8,0,3,0,Clock Tower,Fog,1163,32.3,High
2025-01-17,15,45,4,0,Rajpur Road,Cloudy,600,46.9,Low
2025-11-25,19,30,1,0,Ballupur Chowk,Fog,1178,27.7,High
2025-07-13,18,0,6,1,Dharampur Chowk,Cloudy,1096,38.2,High
2025-12-01,17,0,0,0,Rajpur Road,Fog,1000,36.5,Medium
2025-09-28,10,15,6,1,Clock Tower,Clear,574,46.9,Low
2025-06-02,20,45,0,0,Prem Nagar,Fog,281,45.2,Low
2025-04-28,13,45,0,0,ISBT,Cloudy,1189,44.5,High
2025-05-22,12,0,3,0,Clock Tower,Fog,501,40.5,Low
2025-11-11,6,15,1,0,Rajpur Road,Clear,604,51.1,Low
2025-02-21,7,45,4,0,Prem Nagar,Clear,479,49.0,Low
2025-05-06,7,45,1,0,Ballupur Chowk,Cloudy,714,45.4,Medium
2025-10-04,12,0,5,1,Rajpur Road,Rain,411,44.7,Low
2025-04-30,16,30,2,0,Rajpur Road,Rain,612,38.2,Low
2025-03-15,22,15,5,1,Ballupur Chowk,Rain,495,40.8,Low
2025-05-21,7,15,2,0,Dharampur Chowk,Fog,544,34.7,Medium
2025-10-12,21,0,6,1,ISBT,Fog,435,41.9,Low
2025-09-26,16,45,4,0,Ballupur Chowk,Cloudy,790,43.5,Medium
2025-06-03,18,15,1,0,Prem Nagar,Fog,787,41.4,Medium
2025-05-04,13,30,6,1,Dharampur Chowk,Cloudy,651,39.1,Medium
2025-08-26,7,45,1,0,Ballupur Chowk,Cloudy,700,43.5,Medium
2025-07-18,13,30,4,0,Rajpur Road,Rain,725,41.8,Medium
2025-11-28,8,45,4,0,ISBT,Clear,1433,32.8,High
2025-10-02,12,0,3,0,ISBT,Fog,463,43.0,Low
2025-12-11,7,0,3,0,Rajpur Road,Cloudy,666,45.2,Medium
2025-09-03,12,30,2,0,ISBT,Clear,854,39.6,Medium
2025-04-19,12,0,5,1,Dharampur Chowk,Fog,259,41.2,Low
2025-05-05,12,45,0,0,Rajpur Road,Rain,522,43.3,Low
2025-05-25,18,45,6,1,Prem Nagar,Rain,776,40.0,Medium
2025-06-07,14,30,5,1,Prem Nagar,Fog,408,45.5,Low
2025-08-27,9,45,2,0,ISBT,Cloudy,1477,37.3,High
2025-07-09,16,45,2,0,Clock Tower,Cloudy,718,46.1,Medium
2025-03-16,6,30,6,1,Prem Nagar,Fog,377,43.0,Low
2025-06-01,10,15,6,1,ISBT,Cloudy,682,49.2,Medium
2025-07-14,13,45,0,0,Prem Nagar,Rain,688,42.3,Medium
2025-05-12,21,45,0,0,Ballupur Chowk,Cloudy,658,49.9,Medium
2025-06-30,11,15,0,0,Dharampur Chowk,Fog,394,46.8,Low
2025-04-05,7,0,5,1,Clock Tower,Clear,556,42.8,Low
2025-01-04,19,15,5,1,Dharampur Chowk,Cloudy,1077,37.6,High
2025-02-04,10,0,1,0,Rajpur Road,Fog,535,37.4,Low
2025-07-11,7,45,4,0,Dharampur Chowk,Fog,412,35.4,Low
2025-01-09,6,45,3,0,Clock Tower,Clear,621,38.9,Low
2025-09-29,14,30,0,0,Clock Tower,Fog,680,39.6,Medium
2025-04-02,9,0,2,0,Prem Nagar,Cloudy,1086,40.8,High
2025-05-04,12,30,6,1,ISBT,Rain,463,43.2,Low
2025-07-23,8,30,2,0,Ballupur Chowk,Fog,1013,29.1,Medium
2025-10-17,13,15,4,0,ISBT,Clear,1204,40.4,High
2025-12-01,7,0,0,0,Ballupur Chowk,Fog,489,40.1,Low
2025-07-13,21,0,6,1,Dharampur Chowk,Clear,493,41.8,Low
2025-12-26,11,0,4,0,Ballupur Chowk,Fog,487,38.0,Low
2025-11-27,16,0,3,0,Prem Nagar,Clear,407,48.3,Low
2025-04-28,12,45,0,0,ISBT,Clear,850,44.8,Medium
2025-02-08,14,0,5,1,Rajpur Road,Rain,640,42.6,Low
2025-01-09,12,15,3,0,Dharampur Chowk,Fog,560,41.8,Low
2025-02-09,15,15,6,1,Prem Nagar,Cloudy,439,46.8,Low
2025-10-18,18,30,5,1,Ballupur Chowk,Cloudy,1262,38.2,High
2025-12-19,8,30,4,0,Clock Tower,Clear,1387,37.1,High
2025-08-12,13,0,1,0,ISBT,Fog,951,31.8,Medium
2025-06-17,6,30,1,0,Ballupur Chowk,Fog,612,38.8,Low
2025-04-27,17,45,6,1,Ballupur Chowk,Cloudy,1372,33.3,High
2025-12-15,18,0,0,0,Prem Nagar,Rain,1074,35.3,High
2025-05-07,8,0,2,0,ISBT,Cloudy,1432,33.1,High
2025-07-14,10,45,0,0,ISBT,Rain,610,42.6,Low
2025-02-24,8,0,0,0,ISBT,Fog,1172,28.5,High
2025-07-04,14,0,4,0,Rajpur Road,Clear,895,48.6,Medium
2025-04-06,19,45,6,1,Prem Nagar,Fog,845,36.2,Medium
2025-02-22,6,0,5,1,ISBT,Clear,603,46.7,Low
2025-11-02,16,45,6,1,Clock Tower,Rain,552,39.0,Low
2025-07-31,18,0,3,0,Dharampur Chowk,Cloudy,1235,32.4,High
2025-10-20,22,15,0,0,Dharampur Chowk,Fog,480,42.1,Low
2025-03-28,10,30,4,0,ISBT,Rain,597,46.2,Low
2025-09-10,10,0,2,0,Rajpur Road,Fog,369,37.3,Low
2025-05-22,19,30,3,0,Ballupur Chowk,Clear,1369,38.6,High
2025-07-04,14,15,4,0,Dharampur Chowk,Fog,822,33.9,Medium
2025-11-01,12,45,5,1,Clock Tower,Cloudy,673,45.3,Medium
2025-06-05,6,45,3,0,ISBT,Fog,551,41.8,Low
2025-06-18,20,30,2,0,Ballupur Chowk,Cloudy,717,40.0,Medium
2025-06-03,16,15,1,0,Ballupur Chowk,Rain,688,44.3,Medium
2025-04-01,18,30,1,0,ISBT,Fog,1156,31.7,High
2025-10-22,13,30,2,0,Ballupur Chowk,Rain,914,37.7,Medium
2025-07-21,17,0,0,0,Prem Nagar,Cloudy,1047,38.0,Medium
2025-10-31,11,0,4,0,Dharampur Chowk,Fog,446,44.1,Low
2025-12-29,12,45,0,0,ISBT,Clear,750,43.2,Medium
2025-07-29,21,15,1,0,Dharampur Chowk,Rain,566,33.4,Medium
2025-05-04,14,15,6,1,Dharampur Chowk,Fog,676,32.1,Medium
2025-07-13,8,45,6,1,Prem Nagar,Fog,634,34.6,Medium
2025-10-26,18,45,6,1,Prem Nagar,Clear,780,47.3,Medium
2025-07-04,8,0,4,0,Rajpur Road,Rain,1015,36.5,Medium
2025-03-27,7,45,3,0,ISBT,Fog,561,40.4,Low
2025-02-24,6,0,0,0,ISBT,Cloudy,748,40.5,Medium
2025-09-19,22,15,4,0,Ballupur Chowk,Rain,650,39.2,Medium
2025-07-20,20,15,6,1,ISBT,Clear,476,46.9,Low
2025-09-05,9,30,4,0,Ballupur Chowk,Clear,1387,37.7,High
2025-03-01,10,30,5,1,ISBT,Rain,512,41.6,Low
2025-08-22,12,45,4,0,ISBT,Fog,539,45.5,Low
2025-02-19,20,45,2,0,ISBT,Clear,737,45.8,Medium
2025-06-03,7,0,1,0,Clock Tower,Rain,674,41.1,Medium
2025-11-28,9,15,4,0,Dharampur Chowk,Cloudy,1156,37.9,High
2025-09-22,11,15,0,0,ISBT,Fog,559,38.9,Low
2025-08-25,13,45,0,0,Dharampur Chowk,Cloudy,960,41.4,Medium
2025-04-06,19,45,6,1,Clock Tower,Cloudy,1311,36.0,High
2025-08-19,19,45,1,0,Clock Tower,Cloudy,1480,27.9,High
2025-04-16,14,0,2,0,Prem Nagar,Clear,820,44.3,Medium
2025-10-02,11,30,3,0,ISBT,Cloudy,822,34.6,Medium
2025-08-23,9,30,5,1,Dharampur Chowk,Fog,929,33.3,Medium
2025-09-28,16,45,6,1,Prem Nagar,Fog,420,37.9,Low
2025-10-28,9,30,1,0,ISBT,Fog,1180,27.0,High
2025-11-13,11,30,3,0,Prem Nagar,Clear,437,54.5,Low
2025-12-11,10,30,3,0,Clock Tower,Cloudy,675,46.0,Medium
2025-06-06,9,15,4,0,ISBT,Cloudy,1554,34.3,High
2025-09-19,18,45,4,0,Prem Nagar,Cloudy,1104,40.3,High
2025-10-22,18,45,2,0,Rajpur Road,Fog,1190,29.8,High
2025-11-22,11,15,5,1,Ballupur Chowk,Rain,500,46.0,Low
2025-03-13,11,30,3,0,Ballupur Chowk,Clear,722,48.2,Medium
2025-07-03,6,45,3,0,Rajpur Road,Cloudy,665,42.1,Medium
2025-07-16,22,45,2,0,Ballupur Chowk,Fog,637,34.5,Medium
2025-08-01,20,45,4,0,Rajpur Road,Clear,609,44.0,Low
2025-10-17,6,15,4,0,ISBT,Clear,701,46.0,Medium
2025-05-21,13,30,2,0,Rajpur Road,Fog,743,37.7,Medium
2025-10-17,21,0,4,0,Prem Nagar,Clear,616,47.6,Low
2025-05-18,17,0,6,1,Dharampur Chowk,Fog,793,38.6,Medium
2025-10-07,12,45,1,0,Clock Tower,Cloudy,786,40.1,Medium
2025-06-02,7,45,0,0,ISBT,Rain,683,42.3,Medium
2025-02-14,20,0,4,0,Rajpur Road,Cloudy,590,50.7,Low
2025-10-29,17,45,2,0,Rajpur Road,Cloudy,1298,36.8,High
2025-04-16,12,0,2,0,Prem Nagar,Rain,424,44.0,Low
2025-09-30,14,15,1,0,ISBT,Rain,887,33.0,Medium
2025-05-29,14,0,3,0,Rajpur Road,Fog,845,32.4,Medium
2025-01-31,14,15,4,0,Dharampur Chowk,Cloudy,823,36.8,Medium
2025-05-08,10,30,3,0,Rajpur Road,Fog,416,37.1,Low
2025-09-08,10,30,0,0,Dharampur Chowk,Fog,579,41.8,Low
2025-07-12,20,0,5,1,Dharampur Chowk,Clear,421,55.7,Low
2025-07-26,22,30,5,1,Dharampur Chowk,Rain,507,41.8,Low
2025-08-21,21,30,3,0,Prem Nagar,Clear,287,57.8,Low
2025-02-17,20,30,0,0,Clock Tower,Fog,415,36.1,Low
2025-04-22,19,15,1,0,Ballupur Chowk,Rain,1298,38.8,High
2025-06-15,15,30,6,1,Prem Nagar,Cloudy,545,48.9,Low
2025-10-17,21,30,4,0,Dharampur Chowk,Clear,608,48.9,Low
2025-01-24,9,45,4,0,Clock Tower,Clear,1376,36.2,High
2025-03-22,20,45,5,1,Clock Tower,Fog,455,40.3,Low
2025-04-14,10,30,0,0,Rajpur Road,Rain,466,42.5,Low
2025-02-17,17,30,0,0,Clock Tower,Rain,1128,33.6,High
2025-12-07,11,0,6,1,Ballupur Chowk,Rain,405,40.9,Low
2025-12-25,13,45,3,0,Dharampur Chowk,Clear,874,46.7,Medium
2025-12-27,9,0,5,1,Rajpur Road,Fog,869,29.9,Medium
2025-02-09,10,15,6,1,Prem Nagar,Fog,252,46.2,Low
2025-01-05,6,30,6,1,Clock Tower,Fog,368,41.1,Low
2025-12-22,10,45,0,0,Clock Tower,Cloudy,735,41.6,Medium
2025-07-16,8,0,2,0,Clock Tower,Rain,1193,29.0,High
2025-07-08,15,15,1,0,Ballupur Chowk,Cloudy,617,47.1,Low
2025-11-25,10,0,1,0,Prem Nagar,Clear,360,51.2,Low
2025-11-09,11,45,6,1,ISBT,Cloudy,629,47.7,Low
2025-11-18,10,45,1,0,Prem Nagar,Fog,407,45.3,Low
2025-04-22,8,0,1,0,Rajpur Road,Clear,1180,36.9,High
2025-10-29,18,30,2,0,Ballupur Chowk,Rain,1226,34.1,High
2025-03-13,13,30,3,0,Dharampur Chowk,Clear,863,42.8,Medium
2025-05-08,15,0,3,0,Dharampur Chowk,Rain,448,41.6,Low
2025-04-16,22,15,2,0,Dharampur Chowk,Fog,336,47.4,Low
2025-06-01,7,15,6,1,Ballupur Chowk,Fog,331,40.2,Low
2025-02-27,13,45,3,0,Dharampur Chowk,Clear,802,46.2,Medium
2025-09-28,6,30,6,1,ISBT,Cloudy,607,50.1,Low
2025-07-18,19,30,4,0,Prem Nagar,Cloudy,1038,41.0,Medium
2025-08-30,8,0,5,1,Prem Nagar,Clear,761,50.6,Medium
2025-01-08,14,15,2,0,Clock Tower,Clear,914,42.9,Medium
2025-07-23,22,30,2,0,Dharampur Chowk,Fog,499,41.1,Low
2025-08-05,18,0,1,0,Dharampur Chowk,Cloudy,1240,36.9,High
2025-05-23,8,30,4,0,Clock Tower,Cloudy,1385,34.8,High
2025-03-21,16,45,4,0,Prem Nagar,Clear,564,53.6,Low
2025-06-08,19,15,6,1,Clock Tower,Cloudy,1208,33.6,High
2025-02-14,19,0,4,0,Ballupur Chowk,Clear,1344,43.5,High
2025-06-08,11,0,6,1,Clock Tower,Cloudy,523,52.4,Low
2025-12-26,6,15,4,0,Ballupur Chowk,Rain,704,38.3,Medium
2025-09-25,22,30,3,0,Rajpur Road,Rain,572,46.7,Low
2025-03-06,14,0,3,0,Clock Tower,Rain,877,36.9,Medium
2025-08-08,14,0,4,0,ISBT,Clear,1037,37.1,Medium
2025-09-12,20,30,4,0,Clock Tower,Fog,474,36.6,Low
2025-10-18,11,30,5,1,Rajpur Road,Rain,450,41.3,Low
2025-02-22,9,15,5,1,Dharampur Chowk,Clear,971,36.5,Medium
2025-01-23,6,15,3,0,Clock Tower,Fog,552,41.6,Low
2025-07-06,18,15,6,1,Rajpur Road,Clear,901,43.3,Medium
2025-10-11,19,15,5,1,ISBT,Cloudy,1444,30.7,High
2025-08-02,16,30,5,1,Clock Tower,Rain,637,42.2,Low
2025-03-03,22,0,0,0,Rajpur Road,Cloudy,557,46.9,Low
2025-09-22,7,45,0,0,Clock Tower,Fog,571,39.1,Low
2025-05-25,15,30,6,1,Clock Tower,Fog,490,37.2,Low
2025-01-05,17,15,6,1,ISBT,Rain,1167,29.1,High
2025-11-15,13,45,5,1,ISBT,Fog,728,33.9,Medium
2025-04-11,13,15,4,0,Clock Tower,Fog,748,40.0,Medium
2025-01-13,13,30,0,0,Dharampur Chowk,Clear,946,43.3,Medium
2025-06-21,6,45,5,1,Dharampur Chowk,Rain,341,44.2,Low
2025-02-23,12,15,6,1,Ballupur Chowk,Fog,527,39.9,Low
2025-01-31,10,30,4,0,Clock Tower,Clear,843,44.1,Medium
2025-04-29,22,45,1,0,Dharampur Chowk,Rain,519,41.7,Low
2025-08-23,8,0,5,1,Prem Nagar,Cloudy,880,42.0,Medium
2025-11-23,18,0,6,1,Prem Nagar,Clear,940,44.4,Medium
2025-08-11,10,15,0,0,ISBT,Rain,573,37.8,Low
2025-06-11,18,30,2,0,ISBT,Fog,1059,33.4,High
2025-05-20,13,0,1,0,Rajpur Road,Cloudy,853,36.4,Medium
2025-10-27,9,15,0,0,Clock Tower,Cloudy,1413,42.3,High
2025-08-19,20,30,1,0,Ballupur Chowk,Clear,633,48.5,Low
2025-10-02,17,15,3,0,Ballupur Chowk,Rain,1223,32.2,High
2025-08-26,14,0,1,0,Clock Tower,Cloudy,1133,37.9,High
2025-12-18,15,0,3,0,Rajpur Road,Rain,547,43.2,Low
2025-03-17,8,15,0,0,ISBT,Fog,1077,34.6,High
2025-09-20,7,30,5,1,ISBT,Cloudy,616,43.9,Low
2025-01-16,18,45,3,0,Prem Nagar,Cloudy,1134,36.1,High
2025-02-18,20,0,1,0,Rajpur Road,Clear,587,46.6,Low
2025-01-07,7,15,1,0,Rajpur Road,Cloudy,701,46.4,Medium
2025-07-25,17,0,4,0,Prem Nagar,Rain,933,39.1,Medium
2025-02-08,6,0,5,1,Rajpur Road,Fog,509,41.4,Low
2025-03-07,8,30,4,0,Clock Tower,Clear,1317,32.3,High
2025-08-25,7,15,0,0,Prem Nagar,Fog,304,41.7,Low
2025-07-22,21,0,1,0,Ballupur Chowk,Fog,458,39.9,Low
2025-03-30,17,15,6,1,Rajpur Road,Rain,959,37.9,Medium
2025-05-24,20,15,5,1,Clock Tower,Cloudy,581,48.2,Low
2025-11-28,15,45,4,0,Ballupur Chowk,Fog,512,33.8,Medium
2025-02-01,8,30,5,1,Ballupur Chowk,Cloudy,1056,39.5,High
2025-08-03,12,15,6,1,Dharampur Chowk,Clear,379,51.4,Low
2025-07-15,17,45,1,0,Prem Nagar,Fog,954,37.0,Medium
2025-06-26,22,30,3,0,Ballupur Chowk,Rain,553,46.6,Low
2025-04-03,6,30,3,0,Prem Nagar,Cloudy,523,46.5,Low
2025-01-16,14,0,3,0,Ballupur Chowk,Rain,825,37.3,Medium
2025-10-27,13,15,0,0,Clock Tower,Cloudy,1028,40.8,Medium
2025-12-03,13,30,2,0,Prem Nagar,Clear,760,44.2,Medium
2025-04-23,18,30,2,0,Rajpur Road,Cloudy,1345,39.4,High
2025-05-02,16,30,4,0,Prem Nagar,Clear,563,42.5,Low
2025-12-27,17,15,5,1,Prem Nagar,Cloudy,723,47.5,Medium
2025-09-10,15,15,2,0,Ballupur Chowk,Clear,524,46.8,Low
2025-02-16,7,15,6,1,Prem Nagar,Cloudy,341,44.7,Low
2025-01-11,22,45,5,1,Clock Tower,Rain,546,44.5,Low
2025-11-11,12,15,1,0,ISBT,Cloudy,696,37.3,Medium
2025-06-15,7,0,6,1,Rajpur Road,Cloudy,478,49.3,Low
2025-02-26,22,30,2,0,Clock Tower,Rain,473,43.8,Low
2025-12-27,18,0,5,1,ISBT,Rain,1152,35.3,High
2025-06-15,10,15,6,1,Dharampur Chowk,Fog,390,38.5,Low
2025-11-24,21,30,0,0,Rajpur Road,Rain,622,40.6,Low
2025-04-25,11,45,4,0,ISBT,Rain,634,38.1,Low
2025-03-07,11,0,4,0,Dharampur Chowk,Fog,413,38.4,Low
2025-10-18,7,15,5,1,Prem Nagar,Rain,359,50.0,Low
2025-11-10,13,0,0,0,Ballupur Chowk,Cloudy,910,37.2,Medium
2025-06-19,8,15,3,0,ISBT,Rain,1390,29.5,High
2025-03-27,8,30,3,0,Ballupur Chowk,Clear,1213,40.8,High
2025-05-16,12,15,4,0,Dharampur Chowk,Clear,512,53.2,Low
2025-06-29,14,0,6,1,Dharampur Chowk,Clear,784,42.3,Medium
2025-01-25,18,45,5,1,Dharampur Chowk,Fog,985,31.1,Medium
2025-03-27,19,45,3,0,Ballupur Chowk,Rain,1276,32.7,High
2025-10-07,18,0,1,0,Ballupur Chowk,Cloudy,1523,37.9,High
2025-03-25,20,0,1,0,Clock Tower,Rain,594,39.3,Low
2025-01-11,16,30,5,1,Clock Tower,Clear,596,44.5,Low
2025-06-25,11,45,2,0,Rajpur Road,Clear,746,44.8,Medium
2025-10-08,8,30,2,0,Prem Nagar,Fog,750,36.8,Medium
2025-12-27,6,45,5,1,Dharampur Chowk,Cloudy,392,46.5,Low
2025-11-07,19,15,4,0,Clock Tower,Clear,1500,31.6,High
2025-06-19,12,15,3,0,Ballupur Chowk,Rain,486,44.7,Low
2025-12-05,15,30,4,0,Rajpur Road,Clear,679,47.5,Medium
2025-01-26,18,45,6,1,Rajpur Road,Clear,1140,36.4,High
2025-07-04,6,45,4,0,Clock Tower,Rain,478,47.7,Low
2025-12-05,21,15,4,0,Clock Tower,Clear,632,45.2,Low
2025-04-16,11,30,2,0,Clock Tower,Fog,632,39.6,Low
2025-03-01,15,45,5,1,Ballupur Chowk,Fog,467,46.8,Low
2025-12-05,14,0,4,0,Dharampur Chowk,Fog,636,40.7,Low
2025-04-05,17,45,5,1,ISBT,Cloudy,1350,36.5,High
2025-08-17,7,30,6,1,Ballupur Chowk,Fog,553,40.6,Low
2025-05-15,13,30,3,0,Prem Nagar,Clear,790,46.9,Medium
2025-03-19,9,0,2,0,Dharampur Chowk,Rain,979,33.5,Medium
2025-10-05,19,15,6,1,Prem Nagar,Clear,800,37.7,Medium
2025-07-18,22,45,4,0,Prem Nagar,Fog,554,35.8,Low
2025-10-21,13,45,1,0,ISBT,Clear,1066,38.9,High
2025-07-22,7,15,1,0,Clock Tower,Fog,551,41.6,Low
2025-03-30,11,15,6,1,Rajpur Road,Cloudy,590,44.8,Low
2025-01-22,19,0,2,0,Dharampur Chowk,Fog,943,34.4,Medium
2025-04-14,10,30,0,0,ISBT,Clear,686,50.0,Medium
2025-02-14,18,45,4,0,Prem Nagar,Rain,975,38.3,Medium
2025-05-22,22,45,3,0,Clock Tower,Fog,579,42.2,Low
2025-02-27,19,15,3,0,Rajpur Road,Clear,1262,33.1,High
2025-02-24,9,30,0,0,Prem Nagar,Rain,909,35.1,Medium
2025-07-30,14,45,2,0,Dharampur Chowk,Fog,645,39.5,Low
2025-10-20,21,0,0,0,Rajpur Road,Rain,625,41.1,Low
2025-07-26,10,45,5,1,Clock Tower,Fog,472,45.4,Low
2025-06-19,13,0,3,0,Dharampur Chowk,Fog,706,44.7,Medium
2025-05-18,17,0,6,1,ISBT,Rain,1198,27.6,High
2025-06-09,14,45,0,0,Dharampur Chowk,Clear,919,43.0,Medium
2025-04-27,10,30,6,1,Dharampur Chowk,Fog,484,42.1,Low
2025-06-14,14,45,5,1,Prem Nagar,Clear,624,42.4,Low
2025-04-07,20,15,0,0,Ballupur Chowk,Fog,490,37.4,Low
2025-09-22,17,0,0,0,Prem Nagar,Cloudy,1045,41.8,Medium
2025-02-03,15,45,0,0,Rajpur Road,Clear,718,45.9,Medium
2025-03-30,12,15,6,1,Clock Tower,Cloudy,491,49.3,Low
2025-01-17,20,0,4,0,ISBT,Cloudy,837,41.2,Medium
2025-05-21,17,45,2,0,Prem Nagar,Fog,821,35.3,Medium
2025-11-22,9,0,5,1,Rajpur Road,Rain,832,40.1,Medium
2025-09-08,20,15,0,0,Ballupur Chowk,Rain,560,43.3,Low
2025-06-26,11,30,3,0,Dharampur Chowk,Clear,489,46.7,Low
2025-05-26,6,45,0,0,Clock Tower,Cloudy,748,43.2,Medium
2025-10-20,12,15,0,0,Dharampur Chowk,Cloudy,726,43.4,Medium
2025-12-13,12,30,5,1,Dharampur Chowk,Fog,399,44.1,Low
2025-09-20,6,0,5,1,Ballupur Chowk,Cloudy,452,43.3,Low
2025-11-28,11,0,4,0,Rajpur Road,Rain,404,48.0,Low
2025-11-08,15,30,5,1,Ballupur Chowk,Fog,386,49.2,Low
2025-06-28,20,30,5,1,Rajpur Road,Fog,352,42.5,Low
2025-06-04,22,45,2,0,Prem Nagar,Clear,610,52.3,Low
2025-01-04,22,30,5,1,Prem Nagar,Rain,537,46.0,Low
2025-06-02,9,45,0,0,Clock Tower,Rain,1266,33.7,High
2025-05-22,16,30,3,0,ISBT,Rain,698,38.4,Medium
2025-04-07,10,15,0,0,Clock Tower,Fog,461,40.4,Low
2025-12-05,16,15,4,0,Dharampur Chowk,Clear,547,45.8,Low
2025-12-02,21,30,1,0,ISBT,Fog,621,41.0,Low
2025-07-27,18,0,6,1,Prem Nagar,Cloudy,935,46.1,Medium
2025-06-25,13,45,2,0,Dharampur Chowk,Rain,682,39.7,Medium
2025-09-17,15,15,2,0,Dharampur Chowk,Cloudy,531,41.8,Low
2025-05-31,9,45,5,1,Rajpur Road,Rain,888,36.9,Medium
2025-10-14,11,30,1,0,Dharampur Chowk,Clear,681,47.2,Medium
2025-04-24,17,15,3,0,Dharampur Chowk,Rain,994,41.4,Medium
2025-08-04,16,30,0,0,ISBT,Rain,733,41.3,Medium
2025-08-26,9,45,1,0,Clock Tower,Clear,1298,33.6,High
2025-08-30,12,0,5,1,Dharampur Chowk,Fog,351,45.3,Low
2025-09-29,15,45,0,0,Clock Tower,Cloudy,841,47.6,Medium
2025-03-12,12,30,2,0,Ballupur Chowk,Fog,467,37.0,Low
2025-03-15,16,15,5,1,Clock Tower,Fog,458,35.2,Low
2025-06-20,11,30,4,0,Dharampur Chowk,Clear,586,46.2,Low
2025-01-03,20,30,4,0,Rajpur Road,Cloudy,576,42.0,Low
2025-10-23,11,45,3,0,Clock Tower,Cloudy,732,42.9,Medium
2025-11-11,19,45,1,0,Ballupur Chowk,Fog,988,24.3,Medium
2025-09-02,18,0,1,0,Clock Tower,Cloudy,1471,39.3,High
2025-07-11,6,30,4,0,Prem Nagar,Cloudy,644,44.4,Low
2025-01-10,6,15,4,0,Rajpur Road,Rain,478,44.6,Low
2025-06-09,10,0,0,0,Ballupur Chowk,Rain,490,43.9,Low
2025-03-27,8,0,3,0,ISBT,Rain,1333,34.6,High
2025-08-22,22,30,4,0,Ballupur Chowk,Cloudy,657,45.0,Medium
2025-06-25,21,30,2,0,Rajpur Road,Cloudy,544,44.7,Low
2025-07-26,6,15,5,1,Rajpur Road,Cloudy,503,48.9,Low
2025-04-19,6,15,5,1,Clock Tower,Rain,576,39.4,Low
2025-12-31,7,45,2,0,Dharampur Chowk,Rain,623,40.3,Low
2025-10-01,7,0,2,0,Dharampur Chowk,Clear,558,44.8,Low
2025-12-01,6,0,0,0,Dharampur Chowk,Clear,366,52.4,Low
2025-08-02,20,45,5,1,Clock Tower,Rain,562,41.1,Low
2025-08-31,10,15,6,1,Dharampur Chowk,Clear,481,49.7,Low
2025-06-04,19,0,2,0,Dharampur Chowk,Rain,951,34.8,Medium
2025-11-15,10,45,5,1,Clock Tower,Clear,622,42.4,Low
2025-05-25,9,0,6,1,Ballupur Chowk,Cloudy,1154,34.4,High
2025-11-08,12,30,5,1,Prem Nagar,Cloudy,472,48.2,Low
2025-07-03,19,30,3,0,Rajpur Road,Clear,1118,42.5,High
2025-10-08,21,15,2,0,Dharampur Chowk,Fog,389,39.0,Low
2025-06-19,13,0,3,0,Clock Tower,Clear,1025,43.8,Medium
2025-02-26,21,15,2,0,Clock Tower,Clear,576,47.0,Low
2025-02-21,14,15,4,0,Ballupur Chowk,Rain,908,39.1,Medium
2025-05-16,20,0,4,0,Clock Tower,Cloudy,705,43.8,Medium
2025-01-21,15,30,1,0,Dharampur Chowk,Rain,438,44.0,Low
2025-08-07,9,0,3,0,Clock Tower,Clear,1230,28.7,High
2025-03-12,11,30,2,0,ISBT,Fog,600,41.1,Low
2025-11-15,14,0,5,1,ISBT,Rain,640,37.8,Low
2025-04-04,9,45,4,0,Ballupur Chowk,Fog,1063,38.0,High
2025-05-20,18,45,1,0,Ballupur Chowk,Cloudy,1421,32.5,High
2025-02-27,10,0,3,0,Rajpur Road,Clear,570,51.0,Low
2025-08-02,21,45,5,1,Rajpur Road,Fog,346,39.7,Low
2025-07-03,6,15,3,0,Ballupur Chowk,Fog,468,37.5,Low
2025-02-27,19,45,3,0,Clock Tower,Clear,1413,39.7,High
2025-05-14,16,0,2,0,Dharampur Chowk,Cloudy,614,45.5,Low
2025-12-09,16,0,1,0,Ballupur Chowk,Cloudy,642,41.1,Low
2025-09-04,17,45,3,0,Rajpur Road,Clear,1318,35.9,High
2025-01-06,11,45,0,0,Ballupur Chowk,Cloudy,650,55.3,Medium
2025-02-08,21,30,5,1,Rajpur Road,Rain,471,41.0,Low
2025-05-23,7,15,4,0,Prem Nagar,Fog,355,45.4,Low
2025-07-26,13,0,5,1,Ballupur Chowk,Fog,669,33.1,Medium
2025-10-21,20,0,1,0,Ballupur Chowk,Fog,580,36.7,Low
2025-06-11,9,45,2,0,Dharampur Chowk,Clear,1271,40.1,High
2025-02-22,18,45,5,1,Clock Tower,Clear,1157,42.3,High
2025-02-16,15,15,6,1,Dharampur Chowk,Fog,386,44.0,Low
2025-06-24,17,0,1,0,Rajpur Road,Fog,1037,29.6,Medium
2025-06-19,21,30,3,0,Dharampur Chowk,Fog,397,44.4,Low
2025-02-28,9,15,4,0,Clock Tower,Rain,1157,32.3,High
2025-07-01,15,30,1,0,Dharampur Chowk,Clear,484,49.4,Low
2025-01-24,11,45,4,0,Rajpur Road,Fog,633,34.8,Medium
2025-02-24,14,15,0,0,Rajpur Road,Clear,898,46.4,Medium
2025-07-21,12,45,0,0,Rajpur Road,Rain,520,43.9,Low
2025-02-25,19,0,1,0,Dharampur Chowk,Clear,1111,40.4,High
2025-08-19,20,15,1,0,Ballupur Chowk,Clear,618,49.1,Low
2025-09-29,7,45,0,0,Prem Nagar,Fog,484,47.9,Low
2025-09-18,11,15,3,0,Dharampur Chowk,Cloudy,635,46.9,Low
2025-02-23,18,30,6,1,Prem Nagar,Fog,722,35.6,Medium
2025-08-03,13,30,6,1,Ballupur Chowk,Rain,770,38.1,Medium
2025-05-31,20,15,5,1,Rajpur Road,Fog,411,45.1,Low
2025-11-05,22,30,2,0,Dharampur Chowk,Rain,424,47.4,Low
2025-12-31,12,15,2,0,Rajpur Road,Rain,631,40.6,Low
2025-12-18,17,15,3,0,Dharampur Chowk,Cloudy,1086,37.7,High
2025-09-15,16,0,0,0,ISBT,Fog,669,37.4,Medium
2025-10-26,19,30,6,1,Ballupur Chowk,Clear,1069,38.2,High
2025-09-25,9,0,3,0,Ballupur Chowk,Cloudy,1398,36.7,High
2025-01-28,7,15,1,0,ISBT,Cloudy,723,43.6,Medium
2025-05-27,14,15,1,0,Clock Tower,Rain,876,34.7,Medium
2025-04-15,7,30,1,0,Ballupur Chowk,Clear,762,43.1,Medium
2025-11-12,13,45,2,0,Rajpur Road,Rain,904,41.6,Medium
2025-12-21,7,45,6,1,Ballupur Chowk,Fog,510,38.4,Low
2025-12-17,16,0,2,0,Clock Tower,Rain,624,41.0,Low
2025-04-14,20,15,0,0,Dharampur Chowk,Rain,432,44.8,Low
2025-10-29,12,15,2,0,ISBT,Fog,471,43.8,Low
2025-04-01,8,15,1,0,Rajpur Road,Clear,1132,39.4,High
2025-07-13,7,45,6,1,ISBT,Rain,563,41.2,Low
2025-03-08,11,30,5,1,Clock Tower,Rain,550,40.7,Low
2025-08-27,10,0,2,0,Rajpur Road,Rain,596,37.4,Low
2025-11-02,7,30,6,1,Ballupur Chowk,Rain,494,48.8,Low
2025-02-07,16,15,4,0,Rajpur Road,Clear,504,45.8,Low
2025-09-16,11,45,1,0,Prem Nagar,Fog,431,41.4,Low
2025-02-17,17,15,0,0,Rajpur Road,Rain,1151,35.0,High
2025-06-19,17,30,3,0,Rajpur Road,Fog,1049,35.3,Medium
2025-10-15,6,0,2,0,Dharampur Chowk,Rain,537,41.6,Low
2025-08-17,13,15,6,1,Clock Tower,Rain,825,43.9,Medium
2025-07-15,9,45,1,0,ISBT,Rain,1261,29.1,High
2025-01-13,22,30,0,0,Prem Nagar,Fog,478,39.8,Low
2025-09-07,7,30,6,1,Dharampur Chowk,Cloudy,326,52.9,Low
2025-06-14,22,0,5,1,Clock Tower,Cloudy,544,47.0,Low
2025-10-03,6,0,4,0,Rajpur Road,Cloudy,640,46.4,Low
2025-12-17,19,0,2,0,Rajpur Road,Fog,1055,30.6,High
2025-11-28,8,15,4,0,Clock Tower,Fog,1094,30.6,High
2025-06-19,7,0,3,0,Clock Tower,Clear,717,46.6,Medium
2025-04-02,14,0,2,0,Prem Nagar,Cloudy,710,48.1,Medium
2025-05-13,19,45,1,0,Ballupur Chowk,Fog,1038,34.6,Medium
2025-08-10,16,0,6,1,Ballupur Chowk,Clear,568,52.4,Low
2025-10-01,6,0,2,0,Dharampur Chowk,Clear,542,46.2,Low
2025-12-25,8,30,3,0,Prem Nagar,Clear,973,40.2,Medium
2025-05-29,15,0,3,0,ISBT,Fog,629,33.2,Medium
2025-07-15,18,0,1,0,Ballupur Chowk,Cloudy,1335,32.7,High
2025-10-01,13,15,2,0,Dharampur Chowk,Fog,763,41.2,Medium
2025-10-07,15,15,1,0,ISBT,Rain,627,40.5,Low
2025-01-06,10,0,0,0,Clock Tower,Clear,663,49.0,Medium
2025-10-21,18,0,1,0,ISBT,Cloudy,1509,34.2,High
2025-06-26,12,45,3,0,Dharampur Chowk,Cloudy,666,47.0,Medium
2025-03-24,11,15,0,0,Prem Nagar,Rain,453,46.5,Low
2025-04-10,9,15,3,0,Dharampur Chowk,Clear,904,44.1,Medium
2025-10-09,20,0,3,0,ISBT,Clear,654,40.2,Medium
2025-05-09,9,15,4,0,Dharampur Chowk,Fog,937,37.7,Medium
2025-06-19,17,15,3,0,Dharampur Chowk,Cloudy,1244,40.1,High
2025-02-21,15,0,4,0,Rajpur Road,Rain,655,44.6,Medium
2025-09-06,20,30,5,1,Prem Nagar,Rain,504,45.0,Low
2025-12-22,10,30,0,0,ISBT,Fog,571,34.0,Medium
2025-03-28,6,30,4,0,Rajpur Road,Cloudy,594,44.0,Low
2025-12-31,19,30,2,0,ISBT,Cloudy,1757,29.4,High
2025-12-14,16,45,6,1,Ballupur Chowk,Fog,440,42.4,Low
2025-07-03,15,45,3,0,Prem Nagar,Clear,490,53.1,Low
2025-03-31,8,30,0,0,Rajpur Road,Cloudy,1178,38.8,High
2025-05-15,8,0,3,0,Clock Tower,Clear,1256,33.1,High
2025-10-25,18,15,5,1,Clock Tower,Rain,1025,35.2,Medium
2025-10-06,21,15,0,0,ISBT,Fog,531,37.3,Low
2025-04-25,15,15,4,0,Ballupur Chowk,Clear,521,47.3,Low
2025-07-23,17,0,2,0,Dharampur Chowk,Cloudy,1135,41.1,High
2025-11-11,11,15,1,0,Ballupur Chowk,Cloudy,672,41.0,Medium
2025-04-02,10,45,2,0,ISBT,Clear,682,43.0,Medium
2025-04-23,21,15,2,0,Clock Tower,Rain,617,45.2,Low
2025-07-09,13,0,2,0,Dharampur Chowk,Cloudy,752,44.6,Medium
2025-09-23,17,45,1,0,Ballupur Chowk,Fog,1068,33.8,High
2025-01-24,7,30,4,0,Clock Tower,Rain,609,39.0,Low
2025-05-15,11,45,3,0,Dharampur Chowk,Fog,422,38.6,Low
2025-07-07,8,30,0,0,Ballupur Chowk,Cloudy,1416,34.8,High
2025-09-22,18,30,0,0,ISBT,Fog,1358,27.4,High
2025-09-04,6,15,3,0,Ballupur Chowk,Cloudy,608,41.8,Low
2025-04-28,8,30,0,0,Rajpur Road,Cloudy,1084,34.8,High
2025-04-06,11,30,6,1,Prem Nagar,Clear,435,50.3,Low
2025-12-05,13,45,4,0,ISBT,Clear,957,44.0,Medium
2025-09-04,21,45,3,0,Rajpur Road,Cloudy,575,47.2,Low
2025-11-28,19,0,4,0,Rajpur Road,Clear,1376,38.0,High
2025-03-07,11,15,4,0,Dharampur Chowk,Clear,539,44.6,Low
2025-10-21,10,0,1,0,Rajpur Road,Rain,354,42.8,Low
2025-04-03,22,45,3,0,Prem Nagar,Clear,470,45.3,Low
2025-12-05,15,0,4,0,Rajpur Road,Fog,457,40.7,Low
2025-11-07,21,45,4,0,Rajpur Road,Cloudy,596,44.5,Low
2025-07-30,10,15,2,0,Prem Nagar,Rain,452,44.9,Low
2025-03-27,16,45,3,0,Prem Nagar,Clear,400,53.5,Low
2025-04-28,18,45,0,0,Rajpur Road,Clear,1240,37.3,High
2025-01-09,12,45,3,0,Rajpur Road,Clear,641,46.5,Low
2025-04-01,21,0,1,0,Prem Nagar,Clear,563,47.8,Low
2025-02-17,21,15,0,0,Prem Nagar,Clear,438,49.8,Low
2025-12-14,19,45,6,1,ISBT,Clear,1190,38.3,High
2025-12-24,22,45,2,0,Rajpur Road,Fog,465,39.7,Low
2025-07-15,17,0,1,0,Ballupur Chowk,Cloudy,1409,29.2,High
2025-05-11,21,15,6,1,Clock Tower,Rain,459,43.7,Low
2025-11-03,19,30,0,0,Rajpur Road,Clear,1260,33.9,High
2025-12-30,6,0,1,0,Prem Nagar,Clear,588,44.0,Low
2025-07-12,12,30,5,1,Ballupur Chowk,Rain,562,43.3,Low
2025-02-24,10,45,0,0,Dharampur Chowk,Rain,452,48.9,Low
2025-05-14,19,30,2,0,Prem Nagar,Rain,840,40.8,Medium
2025-12-15,18,15,0,0,Ballupur Chowk,Fog,1161,28.4,High
2025-04-02,17,45,2,0,ISBT,Rain,1468,28.3,High
2025-10-23,17,45,3,0,Dharampur Chowk,Cloudy,1278,37.5,High
2025-12-04,9,15,3,0,Ballupur Chowk,Cloudy,1320,38.6,High
2025-02-21,12,45,4,0,ISBT,Clear,770,38.8,Medium
2025-03-24,18,0,0,0,Clock Tower,Cloudy,1578,27.5,High
2025-08-30,19,0,5,1,Clock Tower,Rain,1156,36.9,High
2025-04-24,17,0,3,0,Prem Nagar,Clear,952,40.2,Medium
2025-07-16,18,30,2,0,Dharampur Chowk,Clear,1107,38.5,High
2025-03-31,21,45,0,0,Clock Tower,Cloudy,666,47.8,Medium
2025-12-03,22,30,2,0,Rajpur Road,Clear,689,49.3,Medium
2025-11-03,22,15,0,0,Prem Nagar,Cloudy,466,47.7,Low
2025-12-12,7,30,4,0,Rajpur Road,Clear,450,46.2,Low
2025-03-22,8,30,5,1,Ballupur Chowk,Rain,1046,39.9,Medium
2025-12-09,18,45,1,0,Prem Nagar,Cloudy,993,39.0,Medium
2025-09-23,6,0,1,0,Clock Tower,Rain,590,42.4,Low
2025-10-14,17,30,1,0,ISBT,Cloudy,1518,34.6,High
2025-11-07,12,45,4,0,Ballupur Chowk,Clear,595,46.5,Low
2025-05-14,11,45,2,0,Prem Nagar,Clear,531,47.4,Low
2025-10-14,8,30,1,0,ISBT,Clear,1378,35.0,High
2025-09-20,14,30,5,1,Dharampur Chowk,Fog,577,37.6,Low
2025-07-13,21,15,6,1,ISBT,Fog,459,45.2,Low
2025-12-15,20,0,0,0,Ballupur Chowk,Clear,678,44.4,Medium
2025-05-13,8,45,1,0,Dharampur Chowk,Cloudy,1233,36.4,High
2025-12-13,13,30,5,1,Ballupur Chowk,Rain,837,39.2,Medium
2025-09-22,6,30,0,0,Rajpur Road,Rain,517,44.0,Low
2025-02-17,18,30,0,0,Clock Tower,Cloudy,1348,32.4,High
2025-09-01,16,30,0,0,Rajpur Road,Rain,430,44.3,Low
2025-04-04,12,45,4,0,Dharampur Chowk,Cloudy,727,51.3,Medium
2025-05-01,13,30,3,0,Rajpur Road,Cloudy,992,42.3,Medium
2025-04-14,13,30,0,0,Rajpur Road,Clear,752,42.6,Medium
2025-03-03,8,45,0,0,Prem Nagar,Clear,911,40.1,Medium
2025-10-05,7,45,6,1,ISBT,Rain,527,41.1,Low
2025-09-10,14,45,2,0,Rajpur Road,Rain,648,43.0,Low
2025-07-23,13,15,2,0,Clock Tower,Fog,721,37.4,Medium
2025-09-02,7,30,1,0,Ballupur Chowk,Cloudy,831,40.4,Medium
2025-08-23,9,45,5,1,ISBT,Clear,999,39.9,Medium
2025-01-07,12,45,1,0,Prem Nagar,Clear,575,52.7,Low
2025-06-16,17,30,0,0,Rajpur Road,Rain,1024,36.9,Medium
2025-05-02,14,45,4,0,Prem Nagar,Rain,635,40.6,Low
2025-07-07,11,45,0,0,Ballupur Chowk,Cloudy,876,38.0,Medium
2025-08-03,17,30,6,1,Ballupur Chowk,Rain,1054,36.3,High
2025-08-19,11,15,1,0,Prem Nagar,Cloudy,598,46.8,Low
2025-02-21,14,15,4,0,Prem Nagar,Fog,622,36.9,Low
2025-07-15,12,15,1,0,Dharampur Chowk,Cloudy,610,45.3,Low
2025-08-31,6,15,6,1,Ballupur Chowk,Fog,480,39.0,Low
2025-03-10,22,30,0,0,Ballupur Chowk,Rain,600,41.3,Low
2025-05-09,7,45,4,0,Clock Tower,Cloudy,781,43.7,Medium
2025-01-31,12,30,4,0,Ballupur Chowk,Clear,491,51.8,Low
2025-08-19,16,30,1,0,ISBT,Rain,563,40.0,Low
2025-10-14,14,30,1,0,Clock Tower,Fog,759,40.3,Medium
2025-03-04,17,15,1,0,Prem Nagar,Cloudy,921,51.3,Medium
2025-05-26,17,30,0,0,Dharampur Chowk,Fog,1041,32.8,Medium
2025-08-17,8,45,6,1,Prem Nagar,Rain,741,40.3,Medium
2025-08-26,10,15,1,0,Dharampur Chowk,Rain,546,44.1,Low
2025-08-04,18,0,0,0,Clock Tower,Cloudy,1518,33.6,High
2025-06-25,13,30,2,0,ISBT,Rain,959,35.8,Medium
2025-12-30,14,45,1,0,ISBT,Fog,851,38.2,Medium
2025-07-05,22,45,5,1,Ballupur Chowk,Cloudy,613,37.4,Low
2025-04-05,6,15,5,1,Dharampur Chowk,Cloudy,552,47.7,Low
2025-12-05,14,0,4,0,Rajpur Road,Cloudy,940,40.4,Medium
2025-07-23,9,0,2,0,Clock Tower,Fog,1142,33.5,High
2025-10-08,7,0,2,0,Ballupur Chowk,Clear,571,48.1,Low
2025-02-23,14,15,6,1,Clock Tower,Fog,608,34.2,Medium
2025-06-08,13,15,6,1,Dharampur Chowk,Rain,607,43.9,Low
2025-08-15,10,15,4,0,Prem Nagar,Cloudy,588,48.1,Low
2025-01-15,7,30,2,0,ISBT,Fog,623,39.6,Low
2025-08-28,14,45,3,0,Rajpur Road,Cloudy,890,43.6,Medium
2025-10-30,20,45,3,0,Prem Nagar,Rain,502,45.1,Low
2025-06-27,21,15,4,0,Clock Tower,Fog,621,40.3,Low
2025-06-07,17,45,5,1,ISBT,Cloudy,1374,38.6,High
2025-06-05,6,0,3,0,Prem Nagar,Cloudy,509,45.1,Low
2025-06-26,15,45,3,0,Prem Nagar,Clear,474,46.0,Low
2025-12-19,21,45,4,0,ISBT,Clear,652,45.3,Medium
2025-08-09,15,15,5,1,Clock Tower,Rain,440,42.8,Low
2025-04-07,19,45,0,0,Ballupur Chowk,Cloudy,1268,37.5,High
2025-03-25,18,45,1,0,Rajpur Road,Rain,1123,31.5,High
2025-02-10,19,15,0,0,Prem Nagar,Rain,988,38.7,Medium
2025-05-26,14,45,0,0,Rajpur Road,Clear,768,41.7,Medium
2025-04-04,10,30,4,0,Clock Tower,Fog,464,37.6,Low
2025-11-13,20,30,3,0,Dharampur Chowk,Fog,514,39.1,Low
2025-04-07,16,0,0,0,Rajpur Road,Clear,563,40.9,Low
2025-10-01,6,15,2,0,Clock Tower,Rain,643,37.1,Low
2025-05-18,10,45,6,1,Dharampur Chowk,Clear,481,49.0,Low
2025-04-30,8,15,2,0,Clock Tower,Fog,1161,26.5,High
2025-04-22,16,45,1,0,ISBT,Fog,323,42.9,Low
2025-07-10,20,0,3,0,ISBT,Clear,850,46.6,Medium
2025-03-16,7,30,6,1,Ballupur Chowk,Clear,555,45.6,Low
2025-10-06,21,15,0,0,Rajpur Road,Rain,591,38.6,Low
2025-07-15,6,0,1,0,Dharampur Chowk,Cloudy,626,47.6,Low
2025-07-17,20,15,3,0,Dharampur Chowk,Clear,645,54.1,Low
2025-04-12,20,0,5,1,Prem Nagar,Cloudy,466,46.8,Low
2025-08-31,18,30,6,1,ISBT,Cloudy,1343,30.5,High
2025-11-19,7,0,2,0,ISBT,Fog,509,38.5,Low
2025-11-23,15,15,6,1,ISBT,Clear,558,47.5,Low
2025-12-08,12,0,0,0,Rajpur Road,Fog,402,44.6,Low
2025-06-16,6,15,0,0,ISBT,Clear,706,44.9,Medium
2025-07-22,13,0,1,0,Clock Tower,Fog,781,36.3,Medium
2025-12-19,10,30,4,0,Clock Tower,Cloudy,757,41.6,Medium
2025-03-22,21,0,5,1,Dharampur Chowk,Rain,376,43.7,Low
2025-11-17,7,0,0,0,ISBT,Cloudy,634,43.5,Low
2025-12-26,9,15,4,0,Ballupur Chowk,Cloudy,1292,39.2,High
2025-06-12,17,45,3,0,Dharampur Chowk,Cloudy,1276,37.4,High
2025-01-11,18,30,5,1,Dharampur Chowk,Cloudy,1135,38.4,High
2025-05-09,7,45,4,0,Dharampur Chowk,Fog,479,39.8,Low
2025-10-14,15,45,1,0,Rajpur Road,Cloudy,635,44.2,Low
2025-10-06,17,30,0,0,Dharampur Chowk,Fog,761,35.7,Medium
2025-05-21,11,0,2,0,Prem Nagar,Cloudy,625,48.9,Low
2025-08-19,15,30,1,0,Prem Nagar,Rain,515,46.4,Low
2025-08-21,6,45,3,0,Dharampur Chowk,Cloudy,595,47.1,Low
2025-01-10,17,15,4,0,ISBT,Clear,1458,33.2,High
2025-12-04,18,15,3,0,Prem Nagar,Fog,881,38.0,Medium
2025-10-10,10,30,4,0,ISBT,Fog,554,37.7,Low
2025-11-25,16,0,1,0,Clock Tower,Clear,658,47.4,Medium
2025-01-23,10,15,3,0,Clock Tower,Cloudy,575,39.9,Low
2025-02-24,21,15,0,0,Clock Tower,Clear,614,42.6,Low
2025-10-20,18,45,0,0,Prem Nagar,Rain,895,36.8,Medium
2025-01-26,17,15,6,1,Prem Nagar,Clear,847,47.3,Medium
2025-01-07,12,45,1,0,Clock Tower,Fog,552,40.0,Low
2025-11-24,7,30,0,0,Prem Nagar,Fog,439,37.3,Low
2025-07-08,7,30,1,0,Prem Nagar,Clear,570,46.6,Low
2025-02-06,15,0,3,0,Rajpur Road,Clear,638,42.7,Low
2025-02-21,13,45,4,0,Rajpur Road,Cloudy,817,45.8,Medium
2025-09-27,13,15,5,1,Prem Nagar,Fog,538,36.6,Low
2025-02-24,17,45,0,0,Dharampur Chowk,Fog,887,37.7,Medium
2025-02-23,11,15,6,1,Prem Nagar,Fog,236,48.6,Low
2025-09-16,16,15,1,0,Prem Nagar,Fog,317,44.4,Low
2025-06-30,16,30,0,0,ISBT,Fog,539,41.1,Low
2025-11-21,19,30,4,0,Prem Nagar,Cloudy,1048,39.5,Medium
2025-10-16,12,45,3,0,Prem Nagar,Rain,442,40.7,Low
2025-07-04,20,45,4,0,Ballupur Chowk,Clear,693,43.6,Medium
2025-01-18,15,0,5,1,Prem Nagar,Cloudy,416,46.1,Low
2025-06-04,6,30,2,0,Rajpur Road,Cloudy,409,48.6,Low
2025-06-11,6,30,2,0,Prem Nagar,Cloudy,704,47.3,Medium
2025-02-18,7,45,1,0,ISBT,Cloudy,740,43.6,Medium
2025-03-12,14,30,2,0,Prem Nagar,Cloudy,786,45.4,Medium
2025-04-30,14,30,2,0,Clock Tower,Fog,712,40.2,Medium
2025-10-19,12,0,6,1,Dharampur Chowk,Rain,486,45.2,Low
2025-09-05,11,45,4,0,Dharampur Chowk,Clear,595,46.6,Low
2025-11-01,15,0,5,1,Dharampur Chowk,Fog,435,42.6,Low
2025-02-10,7,30,0,0,ISBT,Fog,537,37.6,Low
2025-08-02,9,15,5,1,Dharampur Chowk,Clear,961,45.9,Medium
2025-11-21,18,0,4,0,ISBT,Clear,1408,30.5,High
2025-06-13,10,30,4,0,Prem Nagar,Cloudy,525,47.7,Low
2025-03-20,7,45,3,0,Ballupur Chowk,Clear,647,46.5,Low
2025-04-24,19,30,3,0,Ballupur Chowk,Cloudy,1401,39.5,High
2025-03-09,16,0,6,1,Ballupur Chowk,Clear,410,46.7,Low
2025-10-08,18,30,2,0,Clock Tower,Fog,1114,26.2,High
2025-09-14,19,15,6,1,Rajpur Road,Fog,834,40.1,Medium
2025-10-14,12,45,1,0,Ballupur Chowk,Cloudy,667,46.2,Medium
2025-10-15,22,15,2,0,Rajpur Road,Clear,484,46.2,Low
2025-05-17,19,30,5,1,Dharampur Chowk,Clear,986,40.0,Medium
2025-02-27,19,45,3,0,ISBT,Rain,1459,30.8,High
2025-04-08,16,30,1,0,Prem Nagar,Clear,398,50.1,Low
2025-06-06,11,30,4,0,Prem Nagar,Fog,429,44.3,Low
2025-11-16,10,45,6,1,Clock Tower,Cloudy,713,41.8,Medium
2025-04-13,17,15,6,1,Dharampur Chowk,Clear,951,37.6,Medium
2025-02-27,7,15,3,0,Prem Nagar,Cloudy,493,49.4,Low
2025-05-28,6,30,2,0,Dharampur Chowk,Clear,639,45.6,Low
2025-06-06,20,45,4,0,Clock Tower,Rain,566,42.4,Low
2025-04-18,12,15,4,0,Prem Nagar,Rain,371,51.0,Low
2025-10-08,21,15,2,0,Dharampur Chowk,Clear,432,49.4,Low
2025-07-12,22,0,5,1,ISBT,Cloudy,792,43.7,Medium
2025-01-31,15,15,4,0,Dharampur Chowk,Rain,489,41.9,Low
2025-01-28,20,0,1,0,Clock Tower,Fog,512,43.8,Low
2025-12-05,14,30,4,0,Clock Tower,Clear,832,47.7,Medium
2025-05-30,18,15,4,0,Ballupur Chowk,Clear,1238,36.5,High
2025-06-11,21,0,2,0,Rajpur Road,Cloudy,579,48.5,Low
2025-09-14,20,0,6,1,Clock Tower,Cloudy,459,49.8,Low
2025-09-29,15,30,0,0,Ballupur Chowk,Fog,668,33.4,Medium
2025-03-22,6,30,5,1,Dharampur Chowk,Rain,444,41.7,Low
2025-07-01,15,15,1,0,Prem Nagar,Rain,472,43.3,Low
2025-02-01,14,45,5,1,Clock Tower,Rain,720,41.2,Medium
2025-04-26,10,30,5,1,Ballupur Chowk,Cloudy,709,44.3,Medium
2025-02-14,18,15,4,0,Ballupur Chowk,Cloudy,1477,30.0,High
2025-10-21,10,45,1,0,ISBT,Rain,559,43.4,Low
2025-08-18,10,15,0,0,Dharampur Chowk,Cloudy,707,46.0,Medium
2025-10-25,12,15,5,1,ISBT,Cloudy,605,46.4,Low
2025-08-09,10,15,5,1,ISBT,Clear,500,49.7,Low
2025-10-13,9,15,0,0,ISBT,Cloudy,1555,31.4,High
2025-01-16,16,45,3,0,Ballupur Chowk,Rain,532,43.2,Low
2025-08-15,14,15,4,0,Rajpur Road,Clear,862,42.5,Medium
2025-03-09,11,0,6,1,Prem Nagar,Rain,540,41.5,Low
2025-11-07,13,15,4,0,Rajpur Road,Clear,868,40.7,Medium
2025-07-03,8,45,3,0,Rajpur Road,Fog,995,32.2,Medium
2025-12-31,17,15,2,0,Ballupur Chowk,Fog,1029,36.3,Medium
2025-08-31,10,15,6,1,Rajpur Road,Cloudy,635,44.1,Low
2025-01-17,19,0,4,0,ISBT,Fog,1057,34.9,High
2025-04-24,12,15,3,0,Clock Tower,Cloudy,636,48.3,Low
2025-08-13,21,30,2,0,Ballupur Chowk,Cloudy,507,50.4,Low
2025-08-07,18,0,3,0,Prem Nagar,Fog,735,38.7,Medium
2025-06-10,18,0,1,0,Prem Nagar,Clear,1041,37.3,Medium
2025-08-20,20,0,2,0,Rajpur Road,Fog,435,42.8,Low
2025-01-21,18,0,1,0,Rajpur Road,Rain,1131,35.6,High
2025-08-14,18,30,3,0,ISBT,Fog,1364,22.8,High
2025-03-27,19,30,3,0,Prem Nagar,Clear,1169,38.6,High
2025-12-20,22,15,5,1,Ballupur Chowk,Fog,359,37.9,Low
2025-02-16,22,0,6,1,Rajpur Road,Cloudy,506,50.5,Low
2025-07-21,19,30,0,0,Ballupur Chowk,Clear,1341,40.4,High
2025-04-02,20,15,2,0,Ballupur Chowk,Clear,517,47.6,Low
2025-05-09,16,15,4,0,Dharampur Chowk,Clear,460,49.5,Low
2025-02-16,9,45,6,1,Dharampur Chowk,Rain,928,35.5,Medium
2025-02-13,22,45,3,0,Dharampur Chowk,Cloudy,380,50.2,Low
2025-07-13,18,0,6,1,Rajpur Road,Rain,989,37.1,Medium
2025-10-17,10,15,4,0,Rajpur Road,Cloudy,713,41.6,Medium
2025-12-31,7,45,2,0,ISBT,Rain,690,43.7,Medium
2025-08-17,15,15,6,1,Clock Tower,Cloudy,445,49.6,Low
2025-04-14,6,30,0,0,Clock Tower,Fog,486,39.8,Low
2025-09-12,21,0,4,0,Prem Nagar,Fog,417,39.6,Low
2025-05-02,12,45,4,0,Ballupur Chowk,Fog,452,40.6,Low
2025-08-15,8,0,4,0,Rajpur Road,Rain,966,32.9,Medium
2025-11-14,12,0,4,0,Rajpur Road,Cloudy,668,42.0,Medium
2025-01-29,17,0,2,0,Rajpur Road,Clear,1301,37.8,High
2025-12-08,15,30,0,0,Clock Tower,Clear,520,45.5,Low
2025-02-25,19,15,1,0,Rajpur Road,Rain,1218,29.7,High
2025-11-09,11,45,6,1,Dharampur Chowk,Rain,391,45.8,Low
2025-01-19,8,30,6,1,ISBT,Rain,1144,32.9,High
2025-07-14,8,45,0,0,Prem Nagar,Clear,927,46.0,Medium
2025-05-30,21,15,4,0,Clock Tower,Rain,731,42.5,Medium
2025-06-18,22,45,2,0,Prem Nagar,Cloudy,518,45.2,Low
2025-12-23,12,0,1,0,Clock Tower,Clear,591,48.1,Low
2025-09-05,15,45,4,0,Prem Nagar,Rain,472,47.5,Low
2025-05-13,22,30,1,0,Rajpur Road,Fog,520,35.1,Low
2025-09-24,21,45,2,0,Rajpur Road,Cloudy,698,42.0,Medium
2025-12-29,15,15,0,0,Clock Tower,Clear,627,46.8,Low
2025-01-13,20,0,0,0,Dharampur Chowk,Cloudy,748,53.6,Medium
2025-11-12,19,45,2,0,Clock Tower,Rain,1312,30.7,High
2025-06-29,12,0,6,1,Dharampur Chowk,Cloudy,543,49.9,Low
2025-12-20,15,30,5,1,Clock Tower,Rain,477,48.6,Low
2025-06-03,22,30,1,0,Clock Tower,Clear,676,46.8,Medium
2025-12-18,16,30,3,0,Ballupur Chowk,Clear,687,46.5,Medium
2025-03-31,12,30,0,0,ISBT,Fog,632,36.1,Low
2025-08-31,7,15,6,1,Ballupur Chowk,Cloudy,520,44.3,Low
2025-11-18,20,30,1,0,Ballupur Chowk,Fog,542,41.6,Low
2025-01-29,22,30,2,0,Prem Nagar,Rain,475,48.2,Low
2025-10-12,6,15,6,1,Prem Nagar,Rain,372,46.7,Low
2025-07-01,8,15,1,0,ISBT,Clear,1326,34.9,High
2025-06-23,18,15,0,0,Prem Nagar,Fog,887,36.9,Medium
2025-04-06,9,30,6,1,Dharampur Chowk,Rain,834,37.9,Medium
2025-12-30,7,30,1,0,Ballupur Chowk,Clear,512,46.6,Low
2025-09-12,13,30,4,0,Ballupur Chowk,Rain,945,38.2,Medium
2025-04-21,22,30,0,0,Rajpur Road,Clear,625,46.2,Low
2025-07-11,7,15,4,0,Clock Tower,Fog,527,37.5,Low
2025-09-17,6,45,2,0,Prem Nagar,Cloudy,567,48.2,Low
2025-04-08,16,45,1,0,Dharampur Chowk,Rain,543,40.7,Low
2025-06-17,10,0,1,0,Prem Nagar,Cloudy,339,53.4,Low
2025-04-16,7,45,2,0,Ballupur Chowk,Clear,595,43.9,Low
2025-01-03,15,0,4,0,Dharampur Chowk,Clear,616,45.0,Low
2025-06-20,20,0,4,0,Clock Tower,Rain,677,42.2,Medium
2025-01-12,15,15,6,1,ISBT,Cloudy,685,41.1,Medium
2025-04-09,15,30,2,0,Prem Nagar,Rain,535,43.1,Low
2025-08-14,9,30,3,0,Rajpur Road,Cloudy,1198,38.3,High
2025-05-21,9,0,2,0,Prem Nagar,Clear,832,44.3,Medium
2025-04-16,17,30,2,0,ISBT,Cloudy,1501,29.5,High
2025-12-27,15,15,5,1,Rajpur Road,Clear,375,53.0,Low
2025-06-09,16,45,0,0,Clock Tower,Cloudy,640,50.5,Low
2025-01-15,21,0,2,0,Clock Tower,Fog,483,35.0,Low
2025-01-28,8,45,1,0,Ballupur Chowk,Cloudy,1241,41.0,High
2025-12-27,20,30,5,1,ISBT,Rain,528,40.8,Low
2025-04-12,8,45,5,1,Prem Nagar,Cloudy,882,43.9,Medium
2025-02-17,20,0,0,0,Ballupur Chowk,Rain,659,44.9,Medium
2025-12-17,20,45,2,0,Rajpur Road,Cloudy,585,42.7,Low
2025-03-15,14,30,5,1,Ballupur Chowk,Cloudy,834,43.9,Medium
2025-12-25,16,30,3,0,Ballupur Chowk,Fog,429,38.0,Low
2025-01-16,8,45,3,0,Clock Tower,Rain,1212,32.5,High
2025-09-03,20,15,2,0,ISBT,Rain,638,38.6,Low
2025-11-06,10,0,3,0,Ballupur Chowk,Clear,615,43.4,Low
2025-06-16,8,30,0,0,Prem Nagar,Fog,851,37.9,Medium
2025-07-25,19,15,4,0,Prem Nagar,Cloudy,944,38.7,Medium
2025-10-08,11,45,2,0,Ballupur Chowk,Clear,514,45.7,Low
2025-06-24,12,45,1,0,Ballupur Chowk,Rain,563,37.6,Low
2025-10-06,13,15,0,0,Dharampur Chowk,Clear,785,40.8,Medium
2025-12-31,21,0,2,0,Prem Nagar,Fog,406,41.4,Low
2025-06-16,9,45,0,0,Rajpur Road,Rain,995,36.3,Medium
2025-07-27,8,0,6,1,Dharampur Chowk,Fog,718,35.9,Medium
2025-06-17,21,0,1,0,Clock Tower,Cloudy,824,47.2,Medium
2025-03-13,6,15,3,0,Dharampur Chowk,Cloudy,484,50.6,Low
2025-08-20,15,45,2,0,Prem Nagar,Fog,454,37.1,Low
2025-04-11,12,30,4,0,ISBT,Rain,701,44.6,Medium
2025-08-11,17,0,0,0,Prem Nagar,Clear,950,38.7,Medium
2025-11-10,22,45,0,0,Rajpur Road,Rain,607,42.1,Low
2025-02-01,17,0,5,1,Clock Tower,Rain,1118,35.1,High
2025-02-26,15,0,2,0,Rajpur Road,Fog,499,35.9,Low
2025-12-26,18,30,4,0,Dharampur Chowk,Fog,1040,35.7,Medium
2025-07-27,18,45,6,1,Prem Nagar,Cloudy,909,41.9,Medium
2025-12-06,11,45,5,1,Rajpur Road,Cloudy,399,50.8,Low
2025-10-12,18,30,6,1,Ballupur Chowk,Cloudy,1252,36.9,High
2025-05-28,10,15,2,0,Clock Tower,Clear,748,43.3,Medium
2025-11-28,6,15,4,0,Dharampur Chowk,Fog,493,36.9,Low
2025-12-03,19,15,2,0,Clock Tower,Cloudy,1472,33.4,High
2025-11-25,19,45,1,0,Dharampur Chowk,Fog,974,32.0,Medium
2025-11-16,11,45,6,1,Prem Nagar,Fog,320,44.9,Low
2025-10-10,20,45,4,0,ISBT,Cloudy,707,40.1,Medium
2025-04-06,19,0,6,1,Prem Nagar,Fog,847,39.0,Medium
2025-05-02,22,30,4,0,Ballupur Chowk,Rain,466,45.4,Low
2025-01-18,7,45,5,1,Dharampur Chowk,Rain,388,45.2,Low
2025-02-27,21,0,3,0,Rajpur Road,Rain,550,41.4,Low
2025-08-27,22,0,2,0,Prem Nagar,Clear,424,46.9,Low
2025-05-06,21,0,1,0,Dharampur Chowk,Rain,431,41.3,Low
2025-11-10,7,30,0,0,Prem Nagar,Clear,482,46.0,Low
2025-08-29,20,45,4,0,Prem Nagar,Rain,493,47.4,Low
2025-08-04,17,30,0,0,ISBT,Cloudy,1536,33.8,High
2025-01-19,15,30,6,1,Clock Tower,Fog,487,41.5,Low
2025-10-24,11,0,4,0,Dharampur Chowk,Rain,510,44.9,Low
2025-11-16,6,30,6,1,Ballupur Chowk,Clear,577,43.0,Low
2025-03-06,22,0,3,0,ISBT,Rain,705,42.6,Medium
2025-03-09,14,30,6,1,ISBT,Clear,860,42.8,Medium
2025-02-27,11,15,3,0,Dharampur Chowk,Fog,503,39.2,Low
2025-07-09,11,30,2,0,Dharampur Chowk,Cloudy,674,52.5,Medium
2025-09-06,11,0,5,1,ISBT,Clear,537,43.2,Low
2025-03-16,10,45,6,1,Ballupur Chowk,Fog,455,42.7,Low
2025-05-02,20,15,4,0,Rajpur Road,Rain,508,47.1,Low
2025-01-28,14,0,1,0,Clock Tower,Cloudy,952,43.5,Medium
2025-08-26,18,45,1,0,ISBT,Fog,1157,35.6,High
2025-09-30,13,45,1,0,Dharampur Chowk,Fog,847,32.6,Medium
2025-08-31,14,15,6,1,Prem Nagar,Fog,464,43.0,Low
2025-01-07,15,45,1,0,Ballupur Chowk,Rain,539,42.2,Low
2025-09-29,7,0,0,0,Prem Nagar,Rain,440,38.0,Low
2025-08-10,14,30,6,1,ISBT,Rain,828,36.1,Medium
2025-02-20,14,45,3,0,Ballupur Chowk,Cloudy,980,45.3,Medium
2025-12-11,12,30,3,0,Dharampur Chowk,Cloudy,488,50.5,Low
2025-06-10,6,0,1,0,Clock Tower,Clear,635,45.1,Low
2025-07-30,9,0,2,0,Dharampur Chowk,Fog,960,34.3,Medium
2025-06-29,13,30,6,1,ISBT,Cloudy,1013,43.4,Medium
2025-01-18,6,0,5,1,Clock Tower,Cloudy,560,45.2,Low
2025-11-03,9,0,0,0,Clock Tower,Cloudy,1295,34.0,High
2025-07-12,11,0,5,1,Dharampur Chowk,Cloudy,736,48.2,Medium
2025-05-10,15,45,5,1,Dharampur Chowk,Clear,368,45.8,Low
2025-11-24,20,30,0,0,Ballupur Chowk,Rain,608,43.0,Low
2025-05-12,11,0,0,0,ISBT,Clear,750,43.5,Medium
2025-07-15,18,30,1,0,Clock Tower,Rain,1253,33.1,High
2025-05-16,11,45,4,0,Clock Tower,Fog,533,32.7,Medium
2025-04-13,18,15,6,1,Dharampur Chowk,Fog,794,33.1,Medium
2025-02-25,10,45,1,0,Rajpur Road,Clear,599,55.4,Low
2025-08-15,14,0,4,0,Clock Tower,Clear,1038,39.2,Medium
2025-02-06,14,45,3,0,Clock Tower,Fog,881,35.9,Medium
2025-03-18,6,0,1,0,Dharampur Chowk,Fog,482,41.9,Low
2025-05-17,10,30,5,1,Ballupur Chowk,Clear,703,41.6,Medium
2025-09-21,21,45,6,1,Ballupur Chowk,Fog,468,37.5,Low
2025-02-05,13,0,2,0,Ballupur Chowk,Fog,821,32.5,Medium
2025-03-04,17,30,1,0,Dharampur Chowk,Rain,1043,34.2,Medium
2025-07-25,7,0,4,0,ISBT,Rain,714,42.6,Medium
2025-02-11,20,30,1,0,Dharampur Chowk,Cloudy,488,48.2,Low
2025-04-01,7,45,1,0,Dharampur Chowk,Cloudy,531,43.6,Low
2025-06-03,18,0,1,0,Dharampur Chowk,Rain,1059,33.9,High
2025-09-07,8,45,6,1,Dharampur Chowk,Cloudy,1194,39.2,High
2025-03-13,7,15,3,0,Clock Tower,Cloudy,580,45.0,Low
2025-09-08,18,0,0,0,Prem Nagar,Rain,1017,41.7,Medium
2025-09-13,20,0,5,1,Clock Tower,Rain,376,39.0,Low
2025-01-29,16,0,2,0,Ballupur Chowk,Clear,783,45.0,Medium
2025-04-19,22,45,5,1,Dharampur Chowk,Cloudy,430,50.5,Low
2025-10-24,13,0,4,0,Clock Tower,Cloudy,848,42.9,Medium
2025-09-08,6,45,0,0,Prem Nagar,Clear,513,50.4,Low
2025-05-05,10,0,0,0,Rajpur Road,Clear,503,48.1,Low
2025-06-07,9,45,5,1,Prem Nagar,Cloudy,796,44.4,Medium
2025-10-30,8,0,3,0,Clock Tower,Fog,981,31.8,Medium
2025-11-01,13,0,5,1,Rajpur Road,Fog,530,41.4,Low
2025-06-22,18,30,6,1,Clock Tower,Cloudy,1321,35.4,High
2025-06-14,12,0,5,1,Prem Nagar,Cloudy,438,44.4,Low
2025-06-21,8,0,5,1,ISBT,Cloudy,1237,37.2,High
2025-08-01,11,30,4,0,Prem Nagar,Cloudy,721,41.4,Medium
2025-08-13,13,0,2,0,Rajpur Road,Clear,1014,43.5,Medium
2025-11-20,18,15,3,0,Clock Tower,Fog,1145,35.9,High
2025-02-11,6,0,1,0,Rajpur Road,Clear,614,47.4,Low
2025-12-28,15,45,6,1,Dharampur Chowk,Fog,376,45.3,Low
2025-12-21,10,15,6,1,Rajpur Road,Rain,535,40.5,Low
2025-09-25,20,45,3,0,Rajpur Road,Cloudy,508,47.1,Low
2025-11-09,7,15,6,1,Dharampur Chowk,Fog,317,42.3,Low
2025-11-10,8,30,0,0,ISBT,Fog,1229,28.1,High
2025-01-03,13,15,4,0,Clock Tower,Clear,1005,40.8,Medium
2025-11-13,17,15,3,0,Ballupur Chowk,Cloudy,1487,27.0,High
2025-05-22,7,15,3,0,Clock Tower,Cloudy,642,46.5,Low
2025-12-17,21,45,2,0,Rajpur Road,Cloudy,710,43.4,Medium
2025-12-10,7,0,2,0,Dharampur Chowk,Rain,354,46.8,Low
2025-05-26,12,45,0,0,ISBT,Rain,585,38.1,Low
2025-11-12,20,0,2,0,Clock Tower,Clear,608,45.8,Low
2025-10-03,11,15,4,0,Clock Tower,Fog,478,33.6,Medium
2025-09-21,9,0,6,1,Rajpur Road,Fog,867,38.4,Medium
2025-10-31,16,45,4,0,Rajpur Road,Rain,578,38.3,Low
2025-04-28,9,30,0,0,Rajpur Road,Clear,1153,38.5,High
2025-05-02,19,15,4,0,Ballupur Chowk,Cloudy,1467,36.0,High
2025-02-07,21,45,4,0,Clock Tower,Fog,467,40.6,Low
2025-03-16,12,45,6,1,Rajpur Road,Fog,434,45.2,Low
2025-07-11,10,45,4,0,Dharampur Chowk,Cloudy,645,48.2,Low
2025-11-20,17,30,3,0,Rajpur Road,Rain,1129,38.1,High
2025-03-07,7,0,4,0,ISBT,Cloudy,774,41.4,Medium
2025-02-26,20,45,2,0,Ballupur Chowk,Cloudy,777,46.0,Medium
2025-06-25,13,30,2,0,Prem Nagar,Cloudy,749,42.9,Medium
2025-11-23,11,15,6,1,Clock Tower,Fog,471,41.7,Low
2025-09-25,21,15,3,0,Prem Nagar,Fog,405,42.1,Low
2025-08-25,14,0,0,0,Dharampur Chowk,Fog,823,38.5,Medium
2025-05-07,13,30,2,0,Ballupur Chowk,Cloudy,1035,43.0,Medium
2025-10-30,10,0,3,0,Ballupur Chowk,Clear,551,48.3,Low
2025-01-21,21,0,1,0,Ballupur Chowk,Fog,651,37.0,Medium
2025-09-03,9,45,2,0,Ballupur Chowk,Cloudy,1263,35.0,High
2025-02-12,6,45,2,0,Rajpur Road,Cloudy,527,45.1,Low
2025-07-03,15,15,3,0,Dharampur Chowk,Clear,530,43.2,Low
2025-01-09,21,30,3,0,Rajpur Road,Fog,469,43.0,Low
2025-10-20,6,45,0,0,Ballupur Chowk,Cloudy,592,51.1,Low
2025-12-27,18,15,5,1,ISBT,Fog,1066,34.9,High
2025-12-27,6,0,5,1,Ballupur Chowk,Rain,432,46.4,Low
2025-09-29,7,30,0,0,Ballupur Chowk,Rain,483,45.8,Low
2025-12-24,12,0,2,0,Prem Nagar,Rain,452,45.2,Low
2025-01-29,22,30,2,0,Clock Tower,Clear,564,44.3,Low
2025-07-16,17,45,2,0,Prem Nagar,Clear,1087,36.6,High
2025-07-07,17,15,0,0,Dharampur Chowk,Clear,1233,33.3,High
2025-10-15,12,15,2,0,ISBT,Cloudy,810,39.7,Medium
2025-10-04,9,45,5,1,Dharampur Chowk,Cloudy,1044,42.0,Medium
2025-04-26,16,30,5,1,ISBT,Fog,424,42.7,Low
2025-05-22,7,0,3,0,ISBT,Rain,657,39.0,Medium
2025-08-20,21,0,2,0,Ballupur Chowk,Rain,489,37.1,Low
2025-08-20,17,0,2,0,Rajpur Road,Fog,1026,27.6,Medium
2025-02-14,8,45,4,0,Rajpur Road,Rain,1060,34.1,High
2025-02-09,9,15,6,1,ISBT,Clear,1256,36.2,High
2025-12-23,10,45,1,0,Rajpur Road,Cloudy,587,48.8,Low
2025-09-24,6,30,2,0,Ballupur Chowk,Cloudy,692,46.1,Medium
2025-08-31,17,45,6,1,Ballupur Chowk,Clear,1186,33.5,High
2025-05-30,12,0,4,0,Clock Tower,Cloudy,751,46.1,Medium
2025-09-24,16,45,2,0,Prem Nagar,Rain,357,44.2,Low
2025-12-02,16,45,1,0,Prem Nagar,Fog,386,41.1,Low
2025-08-23,15,15,5,1,ISBT,Cloudy,657,49.9,Medium
2025-05-14,13,45,2,0,ISBT,Rain,1062,30.9,High
2025-01-25,10,30,5,1,ISBT,Fog,530,43.4,Low
2025-03-27,11,30,3,0,Rajpur Road,Cloudy,645,49.1,Low
2025-12-29,10,15,0,0,Rajpur Road,Clear,745,47.4,Medium
2025-01-22,16,15,2,0,Ballupur Chowk,Rain,590,44.7,Low
2025-07-09,11,15,2,0,Prem Nagar,Clear,499,47.9,Low
2025-12-07,16,30,6,1,Rajpur Road,Rain,419,48.7,Low
2025-08-18,11,30,0,0,Clock Tower,Clear,592,51.1,Low
2025-07-27,21,15,6,1,Ballupur Chowk,Rain,524,38.3,Low
2025-03-21,6,30,4,0,Dharampur Chowk,Rain,533,36.1,Low
2025-08-31,15,15,6,1,Prem Nagar,Fog,381,44.2,Low
2025-06-23,9,45,0,0,Clock Tower,Cloudy,1334,36.3,High
2025-12-14,9,30,6,1,Clock Tower,Fog,1051,30.5,High
2025-11-13,13,45,3,0,ISBT,Clear,999,45.2,Medium
2025-06-17,7,15,1,0,Prem Nagar,Cloudy,668,45.5,Medium
2025-05-23,12,0,4,0,Clock Tower,Fog,607,42.4,Low
2025-12-13,8,45,5,1,Rajpur Road,Fog,736,35.0,Medium
2025-06-12,22,0,3,0,Dharampur Chowk,Rain,603,46.4,Low
2025-07-23,10,45,2,0,ISBT,Fog,610,35.6,Low
2025-07-10,6,30,3,0,ISBT,Rain,795,37.0,Medium
2025-06-07,20,0,5,1,Rajpur Road,Fog,370,42.7,Low
2025-08-01,20,30,4,0,Rajpur Road,Fog,592,41.1,Low
2025-08-01,10,0,4,0,Rajpur Road,Cloudy,647,47.1,Low
2025-06-05,21,30,3,0,Clock Tower,Fog,529,41.1,Low
2025-02-15,6,45,5,1,Dharampur Chowk,Rain,226,45.9,Low
2025-08-01,11,45,4,0,Dharampur Chowk,Cloudy,607,42.9,Low
2025-04-13,11,45,6,1,ISBT,Fog,511,39.1,Low
2025-01-22,15,30,2,0,Ballupur Chowk,Fog,647,42.5,Low
2025-04-25,6,0,4,0,Rajpur Road,Rain,489,42.6,Low
2025-06-03,21,0,1,0,Dharampur Chowk,Rain,498,41.5,Low
2025-08-02,11,45,5,1,Dharampur Chowk,Cloudy,515,45.4,Low
2025-01-15,9,30,2,0,Ballupur Chowk,Clear,1177,40.1,High
2025-11-03,17,45,0,0,Prem Nagar,Fog,882,32.0,Medium
2025-05-13,21,0,1,0,ISBT,Clear,778,42.0,Medium
2025-05-13,11,0,1,0,Rajpur Road,Rain,546,44.7,Low
2025-08-25,10,30,0,0,Rajpur Road,Clear,582,48.0,Low
2025-05-20,17,45,1,0,Dharampur Chowk,Rain,1035,34.6,Medium
2025-01-25,15,30,5,1,Prem Nagar,Clear,397,47.1,Low
2025-09-21,12,15,6,1,Clock Tower,Cloudy,573,42.2,Low
2025-10-06,16,30,0,0,Dharampur Chowk,Rain,465,42.5,Low
2025-05-19,17,0,0,0,Prem Nagar,Rain,915,36.2,Medium
2025-03-15,6,15,5,1,Prem Nagar,Rain,367,46.2,Low
2025-07-10,21,45,3,0,ISBT,Cloudy,812,41.5,Medium
2025-02-22,12,15,5,1,Prem Nagar,Cloudy,338,47.0,Low
2025-04-07,22,0,0,0,Ballupur Chowk,Fog,468,39.3,Low
2025-02-09,9,15,6,1,Clock Tower,Fog,833,31.2,Medium
2025-06-28,15,30,5,1,Rajpur Road,Fog,361,42.4,Low
2025-11-02,22,30,6,1,Rajpur Road,Rain,495,41.3,Low
2025-01-15,9,15,2,0,Rajpur Road,Cloudy,1195,35.1,High
2025-12-19,13,30,4,0,Rajpur Road,Cloudy,939,39.0,Medium
2025-03-08,8,45,5,1,Dharampur Chowk,Clear,998,35.4,Medium
2025-02-09,6,45,6,1,Ballupur Chowk,Clear,509,48.6,Low
2025-04-11,9,0,4,0,Dharampur Chowk,Clear,1135,46.9,High
2025-08-29,9,30,4,0,Clock Tower,Clear,1344,32.8,High
2025-06-04,6,0,2,0,Clock Tower,Cloudy,683,39.9,Medium
2025-10-28,12,15,1,0,Dharampur Chowk,Rain,498,40.4,Low
2025-01-15,8,15,2,0,Dharampur Chowk,Rain,1082,32.9,High
2025-10-24,17,30,4,0,Rajpur Road,Cloudy,1301,34.5,High
2025-09-16,8,0,1,0,Prem Nagar,Clear,1114,38.1,High
2025-09-28,12,15,6,1,ISBT,Cloudy,777,46.3,Medium
2025-10-03,6,0,4,0,Rajpur Road,Fog,506,40.9,Low
2025-07-07,11,45,0,0,Dharampur Chowk,Clear,592,40.8,Low
2025-04-03,17,45,3,0,Ballupur Chowk,Cloudy,1397,37.6,High
2025-09-21,13,45,6,1,Clock Tower,Rain,768,34.8,Medium
2025-03-05,20,0,2,0,Prem Nagar,Cloudy,507,52.9,Low
2025-09-11,17,30,3,0,Prem Nagar,Clear,1139,38.5,High
2025-02-12,16,45,2,0,Clock Tower,Fog,602,37.3,Low
2025-05-26,20,30,0,0,Dharampur Chowk,Fog,312,39.8,Low
2025-04-26,19,30,5,1,Ballupur Chowk,Cloudy,1331,35.2,High
2025-02-05,21,30,2,0,Rajpur Road,Clear,565,46.0,Low
2025-12-12,21,0,4,0,Ballupur Chowk,Fog,659,42.5,Medium
2025-09-25,8,0,3,0,Rajpur Road,Fog,1113,30.6,High
2025-07-25,9,15,4,0,Clock Tower,Rain,1208,28.2,High
2025-04-12,16,15,5,1,Prem Nagar,Fog,449,37.1,Low
2025-03-04,13,45,1,0,Dharampur Chowk,Fog,705,33.6,Medium
2025-05-23,14,45,4,0,ISBT,Fog,819,32.8,Medium
2025-12-08,18,45,0,0,Prem Nagar,Rain,887,35.7,Medium
2025-03-17,20,0,0,0,Clock Tower,Rain,548,44.7,Low
2025-09-08,21,15,0,0,Dharampur Chowk,Cloudy,500,48.5,Low
2025-01-16,9,0,3,0,Clock Tower,Fog,1150,29.0,High
2025-12-14,6,15,6,1,Ballupur Chowk,Rain,427,43.2,Low
2025-03-20,15,0,3,0,Clock Tower,Fog,620,38.7,Low
2025-08-27,12,30,2,0,Dharampur Chowk,Fog,406,42.7,Low
2025-09-09,22,30,1,0,Prem Nagar,Rain,350,47.0,Low
2025-10-04,6,0,5,1,Ballupur Chowk,Clear,571,45.9,Low
2025-07-16,20,30,2,0,Ballupur Chowk,Fog,439,38.1,Low
2025-08-24,7,0,6,1,Rajpur Road,Rain,490,46.7,Low
2025-12-28,11,45,6,1,Ballupur Chowk,Cloudy,514,49.0,Low
2025-06-09,18,45,0,0,Clock Tower,Fog,956,31.6,Medium
2025-12-04,21,45,3,0,Prem Nagar,Cloudy,509,45.0,Low
2025-09-17,7,45,2,0,ISBT,Fog,490,38.0,Low
2025-10-30,18,30,3,0,ISBT,Rain,1380,29.7,High
2025-02-01,6,0,5,1,Rajpur Road,Rain,268,39.8,Low
2025-06-28,6,30,5,1,Ballupur Chowk,Clear,490,49.4,Low
2025-08-08,17,30,4,0,Ballupur Chowk,Rain,996,34.3,Medium
2025-01-29,13,15,2,0,Rajpur Road,Rain,765,43.2,Medium
2025-10-31,8,0,4,0,ISBT,Clear,1382,36.4,High
2025-06-22,11,0,6,1,Prem Nagar,Rain,384,38.1,Low
2025-01-20,20,45,0,0,Prem Nagar,Fog,451,41.2,Low
2025-05-17,6,45,5,1,Prem Nagar,Clear,455,60.0,Low
2025-06-12,18,45,3,0,ISBT,Clear,1341,41.0,High
2025-09-08,9,15,0,0,ISBT,Fog,1108,32.0,High
2025-09-15,16,15,0,0,Prem Nagar,Rain,435,42.5,Low
2025-07-06,19,15,6,1,Ballupur Chowk,Clear,1103,40.2,High
2025-10-02,12,30,3,0,ISBT,Clear,585,48.9,Low
2025-06-02,18,15,0,0,Prem Nagar,Clear,1006,37.2,Medium
2025-10-24,9,30,4,0,ISBT,Clear,1377,39.1,High
2025-10-18,22,45,5,1,Ballupur Chowk,Cloudy,522,48.6,Low
2025-06-27,8,30,4,0,Prem Nagar,Rain,819,40.6,Medium
2025-08-10,16,15,6,1,Ballupur Chowk,Fog,485,45.6,Low
2025-05-09,22,45,4,0,Dharampur Chowk,Cloudy,574,48.8,Low
2025-01-10,22,15,4,0,Prem Nagar,Fog,397,45.2,Low
2025-04-20,20,30,6,1,Dharampur Chowk,Fog,323,44.6,Low
2025-10-17,7,15,4,0,ISBT,Fog,549,39.0,Low
2025-03-17,13,15,0,0,Dharampur Chowk,Rain,781,39.6,Medium
2025-08-11,19,30,0,0,Clock Tower,Cloudy,1464,34.7,High
2025-07-31,14,30,3,0,Dharampur Chowk,Cloudy,1028,43.3,Medium
2025-05-12,13,45,0,0,Rajpur Road,Clear,966,39.8,Medium
2025-03-18,12,0,1,0,Rajpur Road,Rain,455,46.4,Low
2025-08-26,21,45,1,0,Ballupur Chowk,Clear,703,49.4,Medium
2025-04-14,11,30,0,0,Rajpur Road,Clear,536,46.7,Low
2025-05-13,14,15,1,0,Dharampur Chowk,Clear,728,43.4,Medium
2025-09-06,6,0,5,1,Clock Tower,Rain,583,40.3,Low
2025-11-05,15,0,2,0,Ballupur Chowk,Rain,621,40.6,Low
2025-12-10,8,45,2,0,Dharampur Chowk,Cloudy,1203,34.4,High
2025-05-01,9,0,3,0,Prem Nagar,Rain,884,28.4,Medium
2025-09-12,8,15,4,0,Prem Nagar,Clear,960,36.4,Medium
2025-06-10,16,45,1,0,Dharampur Chowk,Cloudy,685,47.5,Medium
2025-08-05,12,15,1,0,Clock Tower,Cloudy,728,49.2,Medium
2025-04-20,14,45,6,1,Ballupur Chowk,Rain,667,45.7,Medium
2025-10-29,7,45,2,0,Prem Nagar,Rain,513,42.0,Low
2025-12-25,9,30,3,0,Prem Nagar,Fog,870,31.3,Medium
2025-09-01,13,30,0,0,Rajpur Road,Rain,741,37.6,Medium
2025-09-01,17,30,0,0,Clock Tower,Clear,1361,32.4,High
2025-12-06,7,15,5,1,ISBT,Fog,578,38.0,Low
2025-06-08,17,0,6,1,Prem Nagar,Cloudy,956,39.6,Medium
2025-08-15,18,0,4,0,Ballupur Chowk,Rain,1071,35.5,High
2025-06-04,8,15,2,0,ISBT,Cloudy,1331,35.8,High
2025-03-24,20,30,0,0,Dharampur Chowk,Fog,339,48.1,Low
2025-01-18,14,0,5,1,Ballupur Chowk,Fog,733,36.8,Medium
2025-07-31,16,45,3,0,Clock Tower,Cloudy,792,41.1,Medium
2025-12-24,14,0,2,0,ISBT,Fog,910,34.6,Medium
2025-11-05,16,45,2,0,Dharampur Chowk,Clear,581,50.5,Low
2025-01-27,11,45,0,0,Dharampur Chowk,Cloudy,647,46.6,Low
2025-01-02,18,15,3,0,Dharampur Chowk,Rain,944,33.6,Medium
2025-06-10,8,0,1,0,Rajpur Road,Cloudy,1218,37.9,High
2025-09-22,10,45,0,0,ISBT,Fog,475,47.4,Low
2025-09-02,10,30,1,0,Rajpur Road,Rain,647,42.6,Low
2025-05-25,12,0,6,1,Ballupur Chowk,Rain,490,42.4,Low
2025-04-04,18,45,4,0,Prem Nagar,Cloudy,1015,40.7,Medium
2025-01-11,6,15,5,1,Clock Tower,Fog,468,36.6,Low
2025-04-12,14,15,5,1,Clock Tower,Fog,712,36.4,Medium
2025-11-13,19,30,3,0,Rajpur Road,Clear,1095,36.8,High
2025-07-08,11,0,1,0,Clock Tower,Fog,493,45.6,Low
2025-08-21,21,0,3,0,Rajpur Road,Cloudy,658,41.6,Medium
2025-04-08,14,30,1,0,Dharampur Chowk,Fog,726,32.0,Medium
2025-07-15,10,45,1,0,Rajpur Road,Cloudy,700,43.6,Medium
2025-05-25,12,45,6,1,Rajpur Road,Fog,390,45.4,Low
2025-03-16,6,30,6,1,ISBT,Cloudy,527,43.3,Low
2025-11-13,20,15,3,0,ISBT,Fog,518,42.7,Low
2025-02-13,6,45,3,0,Rajpur Road,Rain,404,35.7,Low
2025-12-21,18,15,6,1,Dharampur Chowk,Fog,777,37.6,Medium
2025-12-29,19,30,0,0,Clock Tower,Clear,1500,32.2,High
2025-10-13,7,0,0,0,ISBT,Cloudy,709,48.3,Medium
2025-08-30,17,0,5,1,Clock Tower,Rain,924,35.6,Medium
2025-09-16,18,30,1,0,Ballupur Chowk,Rain,1232,33.7,High
2025-03-09,7,15,6,1,ISBT,Cloudy,590,46.7,Low
2025-09-15,21,30,0,0,Ballupur Chowk,Cloudy,466,46.4,Low
2025-02-15,16,45,5,1,Rajpur Road,Rain,483,40.2,Low
2025-03-01,16,0,5,1,Rajpur Road,Fog,402,42.6,Low
2025-05-24,17,45,5,1,ISBT,Rain,1126,34.4,High
2025-11-10,14,30,0,0,Ballupur Chowk,Cloudy,943,40.9,Medium
2025-06-11,21,15,2,0,Prem Nagar,Fog,438,41.2,Low
2025-01-28,12,15,1,0,Clock Tower,Cloudy,644,46.5,Low
2025-04-04,7,45,4,0,ISBT,Cloudy,799,37.4,Medium
2025-12-28,20,45,6,1,Clock Tower,Fog,540,38.3,Low
2025-01-21,20,30,1,0,Dharampur Chowk,Fog,482,43.7,Low
2025-08-23,21,0,5,1,Dharampur Chowk,Cloudy,390,47.3,Low
2025-03-05,17,0,2,0,Rajpur Road,Rain,1100,31.9,High
2025-04-03,11,30,3,0,Prem Nagar,Cloudy,650,43.1,Medium
2025-10-26,6,15,6,1,Ballupur Chowk,Clear,494,48.6,Low
2025-05-07,21,0,2,0,ISBT,Clear,610,45.1,Low
2025-05-26,9,45,0,0,ISBT,Clear,1439,33.4,High
2025-06-15,10,0,6,1,Clock Tower,Fog,440,39.1,Low
2025-12-29,21,45,0,0,Dharampur Chowk,Rain,383,45.5,Low
2025-11-01,6,30,5,1,Clock Tower,Fog,587,38.7,Low
2025-06-16,10,15,0,0,Clock Tower,Rain,610,43.4,Low
2025-06-15,7,0,6,1,Prem Nagar,Fog,229,48.8,Low
2025-02-17,18,30,0,0,Rajpur Road,Cloudy,1326,41.0,High
2025-07-24,8,0,3,0,Rajpur Road,Cloudy,1169,43.8,High
2025-07-18,18,30,4,0,Dharampur Chowk,Cloudy,1317,37.8,High
2025-03-03,15,45,0,0,Ballupur Chowk,Rain,589,40.8,Low
2025-12-17,10,30,2,0,Dharampur Chowk,Clear,656,46.0,Medium
2025-07-08,22,15,1,0,Ballupur Chowk,Fog,349,38.7,Low
2025-07-18,21,30,4,0,Prem Nagar,Fog,375,42.6,Low
2025-02-16,19,30,6,1,Prem Nagar,Cloudy,923,45.5,Medium
2025-08-11,19,0,0,0,Clock Tower,Rain,1107,34.6,High
2025-08-26,13,15,1,0,Ballupur Chowk,Clear,826,45.5,Medium
2025-05-29,20,45,3,0,Clock Tower,Fog,518,40.9,Low
2025-06-03,10,15,1,0,Dharampur Chowk,Rain,435,47.6,Low
2025-05-08,22,45,3,0,ISBT,Clear,790,45.5,Medium
2025-10-10,8,0,4,0,Prem Nagar,Clear,964,43.0,Medium
2025-09-19,19,45,4,0,Clock Tower,Fog,1066,34.3,High
2025-12-05,14,30,4,0,ISBT,Clear,1215,40.9,High
2025-09-15,6,0,0,0,Dharampur Chowk,Fog,390,42.5,Low
2025-04-02,11,45,2,0,Clock Tower,Clear,554,48.8,Low
2025-08-02,15,30,5,1,Prem Nagar,Fog,367,36.1,Low
2025-12-10,20,30,2,0,ISBT,Cloudy,649,44.9,Low
2025-04-19,11,0,5,1,Dharampur Chowk,Rain,404,40.6,Low
2025-12-11,9,45,3,0,Prem Nagar,Clear,1006,41.4,Medium
2025-01-03,18,0,4,0,Clock Tower,Cloudy,1458,31.9,High
2025-12-02,21,45,1,0,Dharampur Chowk,Fog,532,44.4,Low
2025-12-03,21,30,2,0,Prem Nagar,Rain,400,42.4,Low
2025-12-20,18,30,5,1,Clock Tower,Cloudy,1292,35.5,High
2025-03-11,6,15,1,0,Clock Tower,Clear,646,48.0,Low
2025-12-23,12,0,1,0,Rajpur Road,Fog,315,46.5,Low
2025-11-29,10,15,5,1,Ballupur Chowk,Cloudy,571,45.6,Low
2025-02-14,15,45,4,0,Rajpur Road,Fog,460,40.3,Low
2025-08-05,6,0,1,0,Rajpur Road,Cloudy,475,52.7,Low
2025-12-26,20,45,4,0,Ballupur Chowk,Clear,637,47.2,Low
2025-08-19,13,15,1,0,ISBT,Fog,943,30.5,Medium
2025-01-27,16,0,0,0,Clock Tower,Fog,564,38.1,Low
2025-08-01,21,30,4,0,Clock Tower,Fog,594,32.1,Medium
2025-07-24,21,45,3,0,Rajpur Road,Clear,577,44.9,Low
2025-09-28,6,45,6,1,Prem Nagar,Rain,407,45.6,Low
2025-10-11,8,30,5,1,Dharampur Chowk,Fog,705,34.8,Medium
2025-08-31,9,45,6,1,Prem Nagar,Rain,737,36.8,Medium
2025-08-18,19,0,0,0,Rajpur Road,Rain,1190,31.9,High
2025-04-09,21,30,2,0,Ballupur Chowk,Cloudy,432,47.7,Low
2025-09-17,13,30,2,0,Prem Nagar,Fog,514,34.8,Medium
2025-03-09,15,45,6,1,Ballupur Chowk,Rain,385,44.8,Low
2025-08-30,11,15,5,1,ISBT,Clear,707,45.8,Medium
2025-12-08,21,15,0,0,Rajpur Road,Cloudy,565,48.3,Low
2025-03-22,21,0,5,1,Ballupur Chowk,Fog,394,39.3,Low
2025-06-05,13,15,3,0,Prem Nagar,Clear,655,40.4,Medium
2025-01-10,17,30,4,0,ISBT,Cloudy,1552,33.3,High
2025-03-31,22,0,0,0,Clock Tower,Rain,584,40.4,Low
2025-08-09,9,15,5,1,Clock Tower,Cloudy,1099,41.1,High
2025-09-07,14,30,6,1,ISBT,Clear,815,45.7,Medium
2025-10-13,14,15,0,0,Dharampur Chowk,Clear,779,41.6,Medium
2025-12-28,7,45,6,1,Ballupur Chowk,Clear,421,47.5,Low
2025-02-24,9,0,0,0,Prem Nagar,Clear,1053,41.5,High
2025-03-27,9,15,3,0,ISBT,Cloudy,1562,34.3,High
2025-05-30,20,45,4,0,Dharampur Chowk,Clear,472,47.3,Low
2025-03-20,17,30,3,0,Rajpur Road,Clear,1185,42.1,High
2025-04-14,20,45,0,0,Clock Tower,Cloudy,595,49.2,Low
2025-08-31,16,30,6,1,Prem Nagar,Cloudy,506,53.3,Low
2025-02-13,14,30,3,0,Dharampur Chowk,Fog,654,39.8,Medium
2025-07-04,13,15,4,0,Prem Nagar,Fog,780,34.0,Medium
2025-04-27,10,45,6,1,Ballupur Chowk,Fog,308,37.0,Low
2025-08-23,22,30,5,1,Clock Tower,Fog,504,34.2,Medium
2025-03-16,6,0,6,1,Clock Tower,Rain,473,44.6,Low
2025-06-11,18,15,2,0,Ballupur Chowk,Clear,1366,36.8,High
2025-07-21,7,15,0,0,Prem Nagar,Clear,505,51.6,Low
2025-11-20,22,30,3,0,Ballupur Chowk,Fog,430,38.8,Low
2025-12-15,15,30,0,0,ISBT,Clear,645,48.3,Low
2025-05-24,22,15,5,1,Dharampur Chowk,Fog,453,41.9,Low
2025-08-17,12,45,6,1,Dharampur Chowk,Rain,523,39.0,Low
2025-11-29,18,15,5,1,ISBT,Clear,1415,39.4,High
2025-01-19,16,45,6,1,Dharampur Chowk,Cloudy,559,52.4,Low
2025-09-24,15,15,2,0,Clock Tower,Rain,459,41.9,Low
2025-09-24,16,15,2,0,Clock Tower,Clear,599,48.6,Low
2025-10-04,14,15,5,1,ISBT,Fog,653,39.9,Medium
2025-09-16,9,0,1,0,ISBT,Rain,1382,32.3,High
2025-11-18,22,30,1,0,Clock Tower,Clear,680,42.3,Medium
2025-11-30,9,45,6,1,ISBT,Clear,1133,42.6,High
2025-08-21,16,15,3,0,Dharampur Chowk,Cloudy,651,45.6,Medium
2025-06-29,15,30,6,1,Dharampur Chowk,Cloudy,466,42.3,Low
2025-07-13,22,15,6,1,Clock Tower,Rain,417,49.8,Low
2025-09-22,12,30,0,0,Ballupur Chowk,Clear,531,48.0,Low
2025-03-17,19,45,0,0,Clock Tower,Clear,1484,30.0,High
2025-02-01,19,15,5,1,Ballupur Chowk,Cloudy,1221,40.4,High
2025-08-17,8,30,6,1,Dharampur Chowk,Fog,763,44.7,Medium
2025-10-29,22,45,2,0,ISBT,Fog,432,44.0,Low
2025-11-22,19,45,5,1,Dharampur Chowk,Fog,799,37.9,Medium
2025-08-02,11,15,5,1,Prem Nagar,Cloudy,470,46.1,Low
2025-09-06,20,15,5,1,Dharampur Chowk,Clear,494,42.4,Low
2025-12-22,12,45,0,0,Ballupur Chowk,Clear,682,46.2,Medium
2025-03-22,17,0,5,1,Prem Nagar,Fog,758,39.3,Medium
2025-02-26,9,30,2,0,Prem Nagar,Rain,906,37.5,Medium
2025-01-21,22,15,1,0,Clock Tower,Rain,521,40.4,Low
2025-06-06,17,30,4,0,ISBT,Fog,1301,32.7,High
2025-01-15,10,15,2,0,Prem Nagar,Fog,370,41.9,Low
2025-01-25,15,30,5,1,Rajpur Road,Cloudy,449,52.1,Low
2025-09-08,6,0,0,0,Prem Nagar,Rain,491,48.8,Low
2025-02-04,7,45,1,0,Ballupur Chowk,Rain,500,41.7,Low
2025-10-17,20,30,4,0,Ballupur Chowk,Fog,525,41.4,Low
2025-11-07,10,15,4,0,Prem Nagar,Fog,372,39.1,Low
2025-08-19,20,15,1,0,Dharampur Chowk,Rain,575,43.9,Low
2025-02-15,19,45,5,1,Rajpur Road,Fog,775,40.0,Medium
2025-06-23,7,45,0,0,Dharampur Chowk,Rain,598,41.9,Low
2025-11-27,8,15,3,0,Dharampur Chowk,Clear,1127,40.6,High
2025-10-20,15,0,0,0,Dharampur Chowk,Clear,491,48.1,Low
2025-04-09,7,15,2,0,Ballupur Chowk,Clear,461,51.0,Low
2025-03-03,11,0,0,0,ISBT,Cloudy,617,50.7,Low
2025-05-06,20,0,1,0,Prem Nagar,Rain,412,43.5,Low
2025-07-25,7,45,4,0,Clock Tower,Rain,542,41.4,Low
2025-08-12,11,45,1,0,Clock Tower,Rain,705,32.5,Medium
2025-07-15,14,0,1,0,Clock Tower,Clear,1111,40.1,High
2025-10-05,11,30,6,1,Rajpur Road,Cloudy,425,45.7,Low
2025-05-11,8,15,6,1,ISBT,Fog,1095,28.5,High
2025-12-14,11,0,6,1,Prem Nagar,Rain,280,49.4,Low
2025-04-03,6,0,3,0,ISBT,Fog,592,35.7,Low
2025-02-20,16,15,3,0,Ballupur Chowk,Rain,587,38.5,Low
2025-05-13,18,0,1,0,Clock Tower,Cloudy,1562,35.9,High
2025-05-03,13,45,5,1,Prem Nagar,Fog,550,40.2,Low
2025-02-28,14,0,4,0,ISBT,Fog,1007,32.6,Medium
2025-10-11,19,0,5,1,Ballupur Chowk,Clear,1054,41.3,High
2025-07-28,13,0,0,0,ISBT,Clear,1250,34.1,High
2025-05-07,10,30,2,0,Prem Nagar,Fog,361,43.1,Low
2025-08-17,8,15,6,1,Rajpur Road,Rain,890,34.3,Medium
2025-10-04,11,15,5,1,Prem Nagar,Fog,421,47.9,Low
2025-10-12,20,0,6,1,Clock Tower,Fog,463,37.7,Low
2025-11-14,15,15,4,0,Clock Tower,Clear,534,48.1,Low
2025-09-04,14,30,3,0,Dharampur Chowk,Fog,776,37.3,Medium
2025-06-29,12,30,6,1,Clock Tower,Cloudy,587,44.8,Low
2025-10-01,8,30,2,0,Clock Tower,Fog,965,35.7,Medium
2025-12-24,9,15,2,0,Dharampur Chowk,Rain,1082,29.9,High
2025-08-10,12,30,6,1,Dharampur Chowk,Rain,556,43.8,Low
2025-11-22,14,45,5,1,ISBT,Cloudy,1079,35.6,High
2025-12-06,16,30,5,1,Rajpur Road,Fog,288,42.4,Low
2025-11-03,16,0,0,0,Dharampur Chowk,Cloudy,628,51.4,Low
2025-11-27,6,45,3,0,Clock Tower,Clear,714,44.1,Medium
2025-12-11,11,45,3,0,Prem Nagar,Fog,307,46.3,Low
2025-07-21,8,0,0,0,Prem Nagar,Clear,897,47.1,Medium
2025-12-10,20,0,2,0,ISBT,Fog,542,44.0,Low
2025-11-04,17,45,1,0,Rajpur Road,Clear,1302,36.0,High
2025-03-05,20,30,2,0,Rajpur Road,Fog,426,39.9,Low
2025-01-05,13,0,6,1,ISBT,Rain,863,37.9,Medium
2025-04-09,8,30,2,0,Dharampur Chowk,Cloudy,1129,38.4,High
2025-04-30,21,30,2,0,Clock Tower,Rain,598,35.1,Low
2025-09-10,12,0,2,0,Rajpur Road,Fog,504,36.9,Low
2025-02-26,14,45,2,0,Rajpur Road,Cloudy,849,37.8,Medium
2025-12-04,11,0,3,0,Prem Nagar,Cloudy,368,45.7,Low
2025-02-03,10,30,0,0,Prem Nagar,Cloudy,455,54.4,Low
2025-09-25,14,15,3,0,Dharampur Chowk,Clear,817,43.9,Medium
2025-12-21,14,45,6,1,Clock Tower,Fog,718,37.1,Medium
2025-11-25,7,30,1,0,Ballupur Chowk,Fog,500,36.3,Low
2025-05-21,9,45,2,0,Ballupur Chowk,Rain,1256,37.5,High
2025-09-22,7,15,0,0,Clock Tower,Rain,457,40.4,Low
2025-08-04,20,30,0,0,Clock Tower,Fog,504,36.9,Low
2025-04-10,16,0,3,0,Prem Nagar,Clear,527,45.3,Low
2025-04-26,19,0,5,1,Rajpur Road,Cloudy,1287,40.2,High
2025-03-26,16,30,2,0,Clock Tower,Clear,675,48.4,Medium
2025-01-15,21,45,2,0,Clock Tower,Rain,680,38.6,Medium
2025-05-09,13,0,4,0,Ballupur Chowk,Cloudy,955,41.6,Medium
2025-06-24,7,30,1,0,Prem Nagar,Cloudy,580,47.1,Low
2025-02-07,20,0,4,0,Dharampur Chowk,Fog,322,40.0,Low
2025-10-24,9,0,4,0,Clock Tower,Clear,1310,36.1,High
2025-07-13,16,0,6,1,Rajpur Road,Clear,655,41.5,Medium
2025-08-15,7,30,4,0,Prem Nagar,Fog,430,45.3,Low
2025-02-03,9,0,0,0,Prem Nagar,Clear,1156,37.3,High
2025-05-31,18,45,5,1,Clock Tower,Fog,994,34.5,Medium
2025-04-30,6,45,2,0,Ballupur Chowk,Fog,522,39.2,Low
2025-08-08,9,30,4,0,Dharampur Chowk,Clear,1156,30.9,High
2025-08-21,22,30,3,0,Prem Nagar,Cloudy,566,47.3,Low
2025-02-25,9,0,1,0,Prem Nagar,Clear,957,47.5,Medium
2025-10-31,12,15,4,0,Dharampur Chowk,Rain,450,42.4,Low
2025-07-01,19,45,1,0,Dharampur Chowk,Fog,1116,28.6,High
2025-04-06,13,15,6,1,Clock Tower,Clear,813,42.9,Medium
2025-03-07,15,45,4,0,Prem Nagar,Rain,506,43.4,Low
2025-06-09,10,15,0,0,Ballupur Chowk,Rain,466,41.7,Low
2025-11-05,16,30,2,0,ISBT,Clear,658,45.4,Medium
2025-09-23,10,0,1,0,Rajpur Road,Clear,619,47.4,Low
2025-08-05,17,15,1,0,Rajpur Road,Cloudy,1168,41.5,High
2025-02-05,16,15,2,0,Dharampur Chowk,Fog,468,44.5,Low
2025-12-22,20,30,0,0,Prem Nagar,Rain,474,46.5,Low
2025-11-12,15,45,2,0,ISBT,Cloudy,779,47.9,Medium
2025-02-23,20,0,6,1,Ballupur Chowk,Cloudy,607,46.0,Low
2025-01-02,13,15,3,0,Ballupur Chowk,Cloudy,1202,40.5,High
2025-05-03,21,30,5,1,Dharampur Chowk,Fog,427,37.1,Low
2025-04-16,18,15,2,0,Clock Tower,Rain,1160,34.3,High
2025-01-06,8,30,0,0,Clock Tower,Clear,1327,34.2,High
2025-03-14,15,45,4,0,Rajpur Road,Rain,537,47.1,Low
2025-01-23,6,15,3,0,Rajpur Road,Rain,582,38.3,Low
2025-03-31,13,30,0,0,Dharampur Chowk,Cloudy,893,39.8,Medium
2025-06-23,13,15,0,0,Rajpur Road,Clear,865,41.4,Medium
2025-04-01,14,0,1,0,Clock Tower,Cloudy,1021,36.6,Medium
2025-07-14,9,30,0,0,Rajpur Road,Rain,1042,33.4,Medium
2025-08-22,13,30,4,0,ISBT,Cloudy,903,48.3,Medium
2025-09-27,19,0,5,1,Clock Tower,Cloudy,1340,34.7,High
2025-03-08,12,15,5,1,Prem Nagar,Fog,333,38.7,Low
2025-12-22,17,30,0,0,Prem Nagar,Fog,967,38.9,Medium
2025-11-22,13,0,5,1,Prem Nagar,Cloudy,679,48.4,Medium
2025-10-02,15,15,3,0,ISBT,Cloudy,756,40.2,Medium
2025-01-28,14,15,1,0,Prem Nagar,Fog,565,39.3,Low
2025-04-18,8,45,4,0,Dharampur Chowk,Clear,1084,38.9,High
2025-03-27,22,45,3,0,Dharampur Chowk,Rain,497,42.7,Low
2025-09-13,22,45,5,1,Rajpur Road,Rain,451,40.4,Low
2025-12-31,17,45,2,0,Dharampur Chowk,Fog,899,30.3,Medium
2025-08-31,14,45,6,1,Dharampur Chowk,Clear,808,37.1,Medium
2025-04-17,13,15,3,0,Ballupur Chowk,Cloudy,1112,43.3,High
2025-07-22,12,30,1,0,Ballupur Chowk,Fog,482,32.3,Medium
2025-10-20,11,30,0,0,ISBT,Clear,677,45.1,Medium
2025-03-10,8,30,0,0,Ballupur Chowk,Rain,1059,33.3,High
2025-04-28,7,45,0,0,Prem Nagar,Rain,561,44.0,Low
2025-08-07,20,45,3,0,Ballupur Chowk,Fog,433,36.0,Low
2025-07-08,21,30,1,0,ISBT,Fog,539,38.7,Low
2025-01-13,11,45,0,0,Rajpur Road,Rain,566,40.3,Low
2025-11-27,8,30,3,0,Clock Tower,Rain,1225,38.3,High
2025-09-14,22,0,6,1,ISBT,Cloudy,696,44.9,Medium
2025-02-20,9,0,3,0,ISBT,Clear,1399,33.9,High
2025-10-07,12,30,1,0,Rajpur Road,Rain,620,39.3,Low
2025-05-09,15,30,4,0,Rajpur Road,Cloudy,617,46.3,Low
2025-10-06,14,0,0,0,ISBT,Rain,935,32.5,Medium
2025-06-27,18,45,4,0,Prem Nagar,Clear,1065,39.6,High
2025-08-30,22,15,5,1,Ballupur Chowk,Cloudy,605,44.8,Low
2025-04-27,12,45,6,1,Rajpur Road,Fog,495,37.3,Low
2025-08-25,16,0,0,0,ISBT,Cloudy,879,37.2,Medium
2025-08-08,19,15,4,0,Ballupur Chowk,Fog,1116,32.5,High
2025-10-13,6,30,0,0,Rajpur Road,Cloudy,550,48.4,Low
2025-06-06,6,45,4,0,Dharampur Chowk,Rain,606,34.7,Medium
2025-06-23,13,45,0,0,Ballupur Chowk,Fog,817,27.8,Medium
2025-12-20,15,30,5,1,Prem Nagar,Clear,337,55.1,Low
2025-10-18,7,15,5,1,Rajpur Road,Rain,400,40.8,Low
2025-10-18,18,45,5,1,Rajpur Road,Fog,832,41.3,Medium
2025-02-02,18,15,6,1,Ballupur Chowk,Clear,1002,37.5,Medium
2025-06-18,20,30,2,0,Clock Tower,Cloudy,810,49.0,Medium
2025-02-23,11,0,6,1,Dharampur Chowk,Fog,372,38.0,Low
2025-01-14,11,15,1,0,Clock Tower,Fog,694,41.9,Medium
2025-05-26,12,15,0,0,ISBT,Clear,761,41.7,Medium
2025-08-21,7,30,3,0,Prem Nagar,Clear,483,47.6,Low
2025-03-29,16,45,5,1,Ballupur Chowk,Cloudy,592,50.9,Low
2025-02-26,10,45,2,0,Ballupur Chowk,Clear,704,41.7,Medium
2025-07-19,12,15,5,1,Rajpur Road,Rain,557,43.0,Low
2025-08-10,21,15,6,1,Prem Nagar,Rain,427,48.3,Low
2025-10-28,12,45,1,0,ISBT,Cloudy,653,45.6,Medium
2025-01-04,10,45,5,1,Clock Tower,Fog,405,36.5,Low
2025-11-06,13,30,3,0,Prem Nagar,Fog,625,45.6,Low
2025-08-24,20,0,6,1,Dharampur Chowk,Clear,329,50.2,Low
2025-05-28,20,30,2,0,Dharampur Chowk,Rain,555,42.4,Low
2025-07-20,11,45,6,1,Rajpur Road,Cloudy,513,43.8,Low
2025-11-13,19,45,3,0,Ballupur Chowk,Cloudy,1438,32.2,High
2025-12-24,9,45,2,0,Dharampur Chowk,Clear,946,45.1,Medium
2025-05-03,11,30,5,1,Dharampur Chowk,Rain,505,42.9,Low
2025-12-08,8,15,0,0,Ballupur Chowk,Fog,1032,35.5,Medium
2025-10-11,9,30,5,1,Clock Tower,Clear,1136,41.5,High
2025-09-16,16,45,1,0,Ballupur Chowk,Cloudy,641,49.8,Low
2025-05-10,12,0,5,1,Ballupur Chowk,Clear,564,47.5,Low
2025-02-07,20,45,4,0,ISBT,Fog,463,41.2,Low
2025-04-10,18,0,3,0,Clock Tower,Rain,1197,31.0,High
2025-02-28,10,30,4,0,Dharampur Chowk,Fog,383,38.3,Low
2025-09-06,20,0,5,1,Clock Tower,Cloudy,757,48.2,Medium
2025-08-13,10,45,2,0,ISBT,Cloudy,895,38.5,Medium
2025-03-29,6,0,5,1,Rajpur Road,Rain,453,39.6,Low
2025-03-05,18,15,2,0,Clock Tower,Clear,1348,33.0,High
2025-12-13,14,15,5,1,Ballupur Chowk,Rain,842,36.8,Medium
2025-04-02,12,0,2,0,Dharampur Chowk,Cloudy,674,47.2,Medium
2025-08-15,7,0,4,0,Ballupur Chowk,Rain,754,34.8,Medium
2025-08-16,7,0,5,1,Clock Tower,Fog,548,42.6,Low
2025-04-14,13,30,0,0,Rajpur Road,Cloudy,863,45.7,Medium
2025-02-16,6,45,6,1,Clock Tower,Clear,586,45.9,Low
2025-06-22,12,0,6,1,Rajpur Road,Clear,431,46.7,Low
2025-12-07,11,15,6,1,Clock Tower,Fog,611,38.3,Low
2025-09-20,9,30,5,1,ISBT,Cloudy,1324,33.7,High
2025-11-16,12,45,6,1,Ballupur Chowk,Clear,476,51.4,Low
2025-04-29,12,0,1,0,ISBT,Rain,528,41.2,Low
2025-03-30,6,45,6,1,Dharampur Chowk,Rain,431,44.2,Low
2025-01-07,18,15,1,0,Ballupur Chowk,Cloudy,1405,36.1,High
2025-02-03,14,30,0,0,Clock Tower,Clear,1064,42.0,High
2025-04-22,19,30,1,0,Prem Nagar,Fog,753,35.4,Medium
2025-02-22,11,30,5,1,Clock Tower,Rain,599,44.1,Low
2025-11-20,18,15,3,0,ISBT,Cloudy,1473,35.0,High
2025-11-22,16,45,5,1,Clock Tower,Rain,345,45.2,Low
2025-01-10,20,45,4,0,Prem Nagar,Cloudy,663,42.7,Medium
2025-09-15,6,15,0,0,Clock Tower,Clear,591,48.8,Low
2025-06-08,13,45,6,1,Rajpur Road,Clear,639,44.0,Low
2025-01-31,10,30,4,0,Ballupur Chowk,Rain,618,39.3,Low
2025-04-14,10,45,0,0,Rajpur Road,Clear,566,49.1,Low
2025-05-02,20,30,4,0,Rajpur Road,Rain,560,42.8,Low
2025-06-12,7,45,3,0,Dharampur Chowk,Rain,477,44.3,Low
2025-01-13,13,30,0,0,ISBT,Cloudy,1128,40.3,High
2025-04-16,7,15,2,0,Dharampur Chowk,Cloudy,548,46.6,Low
2025-11-08,18,30,5,1,Rajpur Road,Fog,769,35.9,Medium
2025-11-19,6,0,2,0,Ballupur Chowk,Clear,568,43.5,Low
2025-04-09,7,15,2,0,Rajpur Road,Cloudy,634,46.6,Low
2025-02-16,11,15,6,1,Rajpur Road,Clear,559,45.7,Low
2025-08-07,20,30,3,0,Rajpur Road,Cloudy,646,47.4,Low
2025-05-06,19,15,1,0,Prem Nagar,Cloudy,1127,36.4,High
2025-06-05,15,45,3,0,Dharampur Chowk,Cloudy,600,47.5,Low
2025-05-20,21,0,1,0,ISBT,Fog,566,32.7,Medium
2025-07-13,11,45,6,1,Ballupur Chowk,Fog,443,47.3,Low
2025-09-16,19,15,1,0,Ballupur Chowk,Clear,1323,33.9,High
2025-07-15,19,0,1,0,ISBT,Cloudy,1613,32.9,High
2025-10-11,11,30,5,1,Ballupur Chowk,Fog,526,35.7,Low
2025-06-06,20,30,4,0,Ballupur Chowk,Fog,565,40.7,Low
2025-02-06,16,15,3,0,Dharampur Chowk,Fog,437,41.8,Low
2025-04-11,10,15,4,0,Clock Tower,Clear,740,47.0,Medium
2025-09-14,17,45,6,1,Ballupur Chowk,Fog,827,37.6,Medium
2025-07-22,17,45,1,0,Ballupur Chowk,Rain,1211,32.9,High
2025-11-25,8,45,1,0,Clock Tower,Clear,1322,35.7,High
2025-07-17,11,15,3,0,Ballupur Chowk,Rain,665,40.2,Medium
2025-06-28,22,45,5,1,Dharampur Chowk,Rain,339,44.0,Low
2025-12-23,7,45,1,0,Ballupur Chowk,Cloudy,679,49.0,Medium
2025-05-05,21,0,0,0,ISBT,Clear,755,41.7,Medium
2025-12-24,10,30,2,0,Prem Nagar,Fog,588,39.4,Low
2025-12-15,10,30,0,0,Rajpur Road,Cloudy,716,44.3,Medium
2025-01-07,9,0,1,0,Dharampur Chowk,Fog,939,36.1,Medium
2025-07-23,8,15,2,0,Ballupur Chowk,Cloudy,1428,37.8,High
2025-08-07,14,30,3,0,Prem Nagar,Fog,667,36.5,Medium
2025-10-28,15,45,1,0,Dharampur Chowk,Clear,514,48.7,Low
2025-02-25,17,15,1,0,ISBT,Cloudy,1658,30.6,High
2025-07-23,15,0,2,0,Rajpur Road,Fog,553,43.5,Low
2025-01-01,9,0,2,0,Dharampur Chowk,Fog,823,32.7,Medium
2025-09-26,19,30,4,0,Dharampur Chowk,Fog,945,34.4,Medium
2025-03-29,11,30,5,1,Rajpur Road,Cloudy,480,52.2,Low
2025-04-12,21,15,5,1,Prem Nagar,Clear,448,48.7,Low
2025-08-19,12,15,1,0,Rajpur Road,Clear,470,44.3,Low
2025-04-04,12,30,4,0,Ballupur Chowk,Fog,529,33.0,Medium
2025-11-17,9,15,0,0,Clock Tower,Rain,1265,31.5,High
2025-02-13,18,0,3,0,ISBT,Clear,1767,36.7,High
2025-06-25,6,15,2,0,Ballupur Chowk,Fog,492,39.7,Low
2025-12-11,9,0,3,0,Clock Tower,Rain,1264,37.1,High
2025-01-04,7,0,5,1,Rajpur Road,Clear,366,44.4,Low
2025-07-12,22,30,5,1,Ballupur Chowk,Fog,381,43.3,Low
2025-06-22,19,30,6,1,ISBT,Rain,1193,36.2,High
2025-06-11,13,30,2,0,Dharampur Chowk,Fog,591,31.6,Medium
2025-07-13,7,30,6,1,ISBT,Clear,669,43.0,Medium
2025-01-02,20,45,3,0,Dharampur Chowk,Cloudy,427,49.3,Low
2025-01-14,9,30,1,0,Dharampur Chowk,Cloudy,1240,36.9,High
2025-07-08,20,45,1,0,Prem Nagar,Fog,353,41.5,Low
2025-12-05,12,0,4,0,Dharampur Chowk,Rain,474,39.2,Low
2025-01-09,17,0,3,0,Dharampur Chowk,Rain,1019,37.0,Medium
2025-12-14,20,15,6,1,Prem Nagar,Fog,357,42.4,Low
2025-07-24,8,30,3,0,Ballupur Chowk,Fog,934,33.1,Medium
2025-12-04,9,45,3,0,ISBT,Cloudy,1310,36.8,High
2025-12-31,10,0,2,0,Rajpur Road,Fog,582,34.3,Medium
2025-02-14,15,45,4,0,Rajpur Road,Fog,421,42.0,Low
2025-03-01,21,15,5,1,Rajpur Road,Cloudy,622,44.8,Low
2025-03-29,8,0,5,1,Ballupur Chowk,Clear,1021,34.5,Medium
2025-03-24,16,45,0,0,ISBT,Cloudy,750,50.4,Medium
2025-05-12,21,0,0,0,Dharampur Chowk,Cloudy,610,46.2,Low
2025-10-01,21,0,2,0,Dharampur Chowk,Rain,530,42.4,Low
2025-04-25,8,30,4,0,Ballupur Chowk,Fog,948,35.9,Medium
2025-12-01,19,15,0,0,Rajpur Road,Rain,1141,33.8,High
2025-03-01,15,0,5,1,Clock Tower,Clear,481,52.0,Low
2025-06-24,12,0,1,0,Prem Nagar,Rain,491,41.3,Low
2025-03-07,16,45,4,0,Prem Nagar,Clear,567,45.4,Low
2025-06-09,7,15,0,0,Ballupur Chowk,Fog,444,38.4,Low
2025-06-13,17,15,4,0,Prem Nagar,Cloudy,950,42.8,Medium
2025-02-24,18,0,0,0,Prem Nagar,Fog,685,33.5,Medium
2025-06-11,10,30,2,0,Rajpur Road,Fog,301,42.4,Low
2025-12-15,20,15,0,0,Prem Nagar,Rain,426,42.9,Low
2025-03-16,7,30,6,1,ISBT,Clear,517,44.1,Low
2025-05-21,21,15,2,0,Ballupur Chowk,Rain,607,39.7,Low
2025-12-27,18,0,5,1,ISBT,Cloudy,1371,32.8,High
2025-04-18,13,0,4,0,Rajpur Road,Fog,732,40.5,Medium
2025-07-20,15,15,6,1,Clock Tower,Fog,494,38.7,Low
2025-06-22,19,45,6,1,ISBT,Fog,1046,31.3,Medium
2025-07-20,8,30,6,1,ISBT,Cloudy,1262,36.0,High
2025-12-25,18,0,3,0,Rajpur Road,Rain,1110,34.8,High
2025-10-25,7,30,5,1,Ballupur Chowk,Cloudy,486,45.0,Low
2025-10-23,10,45,3,0,Dharampur Chowk,Fog,337,37.4,Low
2025-05-30,10,15,4,0,Rajpur Road,Cloudy,516,48.1,Low
2025-11-30,6,30,6,1,Dharampur Chowk,Clear,405,50.8,Low
2025-12-14,10,45,6,1,Ballupur Chowk,Cloudy,568,41.0,Low
2025-01-29,9,30,2,0,Ballupur Chowk,Cloudy,1383,37.7,High
2025-01-27,9,30,0,0,Prem Nagar,Fog,700,38.3,Medium
2025-03-18,18,15,1,0,Clock Tower,Clear,1335,36.2,High
2025-05-04,18,45,6,1,ISBT,Cloudy,1244,31.8,High
2025-12-01,18,0,0,0,Ballupur Chowk,Fog,1050,31.6,High
2025-05-21,20,30,2,0,Clock Tower,Clear,626,42.5,Low
2025-03-01,8,0,5,1,Ballupur Chowk,Cloudy,1099,40.1,High
2025-01-12,21,30,6,1,Dharampur Chowk,Clear,472,48.8,Low
2025-10-31,11,45,4,0,Ballupur Chowk,Fog,453,44.0,Low
2025-06-02,10,0,0,0,ISBT,Clear,612,47.7,Low
2025-10-03,11,45,4,0,Dharampur Chowk,Clear,655,47.1,Medium
2025-07-21,22,45,0,0,Clock Tower,Clear,641,44.3,Low
2025-04-17,9,15,3,0,Prem Nagar,Cloudy,1106,34.9,High
2025-01-03,20,30,4,0,Clock Tower,Clear,580,45.5,Low
2025-03-07,12,15,4,0,Clock Tower,Rain,691,41.3,Medium
2025-01-18,8,0,5,1,Prem Nagar,Rain,668,39.5,Medium
2025-07-06,11,45,6,1,Dharampur Chowk,Clear,427,46.8,Low
2025-05-08,15,0,3,0,Prem Nagar,Rain,517,38.5,Low
2025-12-04,20,15,3,0,Prem Nagar,Fog,518,42.1,Low
2025-12-22,16,30,0,0,Prem Nagar,Cloudy,599,45.1,Low
2025-12-19,9,0,4,0,Rajpur Road,Clear,1158,34.2,High
2025-04-07,10,30,0,0,Rajpur Road,Cloudy,572,48.3,Low
2025-11-05,12,30,2,0,ISBT,Cloudy,845,39.6,Medium
2025-11-15,19,0,5,1,Prem Nagar,Rain,766,38.6,Medium
2025-05-14,18,15,2,0,Ballupur Chowk,Fog,969,34.9,Medium
2025-02-12,14,45,2,0,Dharampur Chowk,Cloudy,844,42.4,Medium
2025-10-02,12,0,3,0,Dharampur Chowk,Rain,468,40.9,Low
2025-11-21,12,30,4,0,Prem Nagar,Cloudy,511,47.1,Low
2025-08-03,10,30,6,1,Ballupur Chowk,Fog,401,39.1,Low
2025-01-14,13,0,1,0,ISBT,Clear,1109,44.1,High
2025-09-30,9,45,1,0,Clock Tower,Rain,1195,35.9,High
2025-11-24,8,30,0,0,ISBT,Rain,1161,33.9,High
2025-03-16,13,30,6,1,Clock Tower,Clear,769,39.6,Medium
2025-07-13,13,45,6,1,Clock Tower,Clear,798,47.2,Medium
2025-03-31,22,30,0,0,Prem Nagar,Fog,466,41.1,Low
2025-02-18,22,30,1,0,Dharampur Chowk,Rain,381,44.0,Low
2025-10-10,14,0,4,0,Clock Tower,Cloudy,1083,40.1,High
2025-06-12,18,15,3,0,ISBT,Fog,1058,29.2,High
2025-09-02,10,30,1,0,Clock Tower,Cloudy,685,46.8,Medium
2025-12-03,10,15,2,0,Ballupur Chowk,Rain,394,43.9,Low
2025-01-28,17,15,1,0,Dharampur Chowk,Fog,968,35.7,Medium
2025-12-28,20,15,6,1,Ballupur Chowk,Rain,540,44.0,Low
2025-08-28,22,30,3,0,ISBT,Fog,501,34.1,Medium
2025-09-24,13,30,2,0,Dharampur Chowk,Clear,828,46.2,Medium
2025-06-06,19,30,4,0,Clock Tower,Clear,1515,35.5,High
2025-02-09,13,0,6,1,Rajpur Road,Clear,796,44.8,Medium
2025-02-13,15,45,3,0,Clock Tower,Fog,482,39.7,Low
2025-12-13,22,15,5,1,Ballupur Chowk,Fog,564,36.1,Low
2025-09-21,9,45,6,1,Clock Tower,Cloudy,1303,35.4,High
2025-01-04,19,30,5,1,Rajpur Road,Clear,1166,34.1,High
2025-11-07,20,15,4,0,Dharampur Chowk,Cloudy,635,43.7,Low
2025-03-31,8,30,0,0,Rajpur Road,Rain,939,37.2,Medium
2025-01-27,19,45,0,0,Ballupur Chowk,Cloudy,1500,31.0,High
2025-07-11,9,30,4,0,Dharampur Chowk,Cloudy,1057,39.6,High
2025-10-04,9,30,5,1,ISBT,Fog,954,35.0,Medium
2025-05-31,14,15,5,1,Clock Tower,Fog,762,35.9,Medium
2025-04-22,15,0,1,0,Ballupur Chowk,Fog,655,38.3,Medium
2025-01-30,17,0,3,0,Prem Nagar,Fog,804,30.7,Medium
2025-06-18,15,30,2,0,Clock Tower,Clear,637,44.9,Low
2025-06-29,11,45,6,1,ISBT,Clear,677,46.7,Medium
2025-02-21,19,45,4,0,Rajpur Road,Clear,1153,39.0,High
2025-09-28,22,15,6,1,Ballupur Chowk,Clear,592,51.1,Low
2025-09-07,6,15,6,1,Dharampur Chowk,Rain,499,45.2,Low
2025-04-26,21,45,5,1,ISBT,Rain,545,43.4,Low
2025-07-06,19,15,6,1,Prem Nagar,Rain,895,33.2,Medium
2025-02-25,20,45,1,0,Rajpur Road,Cloudy,586,44.3,Low
2025-07-01,19,0,1,0,ISBT,Cloudy,1613,35.6,High
2025-02-26,12,30,2,0,Clock Tower,Cloudy,643,38.6,Low
2025-07-22,19,30,1,0,Clock Tower,Cloudy,1441,37.2,High
2025-12-08,12,45,0,0,Dharampur Chowk,Rain,547,43.5,Low
2025-03-02,19,45,6,1,Prem Nagar,Fog,684,33.4,Medium
2025-12-16,10,30,1,0,Ballupur Chowk,Fog,548,36.7,Low
2025-03-09,9,0,6,1,Clock Tower,Cloudy,1349,37.4,High
2025-03-21,17,0,4,0,Dharampur Chowk,Cloudy,1209,35.9,High
2025-01-27,16,45,0,0,Prem Nagar,Clear,480,47.4,Low
2025-08-11,21,30,0,0,ISBT,Fog,654,38.2,Medium
2025-02-12,19,15,2,0,Prem Nagar,Cloudy,1033,45.9,Medium
2025-09-19,11,15,4,0,ISBT,Clear,710,47.2,Medium
2025-05-15,13,45,3,0,Rajpur Road,Fog,668,38.5,Medium
2025-12-28,9,15,6,1,Rajpur Road,Cloudy,1069,34.1,High
2025-04-28,9,15,0,0,Ballupur Chowk,Clear,1428,38.5,High
2025-05-21,12,15,2,0,Ballupur Chowk,Clear,601,43.1,Low
2025-11-12,12,0,2,0,Clock Tower,Fog,554,39.3,Low
2025-07-28,22,30,0,0,Dharampur Chowk,Cloudy,617,46.8,Low
2025-04-24,16,45,3,0,Ballupur Chowk,Clear,674,49.7,Medium
2025-09-19,19,0,4,0,ISBT,Clear,1553,29.7,High
2025-05-18,17,30,6,1,ISBT,Fog,1134,35.7,High
2025-05-07,16,0,2,0,Rajpur Road,Clear,837,39.7,Medium
2025-01-01,7,30,2,0,Rajpur Road,Rain,545,36.0,Low
2025-08-30,14,0,5,1,Ballupur Chowk,Cloudy,911,40.3,Medium
2025-05-10,21,30,5,1,ISBT,Rain,694,37.8,Medium
2025-02-27,9,0,3,0,Dharampur Chowk,Cloudy,1042,38.7,Medium
2025-06-19,17,30,3,0,Dharampur Chowk,Rain,918,39.1,Medium
2025-05-02,14,15,4,0,Prem Nagar,Fog,432,40.9,Low
2025-02-14,9,15,4,0,Dharampur Chowk,Clear,955,40.4,Medium
2025-01-22,12,15,2,0,Dharampur Chowk,Fog,579,39.8,Low
2025-02-20,8,30,3,0,ISBT,Fog,1061,31.7,High
2025-04-14,10,0,0,0,Rajpur Road,Cloudy,615,47.6,Low
2025-08-03,14,30,6,1,ISBT,Fog,627,39.8,Low
2025-11-19,9,45,2,0,Clock Tower,Fog,836,33.2,Medium
2025-08-03,22,0,6,1,Rajpur Road,Rain,408,46.1,Low
2025-12-23,10,30,1,0,Clock Tower,Clear,659,41.4,Medium
2025-12-22,12,45,0,0,Ballupur Chowk,Clear,554,47.7,Low
2025-03-26,20,45,2,0,Prem Nagar,Fog,383,39.8,Low
2025-07-25,14,15,4,0,Rajpur Road,Clear,858,44.8,Medium
2025-03-23,12,0,6,1,Prem Nagar,Fog,290,42.6,Low
2025-09-15,22,30,0,0,ISBT,Cloudy,915,37.7,Medium
2025-06-01,14,0,6,1,Rajpur Road,Cloudy,652,48.0,Medium
2025-01-24,13,30,4,0,Clock Tower,Cloudy,1005,39.7,Medium
2025-05-23,10,30,4,0,Clock Tower,Cloudy,628,45.2,Low
2025-04-18,9,0,4,0,Dharampur Chowk,Rain,1137,36.2,High
2025-11-20,17,30,3,0,Clock Tower,Rain,1332,26.7,High
2025-03-10,19,30,0,0,ISBT,Clear,1415,26.3,High
2025-11-17,6,30,0,0,Rajpur Road,Rain,461,46.3,Low
2025-04-01,14,0,1,0,Prem Nagar,Clear,788,43.1,Medium
2025-12-19,18,30,4,0,Dharampur Chowk,Cloudy,1254,35.0,High
2025-08-15,13,30,4,0,ISBT,Cloudy,1154,40.8,High
2025-10-25,18,15,5,1,Ballupur Chowk,Cloudy,1077,40.5,High
2025-08-11,17,15,0,0,Ballupur Chowk,Clear,1426,33.4,High
2025-09-11,11,45,3,0,Rajpur Road,Cloudy,670,53.9,Medium
2025-04-07,21,15,0,0,Dharampur Chowk,Rain,496,44.1,Low
2025-01-11,15,15,5,1,Rajpur Road,Fog,338,42.7,Low
2025-12-18,12,0,3,0,Rajpur Road,Clear,621,46.7,Low
2025-08-07,13,45,3,0,Dharampur Chowk,Fog,606,39.0,Low
2025-02-21,22,15,4,0,Dharampur Chowk,Clear,677,46.7,Medium
2025-11-05,9,45,2,0,Ballupur Chowk,Clear,1344,35.1,High
2025-02-26,6,0,2,0,Rajpur Road,Cloudy,674,46.2,Medium
2025-02-12,14,15,2,0,Dharampur Chowk,Clear,783,44.8,Medium
2025-01-05,9,30,6,1,Dharampur Chowk,Clear,873,40.6,Medium
2025-04-14,10,45,0,0,Prem Nagar,Fog,405,42.1,Low
2025-03-25,15,30,1,0,Ballupur Chowk,Cloudy,570,50.0,Low
2025-05-05,7,30,0,0,Dharampur Chowk,Clear,606,44.2,Low
2025-01-11,7,0,5,1,Prem Nagar,Rain,249,46.0,Low
2025-02-22,22,45,5,1,Rajpur Road,Clear,461,48.8,Low
2025-04-25,6,15,4,0,Ballupur Chowk,Fog,477,34.2,Medium
2025-03-17,17,30,0,0,Rajpur Road,Fog,967,32.3,Medium
2025-12-18,9,45,3,0,Rajpur Road,Clear,1220,35.5,High
2025-04-25,9,30,4,0,ISBT,Clear,1548,27.2,High
2025-11-12,16,0,2,0,ISBT,Clear,811,42.7,Medium
2025-01-23,10,15,3,0,Ballupur Chowk,Rain,639,41.1,Low
2025-11-04,11,45,1,0,Rajpur Road,Rain,617,40.0,Low
2025-11-16,15,30,6,1,Clock Tower,Rain,415,48.3,Low
2025-09-13,17,30,5,1,Dharampur Chowk,Clear,1007,41.3,Medium
2025-01-02,10,15,3,0,ISBT,Cloudy,840,39.9,Medium
2025-07-19,20,45,5,1,Clock Tower,Clear,607,44.6,Low
2025-10-23,19,30,3,0,Rajpur Road,Clear,1237,37.5,High
2025-06-15,10,15,6,1,Ballupur Chowk,Rain,364,42.5,Low
2025-06-13,21,45,4,0,Ballupur Chowk,Fog,615,40.9,Low
2025-11-05,16,15,2,0,Dharampur Chowk,Cloudy,583,47.4,Low
2025-07-16,19,45,2,0,Prem Nagar,Fog,808,39.5,Medium
2025-09-30,13,45,1,0,Clock Tower,Fog,791,36.4,Medium
2025-09-27,13,0,5,1,Rajpur Road,Rain,777,36.6,Medium
2025-01-02,12,0,3,0,ISBT,Fog,690,32.6,Medium
2025-03-10,9,0,0,0,ISBT,Rain,1402,28.9,High
2025-03-13,15,45,3,0,Rajpur Road,Fog,448,34.9,Medium
2025-05-05,12,15,0,0,Clock Tower,Cloudy,654,42.5,Medium
2025-03-02,10,45,6,1,Dharampur Chowk,Clear,427,48.5,Low
2025-12-23,19,30,1,0,Clock Tower,Clear,1480,34.5,High
2025-12-06,8,45,5,1,Prem Nagar,Cloudy,894,38.9,Medium
2025-01-16,10,30,3,0,Rajpur Road,Clear,514,53.1,Low
2025-05-06,8,0,1,0,Prem Nagar,Fog,721,41.7,Medium
2025-03-18,11,45,1,0,Dharampur Chowk,Cloudy,569,46.9,Low
2025-09-28,15,45,6,1,Ballupur Chowk,Rain,570,45.7,Low
2025-08-16,6,30,5,1,Clock Tower,Cloudy,578,45.6,Low
2025-01-31,7,15,4,0,Prem Nagar,Cloudy,507,48.8,Low
2025-01-06,18,45,0,0,Dharampur Chowk,Fog,1028,32.3,Medium
2025-10-11,14,30,5,1,Dharampur Chowk,Cloudy,816,48.3,Medium
2025-08-05,11,30,1,0,Clock Tower,Fog,557,40.0,Low
2025-03-06,12,45,3,0,Prem Nagar,Clear,365,41.9,Low
2025-04-23,18,15,2,0,Dharampur Chowk,Clear,1227,37.2,High
2025-12-21,20,45,6,1,ISBT,Fog,439,41.5,Low
2025-07-14,11,0,0,0,ISBT,Fog,560,42.4,Low
2025-04-10,14,0,3,0,Clock Tower,Clear,1016,38.2,Medium
2025-07-05,16,0,5,1,Rajpur Road,Rain,526,41.8,Low
2025-03-25,9,0,1,0,Rajpur Road,Clear,1212,36.3,High
2025-06-08,12,15,6,1,Dharampur Chowk,Clear,424,49.2,Low
2025-05-04,14,0,6,1,Prem Nagar,Clear,636,47.4,Low
2025-10-16,21,0,3,0,Clock Tower,Rain,570,36.3,Low
2025-02-17,15,0,0,0,ISBT,Rain,601,43.8,Low
2025-07-23,22,15,2,0,ISBT,Fog,541,38.5,Low
2025-07-02,10,0,2,0,ISBT,Fog,644,35.7,Low
2025-09-15,9,15,0,0,Clock Tower,Fog,929,33.2,Medium
2025-09-02,7,30,1,0,Rajpur Road,Cloudy,575,43.9,Low
2025-12-16,20,0,1,0,Dharampur Chowk,Clear,546,48.7,Low
2025-04-29,12,15,1,0,Dharampur Chowk,Cloudy,587,47.5,Low
2025-09-14,22,30,6,1,Ballupur Chowk,Cloudy,710,43.8,Medium
2025-06-23,15,30,0,0,Prem Nagar,Fog,412,39.6,Low
2025-01-21,18,15,1,0,Rajpur Road,Clear,1180,36.4,High
2025-03-20,21,0,3,0,Clock Tower,Cloudy,652,46.8,Medium
2025-06-08,8,45,6,1,Clock Tower,Fog,1082,29.4,High
2025-06-10,11,30,1,0,Rajpur Road,Clear,551,46.9,Low
2025-05-24,17,30,5,1,Clock Tower,Clear,1225,38.3,High
2025-04-02,20,30,2,0,Ballupur Chowk,Rain,673,33.1,Medium
2025-08-15,10,0,4,0,Prem Nagar,Fog,199,42.7,Low
2025-01-21,17,30,1,0,Ballupur Chowk,Fog,1169,25.6,High
2025-11-14,10,45,4,0,ISBT,Rain,395,46.1,Low
2025-07-11,8,45,4,0,Prem Nagar,Fog,799,32.3,Medium
2025-05-15,7,0,3,0,Dharampur Chowk,Cloudy,509,44.8,Low
2025-12-25,6,15,3,0,Clock Tower,Rain,601,39.5,Low
2025-07-12,11,45,5,1,Clock Tower,Cloudy,626,37.5,Low
2025-07-18,20,0,4,0,ISBT,Fog,496,36.5,Low
2025-08-28,20,0,3,0,Clock Tower,Cloudy,670,43.8,Medium
2025-02-25,18,45,1,0,Rajpur Road,Fog,1062,26.3,High
2025-06-18,8,30,2,0,ISBT,Fog,1134,32.5,High
2025-04-19,21,0,5,1,ISBT,Fog,629,36.6,Low
2025-01-20,10,45,0,0,Rajpur Road,Cloudy,640,40.4,Low
2025-06-13,7,45,4,0,Clock Tower,Rain,400,46.8,Low
2025-08-09,21,15,5,1,Clock Tower,Cloudy,586,50.2,Low
2025-01-12,19,30,6,1,ISBT,Cloudy,1236,38.9,High
2025-02-12,10,0,2,0,ISBT,Fog,715,38.0,Medium
2025-02-11,15,45,1,0,Ballupur Chowk,Cloudy,687,45.2,Medium
2025-12-09,14,15,1,0,Clock Tower,Clear,883,46.5,Medium
2025-08-08,16,30,4,0,Rajpur Road,Cloudy,565,48.4,Low
2025-06-28,19,45,5,1,Ballupur Chowk,Cloudy,1081,36.0,High
2025-12-23,19,30,1,0,Dharampur Chowk,Fog,1071,30.7,High
2025-01-06,12,0,0,0,Dharampur Chowk,Cloudy,704,44.7,Medium
2025-06-15,16,0,6,1,Rajpur Road,Fog,250,46.1,Low
2025-03-17,21,30,0,0,Clock Tower,Fog,479,42.3,Low
2025-05-15,22,0,3,0,Ballupur Chowk,Cloudy,667,40.8,Medium
2025-11-21,20,0,4,0,Clock Tower,Cloudy,704,51.5,Medium
2025-04-07,19,15,0,0,Prem Nagar,Fog,871,34.4,Medium
2025-04-21,17,15,0,0,Rajpur Road,Clear,1334,36.6,High
2025-07-09,17,0,2,0,ISBT,Rain,1373,27.1,High
2025-09-15,9,45,0,0,Dharampur Chowk,Fog,915,37.0,Medium
2025-07-31,19,30,3,0,ISBT,Fog,1139,35.0,High
2025-09-25,16,0,3,0,Rajpur Road,Fog,460,37.8,Low
2025-08-08,17,15,4,0,Prem Nagar,Cloudy,1171,37.4,High
2025-10-05,19,45,6,1,ISBT,Fog,1086,30.6,High
2025-11-21,15,0,4,0,Clock Tower,Clear,653,47.2,Medium
2025-02-15,6,45,5,1,Clock Tower,Fog,470,34.3,Medium
2025-11-16,9,45,6,1,Prem Nagar,Clear,739,47.2,Medium
2025-12-08,15,45,0,0,Rajpur Road,Cloudy,603,44.8,Low
2025-08-21,18,0,3,0,Rajpur Road,Fog,889,31.1,Medium
2025-03-05,17,45,2,0,Ballupur Chowk,Fog,919,33.6,Medium
2025-01-04,17,15,5,1,Prem Nagar,Rain,747,36.4,Medium
2025-05-18,14,30,6,1,Ballupur Chowk,Cloudy,861,43.8,Medium
2025-01-03,19,0,4,0,Clock Tower,Clear,1571,28.0,High
2025-03-20,17,30,3,0,ISBT,Cloudy,1676,34.0,High
2025-10-20,19,15,0,0,Prem Nagar,Fog,769,36.6,Medium
2025-04-09,18,0,2,0,Prem Nagar,Fog,795,36.2,Medium
2025-03-07,18,15,4,0,Ballupur Chowk,Rain,1337,32.7,High
2025-09-22,11,45,0,0,Rajpur Road,Clear,625,44.8,Low
2025-12-30,10,0,1,0,Dharampur Chowk,Fog,329,41.7,Low
2025-11-18,14,15,1,0,ISBT,Cloudy,1234,32.8,High
2025-02-17,8,0,0,0,Ballupur Chowk,Clear,1183,38.5,High
2025-11-18,10,0,1,0,Prem Nagar,Clear,408,46.8,Low
2025-10-20,18,0,0,0,Dharampur Chowk,Cloudy,1221,33.5,High
2025-08-21,17,15,3,0,Rajpur Road,Cloudy,1232,39.5,High
2025-06-02,12,15,0,0,Dharampur Chowk,Fog,343,37.3,Low
2025-05-14,7,30,2,0,Clock Tower,Cloudy,640,48.1,Low
2025-11-18,6,0,1,0,Clock Tower,Fog,510,38.3,Low
2025-11-02,9,0,6,1,Rajpur Road,Rain,898,31.9,Medium
2025-05-15,11,0,3,0,Clock Tower,Fog,566,40.1,Low
2025-07-05,12,45,5,1,Clock Tower,Fog,414,44.1,Low
2025-01-12,19,0,6,1,Ballupur Chowk,Clear,1059,43.3,High
2025-04-18,19,45,4,0,ISBT,Fog,1218,28.6,High
2025-03-24,11,30,0,0,Clock Tower,Cloudy,689,44.8,Medium
2025-12-04,7,0,3,0,ISBT,Rain,733,36.3,Medium
2025-09-05,6,15,4,0,Prem Nagar,Rain,377,47.7,Low
2025-03-04,12,0,1,0,Prem Nagar,Clear,439,51.4,Low
2025-09-23,22,15,1,0,Rajpur Road,Rain,662,39.3,Medium
2025-02-28,12,0,4,0,ISBT,Cloudy,796,40.2,Medium
2025-04-23,8,15,2,0,ISBT,Rain,1332,31.6,High
2025-09-04,12,0,3,0,ISBT,Rain,674,38.4,Medium
2025-08-28,21,45,3,0,Prem Nagar,Fog,257,44.8,Low
2025-04-09,14,15,2,0,Rajpur Road,Rain,642,39.9,Low
2025-07-21,9,30,0,0,Rajpur Road,Cloudy,1303,37.0,High
2025-09-07,19,45,6,1,Ballupur Chowk,Rain,1190,36.1,High
2025-06-13,9,45,4,0,Ballupur Chowk,Cloudy,1278,36.8,High
2025-10-18,17,30,5,1,Dharampur Chowk,Clear,1012,35.8,Medium
2025-08-19,11,0,1,0,Prem Nagar,Rain,363,43.1,Low
2025-10-28,19,30,1,0,Prem Nagar,Rain,773,39.1,Medium
2025-07-23,6,0,2,0,Rajpur Road,Rain,506,37.8,Low
2025-08-08,11,30,4,0,Rajpur Road,Clear,617,48.3,Low
2025-04-21,17,30,0,0,Rajpur Road,Rain,1141,32.7,High
2025-03-04,6,30,1,0,Dharampur Chowk,Clear,607,48.4,Low
2025-06-18,12,45,2,0,Prem Nagar,Rain,463,40.9,Low
2025-04-30,8,45,2,0,ISBT,Cloudy,1506,37.1,High
2025-09-27,12,0,5,1,Prem Nagar,Rain,325,51.7,Low
2025-11-08,8,45,5,1,Dharampur Chowk,Fog,720,36.8,Medium
2025-06-12,16,15,3,0,Rajpur Road,Clear,531,48.1,Low
2025-09-10,21,0,2,0,ISBT,Fog,426,39.3,Low
2025-03-03,9,45,0,0,Rajpur Road,Rain,965,36.6,Medium
2025-10-30,18,15,3,0,Prem Nagar,Clear,1119,41.0,High
2025-05-26,6,0,0,0,Ballupur Chowk,Rain,380,50.7,Low
2025-03-09,18,0,6,1,Prem Nagar,Clear,907,39.7,Medium
2025-06-22,6,0,6,1,Ballupur Chowk,Clear,551,47.7,Low
2025-08-01,15,30,4,0,ISBT,Rain,582,42.3,Low
2025-07-24,8,30,3,0,Ballupur Chowk,Clear,1218,36.4,High
2025-07-21,15,45,0,0,Ballupur Chowk,Clear,578,42.4,Low
2025-07-11,9,0,4,0,Rajpur Road,Clear,1181,39.9,High
2025-01-06,10,0,0,0,ISBT,Fog,606,40.8,Low
2025-04-26,11,0,5,1,Rajpur Road,Rain,473,41.6,Low
2025-10-03,6,0,4,0,ISBT,Clear,774,39.9,Medium
2025-02-26,7,30,2,0,Clock Tower,Rain,520,39.7,Low
2025-06-18,18,30,2,0,Dharampur Chowk,Cloudy,1342,38.7,High
2025-03-12,20,0,2,0,Rajpur Road,Rain,565,45.1,Low
2025-03-17,19,45,0,0,Dharampur Chowk,Clear,1125,40.0,High
2025-09-25,22,15,3,0,Prem Nagar,Fog,379,44.1,Low
2025-12-05,21,30,4,0,ISBT,Fog,556,37.9,Low
2025-04-26,8,30,5,1,ISBT,Clear,1244,39.9,High
2025-06-30,13,15,0,0,Dharampur Chowk,Clear,806,43.3,Medium
2025-02-08,21,0,5,1,Rajpur Road,Clear,412,41.6,Low
2025-12-10,12,45,2,0,Ballupur Chowk,Cloudy,681,47.1,Medium
2025-09-07,9,30,6,1,Rajpur Road,Rain,916,31.1,Medium
2025-06-09,20,15,0,0,Prem Nagar,Clear,459,41.8,Low
2025-03-08,13,30,5,1,Ballupur Chowk,Fog,770,32.7,Medium
2025-11-14,22,15,4,0,Ballupur Chowk,Cloudy,765,46.9,Medium
2025-02-05,14,45,2,0,Rajpur Road,Rain,735,36.1,Medium
2025-10-23,9,15,3,0,Ballupur Chowk,Clear,1295,34.0,High
2025-02-26,13,0,2,0,Ballupur Chowk,Cloudy,1028,38.9,Medium
2025-05-17,6,45,5,1,Dharampur Chowk,Fog,238,36.9,Low
2025-06-30,14,0,0,0,Prem Nagar,Clear,765,42.4,Medium
2025-07-01,19,15,1,0,Rajpur Road,Fog,954,35.5,Medium
2025-09-15,19,30,0,0,Clock Tower,Fog,1217,28.8,High
2025-05-20,17,0,1,0,Clock Tower,Fog,1095,32.9,High
2025-08-05,12,30,1,0,Rajpur Road,Fog,359,42.5,Low
2025-04-01,14,45,1,0,Prem Nagar,Fog,642,39.9,Low
2025-02-25,7,15,1,0,Clock Tower,Cloudy,536,45.1,Low
2025-02-28,7,0,4,0,Prem Nagar,Rain,368,45.0,Low
2025-05-03,8,0,5,1,ISBT,Cloudy,1300,40.9,High
2025-11-14,18,45,4,0,Ballupur Chowk,Clear,1312,34.8,High
2025-04-23,14,45,2,0,Rajpur Road,Cloudy,1033,41.1,Medium
2025-04-15,17,30,1,0,Dharampur Chowk,Rain,1177,34.1,High
2025-01-02,9,15,3,0,Prem Nagar,Fog,687,33.2,Medium
2025-06-06,13,15,4,0,ISBT,Clear,959,43.3,Medium
2025-03-27,11,30,3,0,Ballupur Chowk,Cloudy,760,49.7,Medium
2025-01-07,21,45,1,0,ISBT,Clear,774,47.4,Medium
2025-04-01,14,0,1,0,Rajpur Road,Clear,850,39.4,Medium
2025-11-01,17,45,5,1,Prem Nagar,Clear,952,42.7,Medium
2025-09-08,13,45,0,0,Clock Tower,Clear,1017,41.6,Medium
2025-01-09,15,15,3,0,Prem Nagar,Cloudy,537,51.2,Low
2025-03-17,9,0,0,0,ISBT,Rain,1375,32.0,High
2025-08-20,21,30,2,0,Prem Nagar,Rain,506,44.3,Low
2025-12-06,21,30,5,1,ISBT,Fog,443,42.9,Low
2025-01-07,17,30,1,0,Dharampur Chowk,Rain,964,39.4,Medium
2025-09-23,21,0,1,0,ISBT,Clear,611,47.1,Low
2025-03-17,19,15,0,0,Dharampur Chowk,Cloudy,1188,39.7,High
2025-07-02,21,0,2,0,Rajpur Road,Fog,465,35.6,Low
2025-07-04,12,0,4,0,Rajpur Road,Fog,501,38.1,Low
2025-11-24,9,30,0,0,Dharampur Chowk,Fog,967,33.2,Medium
2025-09-27,11,30,5,1,Dharampur Chowk,Rain,460,40.6,Low
2025-06-19,18,45,3,0,ISBT,Rain,1310,29.9,High
2025-04-08,7,30,1,0,Prem Nagar,Clear,556,52.1,Low
2025-08-10,20,30,6,1,ISBT,Clear,536,50.6,Low
2025-01-05,21,15,6,1,Ballupur Chowk,Cloudy,392,45.8,Low
2025-09-25,15,15,3,0,ISBT,Fog,488,36.0,Low
2025-05-28,8,30,2,0,Clock Tower,Fog,926,35.0,Medium
2025-01-21,12,30,1,0,Prem Nagar,Clear,470,49.4,Low
2025-01-28,21,30,1,0,Clock Tower,Fog,581,39.5,Low
2025-06-30,6,0,0,0,ISBT,Cloudy,794,43.4,Medium
2025-06-29,15,15,6,1,Clock Tower,Rain,408,47.3,Low
2025-03-15,12,45,5,1,Prem Nagar,Clear,367,47.0,Low
2025-05-29,13,0,3,0,Ballupur Chowk,Rain,860,35.0,Medium
2025-05-08,18,45,3,0,Ballupur Chowk,Clear,1318,37.2,High
2025-05-14,15,30,2,0,Rajpur Road,Fog,495,37.2,Low
2025-12-14,16,15,6,1,Dharampur Chowk,Cloudy,461,51.6,Low
2025-05-09,10,45,4,0,Prem Nagar,Cloudy,551,53.4,Low
2025-06-04,15,0,2,0,ISBT,Fog,659,41.0,Medium
2025-10-07,11,45,1,0,Ballupur Chowk,Clear,522,49.8,Low
2025-03-12,22,45,2,0,Dharampur Chowk,Rain,500,41.2,Low
2025-09-15,17,45,0,0,ISBT,Fog,1219,32.4,High
2025-08-27,19,45,2,0,Ballupur Chowk,Clear,1392,32.5,High
2025-10-14,6,45,1,0,Clock Tower,Cloudy,750,42.4,Medium
2025-11-11,15,15,1,0,Prem Nagar,Rain,456,42.6,Low
2025-03-07,15,0,4,0,Ballupur Chowk,Cloudy,647,48.1,Low
2025-07-26,6,45,5,1,Prem Nagar,Fog,248,49.3,Low
2025-01-28,8,0,1,0,ISBT,Clear,1268,35.1,High
2025-06-20,9,30,4,0,Prem Nagar,Fog,809,37.2,Medium
2025-12-20,16,0,5,1,Clock Tower,Clear,551,47.0,Low
2025-12-26,12,15,4,0,Prem Nagar,Fog,422,40.3,Low
2025-03-11,13,15,1,0,ISBT,Rain,1086,37.0,High
2025-01-04,21,15,5,1,Clock Tower,Clear,629,43.1,Low
2025-01-01,10,0,2,0,Prem Nagar,Clear,481,47.2,Low
2025-05-07,12,0,2,0,Ballupur Chowk,Clear,553,48.2,Low
2025-09-16,20,45,1,0,Clock Tower,Clear,615,48.2,Low
2025-06-03,18,45,1,0,Rajpur Road,Cloudy,1224,42.7,High
2025-10-07,14,45,1,0,Dharampur Chowk,Clear,787,44.4,Medium
2025-08-10,10,0,6,1,Rajpur Road,Cloudy,585,44.9,Low
2025-12-03,13,15,2,0,Prem Nagar,Cloudy,853,39.1,Medium
2025-09-01,21,30,0,0,ISBT,Clear,823,43.3,Medium
2025-10-29,21,30,2,0,Dharampur Chowk,Rain,456,42.6,Low
2025-07-20,18,0,6,1,Ballupur Chowk,Fog,984,31.2,Medium
2025-08-06,10,0,2,0,ISBT,Fog,505,39.1,Low
2025-03-03,18,0,0,0,Prem Nagar,Rain,841,43.4,Medium
2025-01-18,20,0,5,1,ISBT,Cloudy,585,49.1,Low
2025-08-28,20,30,3,0,Clock Tower,Cloudy,707,41.9,Medium
2025-07-03,22,15,3,0,ISBT,Fog,565,41.3,Low
2025-09-20,8,15,5,1,Dharampur Chowk,Cloudy,985,44.5,Medium
2025-06-30,16,45,0,0,Dharampur Chowk,Cloudy,670,48.2,Medium
2025-05-23,15,45,4,0,Clock Tower,Fog,489,36.8,Low
2025-07-12,21,15,5,1,Prem Nagar,Rain,323,46.0,Low
2025-03-08,16,30,5,1,Prem Nagar,Fog,375,35.1,Low
2025-02-04,7,0,1,0,Dharampur Chowk,Cloudy,588,47.1,Low
2025-04-29,9,0,1,0,Ballupur Chowk,Fog,991,36.7,Medium
2025-06-15,13,15,6,1,Clock Tower,Cloudy,934,45.6,Medium
2025-07-16,19,0,2,0,Clock Tower,Rain,1246,35.0,High
2025-02-28,7,0,4,0,Ballupur Chowk,Rain,701,43.9,Medium
2025-11-07,6,15,4,0,ISBT,Clear,619,45.4,Low
2025-12-24,20,45,2,0,Rajpur Road,Cloudy,586,48.1,Low
2025-04-11,14,45,4,0,Ballupur Chowk,Rain,929,34.2,Medium
2025-04-26,12,15,5,1,Ballupur Chowk,Cloudy,571,40.8,Low
2025-02-14,6,0,4,0,Rajpur Road,Clear,700,43.5,Medium
2025-03-13,6,30,3,0,Ballupur Chowk,Clear,638,45.0,Low
2025-06-24,11,45,1,0,Rajpur Road,Cloudy,705,36.4,Medium
2025-10-20,21,30,0,0,ISBT,Cloudy,740,44.1,Medium
2025-02-04,20,45,1,0,Dharampur Chowk,Fog,412,46.3,Low
2025-02-06,8,15,3,0,Prem Nagar,Rain,806,40.8,Medium
2025-02-21,9,45,4,0,Rajpur Road,Clear,1198,41.7,High
2025-11-04,16,0,1,0,Rajpur Road,Rain,473,41.0,Low
2025-05-09,18,30,4,0,Clock Tower,Cloudy,1561,34.0,High
2025-05-28,8,15,2,0,Prem Nagar,Rain,753,37.6,Medium
2025-07-24,7,0,3,0,Prem Nagar,Fog,420,43.5,Low
2025-05-15,6,0,3,0,ISBT,Fog,511,31.0,Medium
2025-05-14,12,30,2,0,Clock Tower,Cloudy,732,40.9,Medium
2025-04-15,16,0,1,0,Rajpur Road,Fog,306,34.1,Medium
2025-02-07,7,30,4,0,Clock Tower,Fog,591,38.9,Low
2025-11-03,8,45,0,0,Rajpur Road,Rain,1034,39.4,Medium
2025-01-22,9,0,2,0,Ballupur Chowk,Cloudy,1381,40.1,High
2025-11-29,17,45,5,1,Ballupur Chowk,Rain,922,36.7,Medium
2025-04-27,6,0,6,1,Clock Tower,Cloudy,458,47.8,Low
2025-10-01,18,0,2,0,Prem Nagar,Fog,812,37.3,Medium
2025-01-27,18,45,0,0,Dharampur Chowk,Cloudy,1259,38.9,High
2025-08-09,19,15,5,1,Clock Tower,Fog,1010,39.0,Medium
2025-03-02,17,30,6,1,Rajpur Road,Rain,929,33.9,Medium
2025-08-12,7,15,1,0,Rajpur Road,Clear,604,44.0,Low
2025-10-29,6,15,2,0,Ballupur Chowk,Clear,752,43.4,Medium
2025-01-08,13,0,2,0,Clock Tower,Clear,963,39.8,Medium
2025-03-06,20,15,3,0,ISBT,Clear,764,43.6,Medium
2025-06-10,17,15,1,0,ISBT,Cloudy,1532,38.1,High
2025-11-07,18,45,4,0,Dharampur Chowk,Clear,1127,39.0,High
2025-12-03,8,0,2,0,ISBT,Cloudy,1536,28.2,High
2025-09-11,17,15,3,0,Ballupur Chowk,Rain,1255,28.9,High
2025-07-07,15,15,0,0,Prem Nagar,Rain,504,39.9,Low
2025-06-13,22,0,4,0,Clock Tower,Rain,647,44.1,Low
2025-07-30,21,30,2,0,Clock Tower,Cloudy,759,44.9,Medium
2025-03-12,22,15,2,0,ISBT,Cloudy,723,42.9,Medium
2025-03-04,17,15,1,0,Clock Tower,Cloudy,1591,30.2,High
2025-12-24,20,45,2,0,Clock Tower,Clear,575,48.8,Low
2025-09-13,7,30,5,1,ISBT,Fog,416,38.2,Low
2025-06-03,8,0,1,0,ISBT,Fog,1015,31.1,Medium
2025-09-11,6,45,3,0,Ballupur Chowk,Fog,500,40.6,Low
2025-01-23,13,15,3,0,Ballupur Chowk,Cloudy,1096,40.9,High
2025-12-04,19,0,3,0,Dharampur Chowk,Rain,1061,34.2,High
2025-01-17,17,0,4,0,Prem Nagar,Rain,976,39.9,Medium
2025-05-15,12,0,3,0,ISBT,Fog,575,37.4,Low
2025-08-07,7,0,3,0,Prem Nagar,Fog,310,38.2,Low
2025-12-14,15,45,6,1,Ballupur Chowk,Rain,538,44.0,Low
2025-03-25,18,45,1,0,Dharampur Chowk,Cloudy,1301,36.0,High
2025-03-09,6,30,6,1,Dharampur Chowk,Rain,541,40.8,Low
2025-02-13,13,30,3,0,ISBT,Fog,943,33.4,Medium
2025-01-20,14,30,0,0,ISBT,Rain,926,38.5,Medium
2025-12-01,6,0,0,0,ISBT,Rain,668,41.5,Medium
2025-05-16,11,45,4,0,Ballupur Chowk,Clear,640,45.7,Low
2025-08-14,6,45,3,0,Clock Tower,Rain,783,42.4,Medium
2025-09-03,12,45,2,0,Clock Tower,Clear,715,45.1,Medium
2025-05-22,16,0,3,0,Ballupur Chowk,Cloudy,746,45.9,Medium
2025-05-13,14,30,1,0,Ballupur Chowk,Cloudy,1022,39.5,Medium
2025-04-27,11,15,6,1,Prem Nagar,Clear,407,39.7,Low
2025-04-30,9,0,2,0,Rajpur Road,Fog,952,31.9,Medium
2025-10-24,16,0,4,0,Prem Nagar,Cloudy,639,45.9,Low
2025-02-01,14,30,5,1,Clock Tower,Rain,676,40.2,Medium
2025-10-04,7,15,5,1,ISBT,Clear,517,49.0,Low
2025-02-09,22,45,6,1,Clock Tower,Clear,582,49.6,Low
2025-05-02,12,30,4,0,Prem Nagar,Rain,375,44.7,Low
2025-12-15,19,0,0,0,Dharampur Chowk,Fog,847,37.0,Medium
2025-05-25,10,0,6,1,ISBT,Rain,582,43.2,Low
2025-06-21,19,30,5,1,Ballupur Chowk,Rain,1034,36.5,Medium
2025-11-15,6,15,5,1,ISBT,Clear,729,43.7,Medium
2025-05-29,10,0,3,0,Clock Tower,Cloudy,702,41.7,Medium
2025-06-10,22,30,1,0,Rajpur Road,Fog,398,41.6,Low
2025-10-26,7,15,6,1,Ballupur Chowk,Clear,627,45.3,Low
2025-02-09,13,45,6,1,Prem Nagar,Clear,616,45.0,Low
2025-09-28,7,45,6,1,Dharampur Chowk,Fog,338,43.1,Low
2025-06-12,14,15,3,0,Prem Nagar,Rain,552,46.0,Low
2025-05-05,16,15,0,0,ISBT,Cloudy,688,47.3,Medium
2025-08-22,16,0,4,0,Dharampur Chowk,Cloudy,487,50.0,Low
2025-08-16,19,30,5,1,Clock Tower,Rain,1127,35.1,High
2025-10-14,22,0,1,0,ISBT,Fog,485,40.8,Low
2025-11-06,13,45,3,0,Ballupur Chowk,Cloudy,925,41.0,Medium
2025-10-19,10,15,6,1,Ballupur Chowk,Cloudy,647,48.1,Low
2025-11-07,14,30,4,0,ISBT,Rain,976,33.1,Medium
2025-03-02,8,45,6,1,Ballupur Chowk,Cloudy,1182,38.2,High
2025-10-22,21,15,2,0,Rajpur Road,Fog,282,45.3,Low
2025-01-08,11,0,2,0,Ballupur Chowk,Rain,568,45.5,Low
2025-10-11,21,0,5,1,Rajpur Road,Clear,409,39.6,Low
2025-08-09,6,15,5,1,Clock Tower,Cloudy,609,47.2,Low
2025-09-21,22,45,6,1,Ballupur Chowk,Rain,349,42.1,Low
2025-03-07,18,15,4,0,Dharampur Chowk,Rain,1296,30.6,High
2025-03-02,16,30,6,1,Prem Nagar,Clear,472,46.3,Low
2025-01-24,8,30,4,0,Ballupur Chowk,Fog,846,34.4,Medium
2025-11-19,20,45,2,0,ISBT,Fog,544,38.0,Low
2025-12-25,10,15,3,0,Dharampur Chowk,Clear,551,47.9,Low
2025-03-19,6,30,2,0,Dharampur Chowk,Fog,436,37.0,Low
2025-07-14,16,45,0,0,Rajpur Road,Rain,565,36.1,Low
2025-02-19,13,30,2,0,Ballupur Chowk,Rain,710,42.1,Medium
2025-01-25,22,45,5,1,ISBT,Rain,581,41.5,Low
2025-07-16,16,15,2,0,Rajpur Road,Clear,473,46.1,Low
2025-04-18,19,30,4,0,Prem Nagar,Rain,914,32.2,Medium
2025-02-20,17,30,3,0,Rajpur Road,Clear,1188,40.0,High
2025-05-28,14,45,2,0,Ballupur Chowk,Cloudy,1134,37.5,High
2025-03-28,15,30,4,0,Prem Nagar,Clear,548,41.4,Low
2025-04-29,14,15,1,0,Clock Tower,Cloudy,1112,36.7,High
2025-10-10,22,15,4,0,Clock Tower,Clear,682,44.5,Medium
2025-10-04,12,0,5,1,Ballupur Chowk,Clear,644,43.2,Low
2025-07-09,12,30,2,0,Prem Nagar,Fog,440,39.9,Low
2025-08-16,22,15,5,1,Ballupur Chowk,Rain,472,42.7,Low
2025-02-26,9,45,2,0,Ballupur Chowk,Fog,946,33.4,Medium
2025-05-15,8,15,3,0,ISBT,Clear,1408,35.6,High
2025-07-01,8,15,1,0,Dharampur Chowk,Clear,1128,41.3,High
2025-06-17,11,30,1,0,ISBT,Fog,639,34.7,Medium
2025-11-19,22,0,2,0,Dharampur Chowk,Rain,574,38.2,Low
2025-01-20,19,0,0,0,Dharampur Chowk,Rain,1123,35.8,High
2025-04-08,7,0,1,0,Rajpur Road,Cloudy,461,48.7,Low
2025-10-28,18,15,1,0,Dharampur Chowk,Cloudy,1218,35.3,High
2025-05-16,21,15,4,0,Ballupur Chowk,Cloudy,773,42.0,Medium
2025-09-12,15,15,4,0,Rajpur Road,Clear,520,47.8,Low
2025-09-22,12,0,0,0,Ballupur Chowk,Clear,688,44.7,Medium
2025-09-09,12,15,1,0,Clock Tower,Fog,619,39.8,Low
2025-12-19,14,45,4,0,Dharampur Chowk,Cloudy,728,43.0,Medium
2025-11-23,17,45,6,1,Prem Nagar,Cloudy,883,43.8,Medium
2025-06-03,13,30,1,0,Dharampur Chowk,Fog,477,47.8,Low
2025-09-08,18,30,0,0,Prem Nagar,Fog,874,35.0,Medium
2025-06-01,9,15,6,1,Clock Tower,Rain,1101,41.3,High
2025-08-03,20,30,6,1,Rajpur Road,Fog,467,43.2,Low
2025-03-01,11,45,5,1,ISBT,Clear,611,45.8,Low
2025-06-27,18,15,4,0,Ballupur Chowk,Fog,1043,29.6,Medium
2025-11-04,19,15,1,0,Clock Tower,Rain,1208,28.7,High
2025-05-18,22,15,6,1,Ballupur Chowk,Clear,532,42.3,Low
2025-10-15,16,30,2,0,Dharampur Chowk,Rain,519,42.5,Low
2025-07-30,18,45,2,0,Ballupur Chowk,Fog,1093,29.8,High
2025-05-14,7,30,2,0,Ballupur Chowk,Cloudy,911,46.1,Medium
2025-06-23,7,30,0,0,Ballupur Chowk,Fog,407,41.9,Low
2025-04-24,11,15,3,0,Dharampur Chowk,Clear,511,44.7,Low
2025-11-11,16,15,1,0,Prem Nagar,Clear,380,50.9,Low
2025-01-11,18,0,5,1,Dharampur Chowk,Rain,860,40.6,Medium
2025-06-30,8,0,0,0,Prem Nagar,Cloudy,1103,43.4,High
2025-07-05,12,15,5,1,Prem Nagar,Fog,263,44.7,Low
2025-04-28,15,15,0,0,ISBT,Rain,686,38.8,Medium
2025-07-31,12,15,3,0,Clock Tower,Clear,596,51.3,Low
2025-01-11,22,0,5,1,Prem Nagar,Fog,349,43.9,Low
2025-09-06,7,15,5,1,ISBT,Rain,474,39.6,Low
2025-01-13,13,15,0,0,Clock Tower,Rain,862,37.3,Medium
2025-03-05,18,45,2,0,Rajpur Road,Rain,1038,35.1,Medium
2025-02-13,8,0,3,0,Prem Nagar,Fog,644,34.4,Medium
2025-01-11,6,15,5,1,Clock Tower,Fog,501,41.7,Low
2025-04-10,15,30,3,0,Ballupur Chowk,Clear,602,43.3,Low
2025-06-04,14,45,2,0,Rajpur Road,Clear,814,42.3,Medium
2025-05-16,21,45,4,0,ISBT,Fog,617,41.0,Low
2025-02-17,13,45,0,0,Prem Nagar,Rain,633,37.5,Low
2025-09-05,15,15,4,0,Ballupur Chowk,Clear,655,43.2,Medium
2025-09-12,18,30,4,0,Prem Nagar,Clear,998,44.7,Medium
2025-08-20,13,0,2,0,Ballupur Chowk,Cloudy,1086,40.0,High
2025-08-17,17,45,6,1,Prem Nagar,Clear,782,44.5,Medium
2025-11-26,15,30,2,0,Rajpur Road,Clear,670,44.3,Medium
2025-02-18,11,15,1,0,Ballupur Chowk,Cloudy,773,47.8,Medium
2025-02-12,10,45,2,0,Prem Nagar,Fog,523,40.4,Low
2025-09-25,13,0,3,0,Ballupur Chowk,Rain,921,41.1,Medium
2025-07-30,15,30,2,0,Rajpur Road,Clear,620,44.6,Low
2025-06-14,19,0,5,1,ISBT,Cloudy,1310,37.0,High
2025-10-15,21,45,2,0,ISBT,Cloudy,638,45.5,Low
2025-06-14,20,45,5,1,Prem Nagar,Clear,502,41.3,Low
2025-02-23,19,0,6,1,Ballupur Chowk,Cloudy,1329,39.4,High
2025-01-07,11,0,1,0,Rajpur Road,Cloudy,577,48.4,Low
2025-08-13,9,0,2,0,Ballupur Chowk,Fog,1014,36.2,Medium
2025-03-29,22,45,5,1,Rajpur Road,Fog,476,36.0,Low
2025-07-24,6,30,3,0,Clock Tower,Fog,573,38.2,Low
2025-05-31,14,30,5,1,Prem Nagar,Rain,578,39.6,Low
2025-10-16,11,15,3,0,ISBT,Cloudy,882,45.5,Medium
2025-11-11,17,30,1,0,Ballupur Chowk,Fog,1022,28.4,Medium
2025-04-18,16,15,4,0,Rajpur Road,Fog,437,42.1,Low
2025-01-06,16,45,0,0,Rajpur Road,Cloudy,633,49.7,Low
2025-08-29,8,0,4,0,ISBT,Cloudy,1547,35.8,High
2025-04-13,9,45,6,1,ISBT,Clear,1227,33.3,High
2025-02-01,20,15,5,1,Clock Tower,Rain,487,46.2,Low
2025-11-22,13,30,5,1,Dharampur Chowk,Clear,726,46.1,Medium
2025-04-09,14,30,2,0,Ballupur Chowk,Rain,849,34.8,Medium
2025-07-08,18,30,1,0,Prem Nagar,Cloudy,1082,40.5,High
2025-02-09,10,0,6,1,Dharampur Chowk,Cloudy,447,47.9,Low
2025-05-24,11,30,5,1,Prem Nagar,Clear,339,53.5,Low
2025-03-06,22,45,3,0,ISBT,Rain,612,45.6,Low
2025-11-12,21,15,2,0,Rajpur Road,Clear,707,44.7,Medium
2025-04-29,12,0,1,0,Prem Nagar,Cloudy,431,42.6,Low
2025-03-15,11,45,5,1,Clock Tower,Rain,385,40.4,Low
2025-02-09,7,15,6,1,Prem Nagar,Fog,441,41.0,Low
2025-08-06,21,30,2,0,ISBT,Clear,738,37.8,Medium
2025-05-04,18,45,6,1,Ballupur Chowk,Fog,823,37.9,Medium
2025-07-01,15,30,1,0,Prem Nagar,Clear,510,47.3,Low
2025-11-06,12,15,3,0,Dharampur Chowk,Rain,549,47.1,Low
2025-12-31,10,45,2,0,Prem Nagar,Fog,372,41.9,Low
2025-09-08,14,0,0,0,Prem Nagar,Fog,613,45.4,Low
2025-11-30,17,15,6,1,Clock Tower,Rain,906,39.1,Medium
2025-08-27,17,45,2,0,Rajpur Road,Cloudy,1301,38.1,High
2025-07-15,17,15,1,0,Dharampur Chowk,Clear,1143,38.5,High
2025-04-11,20,30,4,0,Prem Nagar,Cloudy,568,56.2,Low
2025-01-03,15,30,4,0,Clock Tower,Rain,656,38.1,Medium
2025-05-10,22,0,5,1,Prem Nagar,Rain,339,43.8,Low
2025-01-18,14,45,5,1,Ballupur Chowk,Clear,682,44.3,Medium
2025-12-23,14,30,1,0,Dharampur Chowk,Clear,918,38.1,Medium
2025-10-20,6,45,0,0,Prem Nagar,Fog,473,41.7,Low
2025-09-09,11,45,1,0,Dharampur Chowk,Clear,501,47.4,Low
2025-01-20,17,0,0,0,Prem Nagar,Cloudy,1219,39.8,High
2025-12-28,11,15,6,1,Clock Tower,Fog,448,39.9,Low
2025-03-03,7,45,0,0,Dharampur Chowk,Clear,566,45.4,Low
2025-06-10,9,30,1,0,Rajpur Road,Clear,1001,46.8,Medium
2025-06-20,16,15,4,0,Prem Nagar,Rain,451,44.8,Low
2025-09-22,6,45,0,0,Ballupur Chowk,Clear,629,43.8,Low
2025-02-03,12,15,0,0,Dharampur Chowk,Rain,489,38.2,Low
2025-02-12,11,45,2,0,Clock Tower,Rain,774,35.2,Medium
2025-11-08,12,45,5,1,Rajpur Road,Clear,414,47.8,Low
2025-06-09,14,30,0,0,Clock Tower,Rain,1011,35.6,Medium
2025-08-27,8,45,2,0,Clock Tower,Clear,1217,41.4,High
2025-02-16,11,0,6,1,Rajpur Road,Rain,506,44.4,Low
2025-10-30,6,15,3,0,Clock Tower,Cloudy,748,51.5,Medium
2025-11-23,17,45,6,1,Clock Tower,Cloudy,1427,32.6,High
2025-06-07,12,15,5,1,ISBT,Clear,730,45.7,Medium
2025-07-14,15,15,0,0,ISBT,Cloudy,782,38.8,Medium
2025-10-17,16,45,4,0,Rajpur Road,Cloudy,600,44.0,Low
2025-05-20,12,15,1,0,ISBT,Rain,702,43.2,Medium
2025-12-24,20,30,2,0,Clock Tower,Fog,360,41.8,Low
2025-07-01,17,30,1,0,Dharampur Chowk,Fog,1046,31.5,Medium
2025-11-20,11,0,3,0,Prem Nagar,Fog,448,41.7,Low
2025-03-21,12,45,4,0,ISBT,Rain,663,39.7,Medium
2025-04-17,16,30,3,0,Clock Tower,Cloudy,593,43.2,Low
2025-05-13,12,45,1,0,ISBT,Clear,763,44.2,Medium
2025-03-01,22,15,5,1,Ballupur Chowk,Cloudy,554,45.8,Low
2025-08-28,16,30,3,0,Prem Nagar,Fog,365,44.9,Low
2025-12-04,7,30,3,0,Dharampur Chowk,Clear,533,43.4,Low
2025-11-19,17,0,2,0,Rajpur Road,Fog,1057,31.3,High
2025-09-01,16,30,0,0,Dharampur Chowk,Clear,563,51.8,Low
2025-04-06,17,30,6,1,Rajpur Road,Fog,846,35.8,Medium
2025-10-07,11,0,1,0,Ballupur Chowk,Fog,412,40.5,Low
2025-10-31,19,45,4,0,Ballupur Chowk,Cloudy,1468,29.4,High
2025-05-10,17,30,5,1,Ballupur Chowk,Fog,935,33.9,Medium
2025-06-03,7,15,1,0,Prem Nagar,Clear,490,51.1,Low
2025-08-04,19,30,0,0,Prem Nagar,Fog,858,39.2,Medium
2025-10-31,6,15,4,0,Prem Nagar,Cloudy,432,49.2,Low
2025-06-03,22,15,1,0,Prem Nagar,Cloudy,518,44.4,Low
2025-03-08,16,0,5,1,Clock Tower,Rain,579,48.7,Low
2025-03-14,17,45,4,0,Ballupur Chowk,Cloudy,1418,36.3,High
2025-08-24,6,15,6,1,Rajpur Road,Cloudy,528,45.3,Low
2025-06-04,15,0,2,0,Rajpur Road,Cloudy,468,46.2,Low
2025-04-15,19,0,1,0,Dharampur Chowk,Cloudy,1144,43.8,High
2025-03-20,17,0,3,0,Ballupur Chowk,Cloudy,1410,33.8,High
2025-06-26,9,45,3,0,Prem Nagar,Fog,851,31.5,Medium
2025-12-24,12,45,2,0,Dharampur Chowk,Fog,387,41.7,Low
2025-08-26,13,0,1,0,Ballupur Chowk,Cloudy,1102,40.8,High
2025-06-12,10,45,3,0,ISBT,Rain,656,40.9,Medium
2025-12-12,19,45,4,0,Prem Nagar,Clear,1072,40.3,High
2025-06-27,21,0,4,0,Rajpur Road,Cloudy,531,47.6,Low
2025-05-01,17,30,3,0,ISBT,Clear,1422,34.9,High
2025-11-09,18,0,6,1,Dharampur Chowk,Cloudy,1028,47.9,Medium
2025-03-12,21,15,2,0,Clock Tower,Cloudy,687,41.0,Medium
2025-06-04,19,0,2,0,ISBT,Fog,1195,31.5,High
2025-12-01,11,45,0,0,Rajpur Road,Rain,660,38.8,Medium
2025-06-09,18,45,0,0,Clock Tower,Rain,1137,36.2,High
2025-08-04,11,15,0,0,Ballupur Chowk,Clear,523,46.2,Low
2025-08-27,8,30,2,0,Dharampur Chowk,Clear,1100,39.1,High
2025-12-02,18,0,1,0,Rajpur Road,Rain,1178,31.1,High
2025-03-07,22,45,4,0,Dharampur Chowk,Fog,426,40.9,Low
2025-01-06,21,45,0,0,Ballupur Chowk,Clear,645,46.1,Low
2025-06-05,19,30,3,0,Dharampur Chowk,Clear,1230,40.0,High
2025-11-06,20,30,3,0,Ballupur Chowk,Rain,601,42.8,Low
2025-10-01,17,0,2,0,Rajpur Road,Fog,871,34.7,Medium
2025-09-30,18,0,1,0,Rajpur Road,Clear,1286,38.8,High
2025-06-22,14,15,6,1,Prem Nagar,Fog,452,38.6,Low
2025-08-11,7,45,0,0,ISBT,Clear,660,47.2,Medium
2025-03-04,21,45,1,0,ISBT,Clear,789,42.5,Medium
2025-11-03,17,30,0,0,Ballupur Chowk,Rain,1289,32.0,High
2025-12-12,15,0,4,0,Prem Nagar,Rain,428,43.3,Low
2025-04-02,15,30,2,0,Ballupur Chowk,Clear,693,46.1,Medium
2025-08-17,16,30,6,1,Dharampur Chowk,Clear,658,43.0,Medium
2025-11-02,9,30,6,1,Dharampur Chowk,Clear,994,39.2,Medium
2025-09-30,18,15,1,0,Rajpur Road,Clear,1178,38.1,High
2025-10-01,9,15,2,0,Dharampur Chowk,Cloudy,1188,46.8,High
2025-11-21,21,45,4,0,ISBT,Rain,621,37.7,Low
2025-08-23,13,45,5,1,Clock Tower,Clear,879,36.2,Medium
2025-06-17,17,0,1,0,Rajpur Road,Clear,1240,37.3,High
2025-07-15,22,0,1,0,ISBT,Rain,699,42.9,Medium
2025-08-05,18,0,1,0,Rajpur Road,Rain,1082,34.1,High
2025-12-01,8,45,0,0,Clock Tower,Cloudy,1320,32.8,High
2025-10-20,14,30,0,0,Prem Nagar,Cloudy,809,39.6,Medium
2025-12-22,7,30,0,0,Prem Nagar,Fog,356,38.9,Low
2025-04-21,19,30,0,0,Dharampur Chowk,Cloudy,1299,41.8,High
2025-05-22,22,0,3,0,Prem Nagar,Fog,285,37.4,Low
2025-04-03,15,30,3,0,Clock Tower,Fog,516,39.7,Low
2025-04-17,6,45,3,0,Dharampur Chowk,Cloudy,606,45.0,Low
2025-05-21,14,45,2,0,Prem Nagar,Rain,656,41.7,Medium
2025-02-19,13,15,2,0,Clock Tower,Rain,991,30.0,Medium
2025-04-24,8,30,3,0,Dharampur Chowk,Fog,867,35.3,Medium
2025-10-29,19,30,2,0,Prem Nagar,Fog,758,41.4,Medium
2025-09-01,6,30,0,0,ISBT,Rain,585,41.5,Low
2025-06-27,20,15,4,0,Ballupur Chowk,Fog,551,37.4,Low
2025-04-18,11,45,4,0,ISBT,Fog,417,39.8,Low
2025-01-17,8,45,4,0,Prem Nagar,Rain,959,35.3,Medium
2025-02-12,12,30,2,0,ISBT,Rain,568,44.7,Low
2025-06-11,20,45,2,0,Clock Tower,Cloudy,664,44.0,Medium
2025-11-16,11,30,6,1,Prem Nagar,Fog,343,44.4,Low
2025-08-01,6,30,4,0,Prem Nagar,Fog,580,41.2,Low
2025-05-01,18,15,3,0,Ballupur Chowk,Clear,1444,32.9,High
2025-02-19,18,15,2,0,Rajpur Road,Clear,1165,38.5,High
2025-10-20,15,15,0,0,Rajpur Road,Fog,476,37.0,Low
2025-10-09,19,30,3,0,Rajpur Road,Fog,984,34.1,Medium
2025-11-03,14,30,0,0,ISBT,Clear,1112,40.6,High
2025-12-07,16,45,6,1,Rajpur Road,Fog,421,39.5,Low
2025-09-11,20,30,3,0,Ballupur Chowk,Cloudy,624,42.5,Low
2025-04-01,18,30,1,0,Clock Tower,Rain,1406,30.0,High
2025-08-26,11,0,1,0,Ballupur Chowk,Fog,489,37.2,Low
2025-08-03,19,15,6,1,Dharampur Chowk,Clear,1251,33.9,High
2025-11-13,13,15,3,0,Prem Nagar,Clear,713,46.1,Medium
2025-11-03,19,0,0,0,ISBT,Cloudy,1631,34.6,High
2025-03-27,21,0,3,0,ISBT,Clear,851,44.4,Medium
2025-11-04,18,15,1,0,Rajpur Road,Fog,913,33.2,Medium
2025-07-08,13,15,1,0,Ballupur Chowk,Cloudy,1044,46.3,Medium
2025-06-15,10,30,6,1,Clock Tower,Clear,447,52.2,Low
2025-04-16,20,45,2,0,Rajpur Road,Fog,482,42.6,Low
2025-05-04,11,45,6,1,Prem Nagar,Clear,406,46.7,Low
2025-11-06,16,15,3,0,Rajpur Road,Fog,528,41.4,Low
2025-02-05,6,0,2,0,Dharampur Chowk,Fog,526,39.4,Low
2025-09-24,21,45,2,0,Clock Tower,Fog,478,35.5,Low
2025-05-14,9,0,2,0,Ballupur Chowk,Fog,1079,32.9,High
2025-01-31,15,45,4,0,Dharampur Chowk,Clear,483,46.5,Low
2025-07-06,18,45,6,1,Ballupur Chowk,Clear,1111,34.7,High
2025-02-23,10,30,6,1,Prem Nagar,Clear,348,46.6,Low
2025-03-28,17,45,4,0,Dharampur Chowk,Rain,1043,32.9,Medium
2025-03-14,13,45,4,0,Rajpur Road,Rain,677,46.4,Medium
2025-02-19,16,0,2,0,Ballupur Chowk,Fog,607,36.0,Low
2025-05-06,14,30,1,0,ISBT,Fog,888,35.6,Medium
2025-06-19,20,30,3,0,Prem Nagar,Rain,534,39.9,Low
2025-11-01,7,15,5,1,Rajpur Road,Rain,534,40.7,Low
2025-01-14,13,30,1,0,Prem Nagar,Rain,565,44.1,Low
2025-05-30,15,15,4,0,Prem Nagar,Rain,542,50.0,Low
2025-09-01,20,30,0,0,Rajpur Road,Cloudy,518,49.7,Low
2025-03-17,15,45,0,0,ISBT,Cloudy,709,47.2,Medium
2025-01-15,12,30,2,0,Rajpur Road,Clear,467,44.5,Low
2025-05-13,17,45,1,0,Ballupur Chowk,Cloudy,1357,35.9,High
2025-06-26,10,30,3,0,Prem Nagar,Rain,387,46.4,Low
2025-07-13,21,15,6,1,Prem Nagar,Fog,413,42.9,Low
2025-03-31,21,45,0,0,Clock Tower,Clear,787,45.0,Medium
2025-06-25,13,30,2,0,Rajpur Road,Cloudy,844,47.0,Medium
2025-03-18,14,0,1,0,Dharampur Chowk,Cloudy,854,45.5,Medium
2025-07-02,21,45,2,0,Prem Nagar,Clear,613,47.6,Low
2025-09-26,13,15,4,0,ISBT,Clear,964,38.5,Medium
2025-07-24,9,30,3,0,Prem Nagar,Clear,1080,39.1,High
2025-05-19,8,0,0,0,Ballupur Chowk,Cloudy,1337,38.2,High
2025-05-06,14,15,1,0,Dharampur Chowk,Cloudy,958,42.2,Medium
2025-04-27,20,15,6,1,Clock Tower,Rain,486,42.1,Low
2025-10-10,14,0,4,0,Dharampur Chowk,Cloudy,971,42.8,Medium
2025-02-02,10,30,6,1,Clock Tower,Cloudy,566,50.2,Low
2025-04-27,13,45,6,1,Ballupur Chowk,Clear,815,40.8,Medium
2025-10-02,7,30,3,0,Dharampur Chowk,Clear,499,44.9,Low
2025-04-11,21,0,4,0,Ballupur Chowk,Clear,611,50.0,Low
2025-09-01,12,0,0,0,Prem Nagar,Cloudy,447,49.2,Low
2025-11-03,21,30,0,0,Prem Nagar,Clear,434,48.0,Low
2025-10-25,19,0,5,1,Dharampur Chowk,Fog,692,36.5,Medium
2025-11-26,12,45,2,0,Clock Tower,Rain,576,43.4,Low
2025-07-28,14,45,0,0,Dharampur Chowk,Cloudy,920,38.3,Medium
2025-06-18,22,45,2,0,Prem Nagar,Rain,525,43.1,Low
2025-11-27,15,30,3,0,Prem Nagar,Cloudy,527,47.4,Low
2025-06-24,14,30,1,0,Dharampur Chowk,Fog,646,38.4,Low
2025-02-27,11,45,3,0,Clock Tower,Rain,630,35.8,Low
2025-09-18,21,45,3,0,Rajpur Road,Cloudy,571,46.1,Low
2025-02-03,19,30,0,0,Clock Tower,Fog,1143,34.3,High
2025-06-25,11,15,2,0,Clock Tower,Cloudy,629,44.5,Low
2025-04-20,15,30,6,1,ISBT,Fog,439,38.3,Low
2025-02-22,15,15,5,1,Prem Nagar,Cloudy,407,51.5,Low
2025-06-15,11,15,6,1,Ballupur Chowk,Cloudy,481,49.4,Low
2025-03-22,11,30,5,1,Prem Nagar,Fog,195,42.5,Low
2025-12-01,19,30,0,0,Rajpur Road,Rain,1096,39.4,High
2025-08-30,15,30,5,1,Rajpur Road,Rain,425,37.3,Low
2025-06-20,17,30,4,0,Ballupur Chowk,Rain,1056,35.0,High
2025-08-06,18,45,2,0,Clock Tower,Fog,1172,31.4,High
2025-01-29,19,30,2,0,Dharampur Chowk,Cloudy,1269,40.4,High
2025-08-22,14,0,4,0,Dharampur Chowk,Cloudy,859,45.4,Medium
2025-04-17,14,30,3,0,ISBT,Clear,953,38.7,Medium
2025-06-14,19,45,5,1,ISBT,Cloudy,1201,37.0,High
2025-04-21,22,45,0,0,ISBT,Clear,703,45.3,Medium
2025-02-08,13,15,5,1,ISBT,Fog,741,33.6,Medium
2025-10-31,21,0,4,0,Dharampur Chowk,Fog,433,36.3,Low
2025-12-19,21,15,4,0,ISBT,Fog,674,36.5,Medium
2025-01-31,9,0,4,0,Dharampur Chowk,Rain,970,40.9,Medium
2025-05-22,17,45,3,0,ISBT,Clear,1408,31.5,High
2025-08-30,10,0,5,1,ISBT,Fog,392,41.2,Low
2025-03-19,10,30,2,0,Prem Nagar,Cloudy,546,49.4,Low
2025-10-15,8,45,2,0,Rajpur Road,Rain,1258,25.3,High
2025-10-21,14,30,1,0,Dharampur Chowk,Clear,908,40.4,Medium
2025-03-13,8,30,3,0,ISBT,Fog,1084,29.7,High
2025-04-20,11,30,6,1,Ballupur Chowk,Cloudy,492,53.0,Low
2025-08-24,17,30,6,1,Rajpur Road,Rain,1022,35.5,Medium
2025-05-11,6,15,6,1,Clock Tower,Fog,555,34.5,Medium
2025-08-07,18,45,3,0,Clock Tower,Clear,1297,29.9,High
2025-09-20,17,0,5,1,Prem Nagar,Fog,651,38.2,Medium
2025-01-17,22,30,4,0,Prem Nagar,Fog,398,41.8,Low
2025-05-25,16,0,6,1,Dharampur Chowk,Clear,363,52.2,Low
2025-10-17,8,0,4,0,Prem Nagar,Cloudy,1042,42.3,Medium
2025-09-20,8,45,5,1,Prem Nagar,Cloudy,718,45.7,Medium
2025-02-07,19,30,4,0,Ballupur Chowk,Fog,986,31.7,Medium
2025-03-19,16,0,2,0,Rajpur Road,Rain,569,42.1,Low
2025-08-21,22,45,3,0,Clock Tower,Fog,458,40.5,Low
2025-10-22,15,0,2,0,Prem Nagar,Fog,267,46.6,Low
2025-01-10,6,15,4,0,ISBT,Fog,549,42.5,Low
2025-03-19,14,15,2,0,Prem Nagar,Rain,630,39.4,Low
2025-09-30,20,15,1,0,Prem Nagar,Rain,377,47.2,Low
2025-10-23,10,15,3,0,Rajpur Road,Cloudy,557,49.0,Low
2025-06-07,11,0,5,1,Clock Tower,Clear,528,41.5,Low
2025-03-07,17,0,4,0,ISBT,Rain,1311,27.7,High
2025-04-28,12,15,0,0,ISBT,Cloudy,744,40.8,Medium
2025-08-06,14,15,2,0,Rajpur Road,Rain,881,37.1,Medium
2025-01-14,10,45,1,0,Clock Tower,Fog,512,41.7,Low
2025-01-14,20,15,1,0,Ballupur Chowk,Clear,710,44.8,Medium
2025-08-17,20,45,6,1,Rajpur Road,Cloudy,460,43.1,Low
2025-07-14,9,0,0,0,Rajpur Road,Clear,1115,37.2,High
2025-03-25,12,0,1,0,Ballupur Chowk,Rain,578,40.7,Low
2025-06-12,19,15,3,0,Rajpur Road,Clear,1303,34.5,High
2025-09-17,17,45,2,0,ISBT,Clear,1503,37.1,High
2025-08-22,6,0,4,0,Ballupur Chowk,Fog,534,39.2,Low
2025-07-24,9,30,3,0,ISBT,Rain,1224,30.6,High
2025-02-03,19,30,0,0,Rajpur Road,Clear,1179,36.5,High
2025-11-30,18,45,6,1,Clock Tower,Rain,1134,33.1,High
2025-11-28,16,0,4,0,Rajpur Road,Cloudy,506,53.1,Low
2025-04-01,6,15,1,0,Prem Nagar,Cloudy,537,43.1,Low
2025-03-13,21,0,3,0,Clock Tower,Cloudy,655,46.0,Medium
2025-12-05,15,30,4,0,Prem Nagar,Fog,526,36.2,Low
2025-03-22,19,15,5,1,Rajpur Road,Cloudy,1191,42.2,High
2025-12-09,11,30,1,0,Clock Tower,Cloudy,640,45.0,Low
2025-01-16,21,15,3,0,ISBT,Fog,482,39.5,Low
2025-11-17,17,30,0,0,Prem Nagar,Rain,933,38.7,Medium
2025-01-15,6,30,2,0,Clock Tower,Fog,613,36.0,Low
2025-01-18,10,45,5,1,Clock Tower,Fog,290,42.8,Low
2025-11-03,22,15,0,0,Rajpur Road,Clear,608,47.1,Low
2025-01-08,17,15,2,0,Clock Tower,Fog,1097,31.7,High
2025-02-03,9,45,0,0,Ballupur Chowk,Fog,1135,31.9,High
2025-10-02,20,15,3,0,Prem Nagar,Clear,457,47.0,Low
2025-06-09,21,45,0,0,ISBT,Cloudy,728,49.5,Medium
2025-06-15,17,0,6,1,Ballupur Chowk,Fog,904,34.0,Medium
2025-10-20,12,15,0,0,Rajpur Road,Cloudy,575,50.1,Low
2025-03-15,13,0,5,1,Dharampur Chowk,Clear,887,43.7,Medium
2025-07-26,15,0,5,1,Rajpur Road,Cloudy,528,47.6,Low
2025-05-09,11,30,4,0,ISBT,Fog,374,43.9,Low
2025-12-09,22,30,1,0,Rajpur Road,Rain,537,43.6,Low
2025-08-05,17,15,1,0,Prem Nagar,Clear,983,39.8,Medium
2025-07-17,7,15,3,0,Rajpur Road,Clear,552,50.2,Low
2025-03-15,7,15,5,1,Rajpur Road,Fog,367,48.0,Low
2025-06-15,6,45,6,1,Ballupur Chowk,Rain,519,38.8,Low
2025-04-07,18,45,0,0,Rajpur Road,Fog,988,30.9,Medium
2025-11-15,14,45,5,1,Clock Tower,Rain,596,46.3,Low
2025-12-02,22,30,1,0,ISBT,Cloudy,798,45.2,Medium
2025-05-11,16,45,6,1,Prem Nagar,Fog,344,37.9,Low
2025-12-06,9,30,5,1,Prem Nagar,Rain,707,42.4,Medium
2025-02-02,17,45,6,1,Dharampur Chowk,Clear,932,34.1,Medium
2025-10-06,10,0,0,0,Rajpur Road,Fog,449,40.2,Low
2025-02-26,9,30,2,0,Rajpur Road,Rain,1063,37.0,High
2025-06-07,20,45,5,1,Prem Nagar,Clear,465,49.1,Low
2025-09-16,11,45,1,0,Prem Nagar,Cloudy,607,41.8,Low
2025-03-14,13,0,4,0,Rajpur Road,Rain,847,39.8,Medium
2025-09-27,10,0,5,1,Prem Nagar,Rain,273,41.6,Low
2025-10-04,13,15,5,1,ISBT,Cloudy,907,40.1,Medium
2025-02-21,11,15,4,0,Dharampur Chowk,Cloudy,648,43.9,Low
2025-10-04,19,15,5,1,ISBT,Clear,1213,35.8,High
2025-07-25,15,45,4,0,Prem Nagar,Fog,479,40.2,Low
2025-09-01,20,30,0,0,Rajpur Road,Rain,512,42.4,Low
2025-01-01,8,30,2,0,Dharampur Chowk,Rain,1112,31.9,High
2025-04-17,8,0,3,0,Ballupur Chowk,Cloudy,1436,35.1,High
2025-03-15,21,15,5,1,Rajpur Road,Fog,384,49.0,Low
2025-03-23,19,45,6,1,Prem Nagar,Cloudy,843,41.9,Medium
2025-05-08,17,0,3,0,Rajpur Road,Rain,1024,38.2,Medium
2025-03-13,18,0,3,0,Dharampur Chowk,Cloudy,1390,40.2,High
2025-04-16,20,15,2,0,Dharampur Chowk,Rain,602,40.8,Low
2025-06-17,6,0,1,0,Prem Nagar,Rain,409,39.1,Low
2025-09-26,9,45,4,0,Rajpur Road,Fog,1098,32.7,High
2025-06-02,9,45,0,0,Rajpur Road,Clear,1130,42.8,High
2025-06-24,14,0,1,0,Ballupur Chowk,Rain,796,39.8,Medium
2025-02-27,20,45,3,0,Prem Nagar,Cloudy,498,49.8,Low
2025-12-30,21,30,1,0,Rajpur Road,Clear,579,42.4,Low
2025-02-15,17,15,5,1,Dharampur Chowk,Fog,819,38.4,Medium
2025-12-26,19,45,4,0,Clock Tower,Clear,1401,37.3,High
2025-05-24,14,30,5,1,Dharampur Chowk,Rain,573,41.7,Low
2025-08-03,14,30,6,1,Clock Tower,Clear,807,45.7,Medium
2025-02-21,21,15,4,0,Prem Nagar,Fog,392,43.5,Low
2025-04-24,19,30,3,0,Clock Tower,Fog,1210,31.8,High
2025-10-15,18,45,2,0,Clock Tower,Clear,1425,31.6,High
2025-10-30,9,0,3,0,Clock Tower,Cloudy,1381,33.7,High
2025-07-04,19,45,4,0,Dharampur Chowk,Clear,1168,37.2,High
2025-06-27,20,45,4,0,Prem Nagar,Clear,409,43.3,Low
2025-07-24,19,0,3,0,Rajpur Road,Cloudy,1256,37.6,High
2025-01-13,16,0,0,0,ISBT,Fog,457,40.5,Low
2025-01-15,20,30,2,0,ISBT,Rain,788,41.8,Medium
2025-06-30,13,30,0,0,Ballupur Chowk,Clear,1103,40.4,High
2025-06-16,20,30,0,0,Rajpur Road,Cloudy,707,42.7,Medium
2025-10-13,16,45,0,0,ISBT,Cloudy,690,36.9,Medium
2025-09-13,8,30,5,1,ISBT,Cloudy,1356,40.2,High
2025-06-12,15,0,3,0,Dharampur Chowk,Clear,516,46.9,Low
2025-11-24,18,30,0,0,Prem Nagar,Fog,771,37.1,Medium
2025-11-24,11,45,0,0,Rajpur Road,Rain,616,36.0,Low
2025-12-29,21,30,0,0,ISBT,Fog,598,37.6,Low
2025-07-05,11,15,5,1,ISBT,Clear,609,47.7,Low
2025-02-27,12,30,3,0,Prem Nagar,Rain,423,43.6,Low
2025-10-14,11,45,1,0,Prem Nagar,Clear,470,51.2,Low
2025-04-12,8,0,5,1,Dharampur Chowk,Fog,795,36.3,Medium
2025-05-15,10,30,3,0,Prem Nagar,Rain,337,44.0,Low
2025-07-23,10,45,2,0,Clock Tower,Rain,664,40.6,Medium
2025-11-11,8,30,1,0,Rajpur Road,Fog,988,38.2,Medium
2025-01-21,13,15,1,0,Dharampur Chowk,Rain,856,38.1,Medium
2025-01-14,21,15,1,0,Dharampur Chowk,Cloudy,547,39.5,Low
2025-05-06,13,45,1,0,Dharampur Chowk,Cloudy,889,41.3,Medium
2025-03-16,6,30,6,1,Rajpur Road,Clear,528,47.0,Low
2025-11-10,21,45,0,0,Ballupur Chowk,Cloudy,639,40.5,Low
2025-07-31,11,45,3,0,Dharampur Chowk,Fog,373,43.1,Low
2025-05-14,17,30,2,0,Ballupur Chowk,Rain,1354,30.4,High
2025-07-06,13,30,6,1,Prem Nagar,Rain,598,44.3,Low
2025-02-09,10,30,6,1,Dharampur Chowk,Cloudy,435,49.9,Low
2025-10-03,10,0,4,0,Prem Nagar,Fog,330,44.9,Low
2025-10-02,16,0,3,0,Prem Nagar,Cloudy,523,48.4,Low
2025-06-28,13,45,5,1,ISBT,Clear,858,44.9,Medium
2025-08-24,20,45,6,1,Prem Nagar,Fog,498,36.9,Low
2025-02-03,11,0,0,0,Prem Nagar,Fog,362,42.5,Low
2025-10-14,7,30,1,0,Ballupur Chowk,Cloudy,728,42.9,Medium
2025-02-02,17,0,6,1,Dharampur Chowk,Rain,688,44.2,Medium
2025-10-19,14,0,6,1,Dharampur Chowk,Fog,645,32.6,Medium
2025-08-09,10,45,5,1,Rajpur Road,Fog,349,46.7,Low
2025-06-08,15,30,6,1,Rajpur Road,Fog,513,42.5,Low
2025-03-15,16,0,5,1,Prem Nagar,Clear,400,49.5,Low
2025-12-31,17,0,2,0,Clock Tower,Clear,1393,38.5,High
2025-09-29,19,15,0,0,Dharampur Chowk,Cloudy,1185,35.7,High
2025-05-08,11,15,3,0,Clock Tower,Fog,607,38.2,Low
2025-03-03,16,0,0,0,Clock Tower,Fog,636,35.9,Low
2025-10-21,18,45,1,0,Ballupur Chowk,Fog,1077,28.8,High
2025-03-12,16,15,2,0,Clock Tower,Rain,592,37.1,Low
2025-07-01,11,45,1,0,ISBT,Fog,526,35.2,Low
2025-02-16,11,30,6,1,Ballupur Chowk,Cloudy,621,48.3,Low
2025-04-27,17,0,6,1,ISBT,Fog,887,38.3,Medium
2025-02-18,22,30,1,0,Clock Tower,Clear,857,42.9,Medium
2025-10-13,7,30,0,0,Clock Tower,Cloudy,639,54.3,Low
2025-01-01,22,0,2,0,Clock Tower,Rain,486,43.1,Low
2025-07-16,15,0,2,0,Prem Nagar,Rain,453,47.6,Low
2025-02-05,11,15,2,0,Dharampur Chowk,Fog,477,38.7,Low
2025-04-04,12,30,4,0,Clock Tower,Cloudy,614,45.2,Low
2025-11-04,17,15,1,0,Ballupur Chowk,Cloudy,1339,36.0,High
2025-09-17,10,45,2,0,Clock Tower,Clear,612,41.8,Low
2025-10-03,9,30,4,0,ISBT,Clear,1514,31.9,High
2025-06-28,11,15,5,1,Clock Tower,Fog,346,41.6,Low
2025-04-09,10,30,2,0,Ballupur Chowk,Fog,512,34.4,Medium
2025-08-18,9,0,0,0,ISBT,Cloudy,1510,30.3,High
2025-07-07,10,15,0,0,Ballupur Chowk,Cloudy,802,45.1,Medium
2025-07-26,7,30,5,1,Clock Tower,Fog,415,38.8,Low
2025-12-04,9,0,3,0,Dharampur Chowk,Rain,1000,37.6,Medium
2025-09-27,22,45,5,1,Prem Nagar,Cloudy,433,48.2,Low
2025-05-25,16,15,6,1,Ballupur Chowk,Cloudy,570,45.0,Low
2025-05-30,19,45,4,0,Ballupur Chowk,Fog,1054,25.7,High
2025-02-12,21,0,2,0,Ballupur Chowk,Clear,711,45.7,Medium
2025-06-14,21,45,5,1,ISBT,Fog,418,46.7,Low
2025-05-28,7,0,2,0,Rajpur Road,Clear,591,43.4,Low
2025-06-07,11,30,5,1,Dharampur Chowk,Clear,545,48.4,Low
2025-10-01,6,0,2,0,ISBT,Fog,597,37.2,Low
2025-04-07,17,0,0,0,Dharampur Chowk,Fog,992,32.0,Medium
2025-09-18,22,15,3,0,Prem Nagar,Rain,483,37.4,Low
2025-12-15,7,15,0,0,Clock Tower,Fog,491,45.2,Low
2025-04-06,13,30,6,1,Clock Tower,Cloudy,839,41.2,Medium
2025-09-11,12,0,3,0,Clock Tower,Fog,490,36.4,Low
2025-04-16,9,30,2,0,Clock Tower,Cloudy,1205,37.1,High
2025-12-04,16,15,3,0,Ballupur Chowk,Cloudy,676,45.2,Medium
2025-07-10,18,0,3,0,Rajpur Road,Cloudy,1298,36.6,High
2025-11-03,13,30,0,0,Ballupur Chowk,Rain,956,35.8,Medium
2025-04-15,14,45,1,0,Dharampur Chowk,Clear,813,42.5,Medium
2025-08-01,19,45,4,0,ISBT,Cloudy,1629,36.0,High
2025-09-07,14,0,6,1,Dharampur Chowk,Fog,534,39.7,Low
2025-01-22,20,15,2,0,Dharampur Chowk,Cloudy,615,43.2,Low
2025-02-06,9,0,3,0,Rajpur Road,Fog,937,29.2,Medium
2025-02-04,11,30,1,0,Rajpur Road,Rain,384,45.6,Low
2025-12-15,18,30,0,0,Prem Nagar,Rain,905,37.7,Medium
2025-05-26,14,0,0,0,Clock Tower,Fog,805,32.6,Medium
2025-04-14,8,45,0,0,Rajpur Road,Cloudy,1224,33.8,High
2025-09-23,7,45,1,0,Ballupur Chowk,Clear,745,40.3,Medium
2025-02-27,13,0,3,0,Ballupur Chowk,Cloudy,1004,37.5,Medium
2025-02-12,8,15,2,0,Ballupur Chowk,Rain,1186,32.1,High
2025-08-13,10,45,2,0,Prem Nagar,Clear,446,51.2,Low
2025-12-06,22,15,5,1,Rajpur Road,Rain,449,45.1,Low
2025-01-23,6,15,3,0,ISBT,Rain,557,37.8,Low
2025-03-31,17,45,0,0,Rajpur Road,Clear,1256,36.1,High
2025-07-20,18,15,6,1,ISBT,Clear,1331,35.7,High
2025-04-26,11,15,5,1,ISBT,Fog,497,35.0,Low
2025-01-13,20,0,0,0,Rajpur Road,Rain,677,39.8,Medium
2025-10-13,11,15,0,0,Prem Nagar,Rain,494,40.4,Low
2025-01-30,9,0,3,0,Ballupur Chowk,Clear,1292,32.6,High
2025-11-13,11,30,3,0,ISBT,Clear,743,43.3,Medium
2025-03-15,9,15,5,1,Clock Tower,Fog,897,36.3,Medium
2025-01-02,7,45,3,0,Prem Nagar,Clear,388,47.4,Low
2025-04-25,7,0,4,0,Clock Tower,Fog,563,45.3,Low
2025-10-20,18,30,0,0,Dharampur Chowk,Fog,945,35.3,Medium
2025-08-19,13,45,1,0,Prem Nagar,Rain,664,46.3,Medium
2025-06-26,20,45,3,0,Rajpur Road,Fog,328,42.6,Low
2025-10-02,17,15,3,0,Rajpur Road,Rain,993,28.3,Medium
2025-11-23,11,45,6,1,ISBT,Cloudy,654,46.1,Medium
2025-07-08,6,45,1,0,ISBT,Cloudy,719,44.4,Medium
2025-01-22,20,45,2,0,Dharampur Chowk,Cloudy,836,42.3,Medium
2025-07-25,10,30,4,0,Rajpur Road,Fog,508,37.8,Low
2025-08-04,19,45,0,0,Dharampur Chowk,Fog,980,32.3,Medium
2025-08-16,18,45,5,1,ISBT,Rain,1120,39.5,High
2025-06-16,18,15,0,0,Dharampur Chowk,Cloudy,1349,36.1,High
2025-05-06,12,15,1,0,Prem Nagar,Cloudy,327,49.2,Low
2025-12-04,17,45,3,0,Prem Nagar,Fog,1048,31.3,Medium
2025-07-11,15,15,4,0,Ballupur Chowk,Cloudy,753,48.6,Medium
2025-08-29,9,45,4,0,ISBT,Fog,1148,28.1,High
2025-01-27,12,15,0,0,ISBT,Cloudy,547,49.2,Low
2025-12-04,18,45,3,0,Rajpur Road,Fog,933,34.2,Medium
2025-01-13,12,45,0,0,Prem Nagar,Cloudy,411,48.3,Low
2025-05-20,10,45,1,0,Prem Nagar,Cloudy,514,48.5,Low
2025-03-19,19,30,2,0,Ballupur Chowk,Cloudy,1330,39.6,High
2025-03-08,21,30,5,1,Prem Nagar,Clear,366,44.7,Low
2025-12-13,9,0,5,1,Clock Tower,Clear,1110,39.2,High
2025-01-05,7,30,6,1,Clock Tower,Rain,516,46.7,Low
2025-07-02,12,15,2,0,Rajpur Road,Rain,507,42.4,Low
2025-02-03,17,30,0,0,Prem Nagar,Fog,743,38.8,Medium
2025-09-01,16,15,0,0,ISBT,Rain,650,39.5,Medium
2025-02-21,11,15,4,0,Rajpur Road,Fog,315,46.8,Low
2025-03-02,19,15,6,1,Prem Nagar,Fog,608,36.5,Low
2025-12-25,14,15,3,0,Clock Tower,Cloudy,1088,35.9,High
2025-08-16,9,0,5,1,Rajpur Road,Fog,676,31.0,Medium
2025-08-31,18,45,6,1,Rajpur Road,Clear,1118,37.4,High
2025-10-28,17,45,1,0,Prem Nagar,Cloudy,1326,33.1,High
2025-08-18,6,45,0,0,Dharampur Chowk,Rain,430,42.2,Low
2025-06-23,8,30,0,0,Clock Tower,Cloudy,1401,33.6,High
2025-03-11,15,45,1,0,Rajpur Road,Clear,633,43.0,Low
2025-12-09,12,30,1,0,ISBT,Clear,596,41.1,Low
2025-07-01,21,0,1,0,Prem Nagar,Fog,212,42.4,Low
2025-03-28,17,30,4,0,Rajpur Road,Rain,1099,32.4,High
2025-09-24,6,45,2,0,ISBT,Cloudy,841,46.7,Medium
2025-01-27,13,30,0,0,ISBT,Fog,840,29.6,Medium
2025-08-10,16,0,6,1,ISBT,Fog,435,39.0,Low
2025-12-04,8,30,3,0,Prem Nagar,Clear,922,39.7,Medium
2025-03-08,6,0,5,1,ISBT,Fog,428,39.7,Low
2025-04-13,21,45,6,1,Ballupur Chowk,Clear,487,48.7,Low
2025-12-22,14,45,0,0,ISBT,Rain,1004,32.9,Medium
2025-09-20,19,45,5,1,Dharampur Chowk,Rain,1016,32.5,Medium
2025-03-09,17,30,6,1,Prem Nagar,Cloudy,798,44.7,Medium
2025-09-08,15,30,0,0,Clock Tower,Fog,461,41.4,Low
2025-12-10,8,30,2,0,Prem Nagar,Clear,782,48.0,Medium
2025-01-12,10,0,6,1,Rajpur Road,Clear,551,42.6,Low
2025-04-01,17,0,1,0,Rajpur Road,Cloudy,1192,43.0,High
2025-02-14,8,0,4,0,Dharampur Chowk,Clear,1062,37.3,High
2025-06-24,8,15,1,0,Prem Nagar,Fog,598,37.4,Low
2025-11-20,16,0,3,0,Prem Nagar,Clear,469,50.4,Low
2025-01-29,10,15,2,0,Dharampur Chowk,Clear,448,44.0,Low
2025-04-06,8,0,6,1,Clock Tower,Fog,931,36.7,Medium
2025-12-18,13,15,3,0,Clock Tower,Clear,883,45.6,Medium
2025-07-18,16,15,4,0,Ballupur Chowk,Cloudy,668,48.7,Medium
2025-12-29,21,15,0,0,Ballupur Chowk,Rain,564,34.4,Medium
2025-12-13,7,45,5,1,Rajpur Road,Clear,485,51.3,Low
2025-02-10,11,15,0,0,ISBT,Cloudy,670,44.3,Medium
2025-10-05,12,0,6,1,Dharampur Chowk,Clear,462,39.7,Low
2025-04-07,11,30,0,0,Rajpur Road,Cloudy,747,41.6,Medium
2025-07-22,15,45,1,0,Prem Nagar,Rain,479,42.9,Low
2025-04-22,19,30,1,0,ISBT,Cloudy,1684,32.2,High
2025-09-29,6,30,0,0,ISBT,Cloudy,723,42.0,Medium
2025-02-03,7,0,0,0,Ballupur Chowk,Rain,634,35.3,Low
2025-01-31,19,0,4,0,Dharampur Chowk,Fog,1008,29.3,Medium
2025-01-07,8,30,1,0,Prem Nagar,Rain,977,36.5,Medium
2025-12-24,8,30,2,0,Dharampur Chowk,Rain,1060,35.1,High
2025-08-19,17,45,1,0,ISBT,Fog,1066,29.2,High
2025-06-03,21,30,1,0,Prem Nagar,Cloudy,565,47.4,Low
2025-04-27,11,0,6,1,Dharampur Chowk,Rain,523,43.7,Low
2025-07-29,20,45,1,0,ISBT,Fog,488,37.6,Low
2025-08-26,20,45,1,0,Rajpur Road,Cloudy,622,39.2,Low
2025-07-17,19,0,3,0,Rajpur Road,Rain,1257,33.4,High
2025-07-15,10,45,1,0,ISBT,Clear,805,38.8,Medium
2025-08-11,11,15,0,0,Prem Nagar,Cloudy,611,53.0,Low
2025-04-22,9,0,1,0,Ballupur Chowk,Fog,908,36.3,Medium
2025-03-18,14,30,1,0,Rajpur Road,Clear,897,37.6,Medium
2025-09-12,18,15,4,0,ISBT,Rain,1396,32.6,High
2025-04-27,12,45,6,1,Prem Nagar,Fog,283,46.5,Low
2025-08-10,19,15,6,1,Ballupur Chowk,Clear,1015,36.0,Medium
2025-06-30,9,0,0,0,ISBT,Fog,1141,30.8,High
2025-11-08,15,15,5,1,Rajpur Road,Fog,340,44.6,Low
2025-04-21,19,45,0,0,Clock Tower,Rain,1306,33.9,High
2025-11-20,11,30,3,0,Dharampur Chowk,Rain,494,44.8,Low
2025-12-17,19,0,2,0,Prem Nagar,Cloudy,1056,46.1,High
2025-09-29,15,30,0,0,Dharampur Chowk,Rain,439,50.0,Low
2025-12-19,10,30,4,0,Prem Nagar,Fog,392,37.3,Low
2025-02-02,6,45,6,1,ISBT,Fog,590,38.9,Low
2025-05-07,12,30,2,0,Dharampur Chowk,Cloudy,656,49.3,Medium
2025-06-10,21,30,1,0,Prem Nagar,Rain,465,41.6,Low
2025-10-23,16,15,3,0,Rajpur Road,Rain,604,41.4,Low
2025-11-20,13,15,3,0,Rajpur Road,Fog,772,29.5,Medium
2025-10-16,21,0,3,0,ISBT,Clear,742,42.5,Medium
2025-07-16,10,30,2,0,Clock Tower,Fog,658,39.5,Medium
2025-08-25,14,0,0,0,Ballupur Chowk,Fog,796,37.1,Medium
2025-04-09,14,15,2,0,ISBT,Clear,1003,45.5,Medium
2025-08-31,13,15,6,1,Dharampur Chowk,Clear,889,43.5,Medium
2025-06-17,17,45,1,0,Prem Nagar,Cloudy,1219,35.9,High
2025-05-20,16,45,1,0,ISBT,Cloudy,678,45.4,Medium
2025-11-27,12,0,3,0,ISBT,Clear,741,43.2,Medium
2025-04-10,22,30,3,0,Rajpur Road,Fog,511,40.6,Low
2025-08-05,6,30,1,0,ISBT,Cloudy,662,47.1,Medium
2025-03-15,15,0,5,1,Clock Tower,Fog,516,40.1,Low
2025-02-10,17,45,0,0,Rajpur Road,Fog,1090,27.8,High
2025-11-17,18,15,0,0,Prem Nagar,Fog,869,31.1,Medium
2025-06-10,9,30,1,0,Ballupur Chowk,Rain,1051,33.1,High
2025-04-12,20,30,5,1,Rajpur Road,Cloudy,446,47.0,Low
2025-06-15,6,0,6,1,Clock Tower,Rain,486,45.6,Low
2025-10-10,21,30,4,0,Rajpur Road,Rain,500,38.1,Low
2025-07-12,6,45,5,1,Dharampur Chowk,Rain,520,40.1,Low
2025-07-22,11,30,1,0,Prem Nagar,Clear,482,49.5,Low
2025-11-26,15,30,2,0,Prem Nagar,Clear,503,51.1,Low
2025-09-19,7,15,4,0,Ballupur Chowk,Clear,672,42.8,Medium
2025-02-04,10,15,1,0,Clock Tower,Cloudy,865,43.2,Medium
2025-05-01,8,30,3,0,ISBT,Rain,1260,34.9,High
2025-02-11,19,30,1,0,Clock Tower,Fog,1143,31.9,High
2025-07-25,7,45,4,0,Dharampur Chowk,Fog,647,36.9,Low
2025-12-22,10,0,0,0,Rajpur Road,Fog,442,41.0,Low
2025-03-23,9,30,6,1,Rajpur Road,Cloudy,1129,34.4,High
2025-01-29,6,0,2,0,Dharampur Chowk,Cloudy,431,47.1,Low
2025-09-03,7,0,2,0,Rajpur Road,Cloudy,483,46.8,Low
2025-03-20,10,30,3,0,ISBT,Fog,605,35.7,Low
2025-11-21,18,0,4,0,Prem Nagar,Rain,821,38.5,Medium
2025-09-10,6,45,2,0,Prem Nagar,Clear,556,42.0,Low
2025-01-21,12,0,1,0,Rajpur Road,Cloudy,679,47.8,Medium
2025-10-26,21,0,6,1,ISBT,Clear,677,49.0,Medium
2025-10-25,17,15,5,1,Ballupur Chowk,Cloudy,1382,34.2,High
2025-03-19,6,30,2,0,ISBT,Rain,644,39.6,Low
2025-09-19,18,15,4,0,Rajpur Road,Rain,1123,38.6,High
2025-06-21,12,30,5,1,ISBT,Fog,373,39.1,Low
2025-03-03,15,45,0,0,Clock Tower,Fog,636,41.0,Low
2025-11-05,22,45,2,0,Rajpur Road,Cloudy,585,49.2,Low
2025-02-27,7,45,3,0,Clock Tower,Cloudy,718,49.2,Medium
2025-04-13,15,15,6,1,Prem Nagar,Rain,378,47.7,Low
2025-07-04,20,0,4,0,Dharampur Chowk,Cloudy,800,45.4,Medium
2025-10-18,14,15,5,1,Prem Nagar,Clear,639,48.0,Low
2025-06-08,6,15,6,1,Rajpur Road,Rain,418,51.2,Low
2025-04-16,21,45,2,0,Dharampur Chowk,Rain,518,41.8,Low
2025-08-23,18,15,5,1,Ballupur Chowk,Fog,852,38.1,Medium
2025-10-15,15,15,2,0,Clock Tower,Clear,727,43.1,Medium
2025-01-01,6,0,2,0,Clock Tower,Rain,638,36.4,Low
2025-01-01,15,45,2,0,Ballupur Chowk,Cloudy,680,46.6,Medium
2025-02-19,7,30,2,0,Rajpur Road,Cloudy,750,42.0,Medium
2025-08-05,17,0,1,0,ISBT,Fog,1104,28.5,High
2025-12-01,6,30,0,0,Clock Tower,Clear,551,51.1,Low
2025-06-04,10,30,2,0,Ballupur Chowk,Cloudy,789,44.7,Medium
2025-03-03,6,45,0,0,Rajpur Road,Clear,682,45.7,Medium
2025-02-27,8,15,3,0,Ballupur Chowk,Rain,1133,32.8,High
2025-05-19,6,45,0,0,Clock Tower,Cloudy,666,40.8,Medium
2025-04-21,8,45,0,0,Dharampur Chowk,Fog,918,33.8,Medium
2025-01-16,7,45,3,0,Ballupur Chowk,Fog,566,39.2,Low
2025-07-31,11,0,3,0,Prem Nagar,Clear,474,45.6,Low
2025-12-03,8,30,2,0,Dharampur Chowk,Rain,1014,37.7,Medium
2025-09-03,12,30,2,0,Clock Tower,Rain,500,43.1,Low
2025-04-07,13,45,0,0,Clock Tower,Clear,1027,38.2,Medium
2025-10-16,19,45,3,0,Rajpur Road,Clear,1200,38.5,High
2025-05-27,17,0,1,0,Prem Nagar,Rain,845,39.0,Medium
2025-08-22,21,15,4,0,ISBT,Rain,564,45.1,Low
2025-10-10,10,30,4,0,Dharampur Chowk,Rain,691,37.5,Medium
2025-07-28,11,45,0,0,ISBT,Fog,608,36.1,Low
2025-06-27,15,15,4,0,Dharampur Chowk,Fog,531,35.6,Low
2025-12-12,19,30,4,0,Ballupur Chowk,Clear,1390,32.5,High
2025-11-05,14,15,2,0,ISBT,Rain,958,33.2,Medium
2025-11-27,20,45,3,0,Prem Nagar,Cloudy,577,44.2,Low
2025-01-22,16,15,2,0,Prem Nagar,Rain,482,42.1,Low
2025-10-04,11,15,5,1,Rajpur Road,Fog,388,41.9,Low
2025-02-11,19,0,1,0,Prem Nagar,Clear,979,41.6,Medium
2025-09-24,9,0,2,0,ISBT,Cloudy,1606,29.7,High
2025-04-27,16,45,6,1,Clock Tower,Rain,597,46.0,Low
2025-07-11,18,45,4,0,Rajpur Road,Rain,1057,30.5,High
2025-07-28,9,15,0,0,Dharampur Chowk,Fog,921,32.2,Medium
2025-03-21,12,0,4,0,Prem Nagar,Clear,636,46.0,Low
2025-09-11,10,0,3,0,Dharampur Chowk,Rain,440,40.3,Low
2025-05-04,18,30,6,1,Rajpur Road,Clear,1147,36.9,High
2025-04-08,6,0,1,0,Clock Tower,Rain,595,44.4,Low
2025-03-03,12,15,0,0,Dharampur Chowk,Clear,521,47.4,Low
2025-02-04,14,45,1,0,Clock Tower,Fog,805,37.5,Medium
2025-07-03,18,0,3,0,Dharampur Chowk,Rain,1123,33.3,High
2025-06-25,18,30,2,0,Rajpur Road,Rain,1128,32.8,High
2025-08-08,21,0,4,0,Dharampur Chowk,Fog,330,43.1,Low
2025-01-17,21,30,4,0,ISBT,Clear,858,40.1,Medium
2025-05-11,21,45,6,1,Prem Nagar,Clear,352,47.4,Low
2025-08-05,17,45,1,0,Clock Tower,Fog,1181,31.5,High
2025-01-20,21,0,0,0,Ballupur Chowk,Rain,557,39.3,Low
2025-10-06,8,0,0,0,Rajpur Road,Clear,1177,33.5,High
2025-08-21,18,30,3,0,Rajpur Road,Fog,1009,35.2,Medium
2025-01-18,16,30,5,1,Prem Nagar,Fog,231,39.1,Low
2025-04-21,19,0,0,0,Clock Tower,Cloudy,1600,30.3,High
2025-10-31,6,45,4,0,Clock Tower,Cloudy,781,43.4,Medium
2025-08-26,14,45,1,0,Prem Nagar,Clear,734,45.8,Medium
2025-05-10,9,45,5,1,Rajpur Road,Fog,724,37.1,Medium
2025-05-31,11,0,5,1,ISBT,Rain,510,38.8,Low
2025-08-07,9,15,3,0,Clock Tower,Cloudy,1409,34.1,High
2025-09-04,21,15,3,0,Clock Tower,Fog,513,36.0,Low
2025-12-01,11,45,0,0,Clock Tower,Rain,719,42.4,Medium
2025-04-04,13,30,4,0,Dharampur Chowk,Fog,764,35.2,Medium
2025-04-28,20,0,0,0,Clock Tower,Cloudy,552,53.0,Low
2025-03-13,10,0,3,0,Ballupur Chowk,Fog,502,37.6,Low
2025-07-07,19,0,0,0,Dharampur Chowk,Rain,1109,37.7,High
2025-11-22,9,45,5,1,Ballupur Chowk,Clear,1075,43.5,High
2025-05-23,19,45,4,0,Clock Tower,Clear,1490,30.5,High
2025-02-14,14,30,4,0,Ballupur Chowk,Fog,723,39.5,Medium
2025-09-17,13,15,2,0,Clock Tower,Clear,792,43.2,Medium
2025-03-24,8,15,0,0,Dharampur Chowk,Cloudy,1062,38.4,High
2025-08-17,17,30,6,1,Ballupur Chowk,Clear,1125,37.9,High
2025-12-03,11,45,2,0,Clock Tower,Clear,613,43.0,Low
2025-04-29,12,15,1,0,ISBT,Cloudy,925,47.4,Medium
2025-12-26,18,0,4,0,ISBT,Clear,1415,39.5,High
2025-09-19,6,0,4,0,Prem Nagar,Rain,406,44.6,Low
2025-10-27,22,0,0,0,ISBT,Cloudy,737,42.5,Medium
2025-06-13,13,45,4,0,Rajpur Road,Cloudy,1020,40.8,Medium
2025-12-06,21,45,5,1,Ballupur Chowk,Cloudy,527,43.6,Low
2025-02-20,11,45,3,0,Prem Nagar,Clear,416,44.1,Low
2025-03-16,10,15,6,1,Clock Tower,Fog,448,37.0,Low
2025-09-20,8,15,5,1,Rajpur Road,Fog,774,40.1,Medium
2025-11-17,17,15,0,0,ISBT,Fog,1302,28.3,High
2025-01-31,19,0,4,0,ISBT,Fog,1199,35.5,High
2025-01-15,12,30,2,0,Ballupur Chowk,Fog,548,38.2,Low
2025-11-07,13,15,4,0,Ballupur Chowk,Fog,663,38.7,Medium
2025-11-27,11,15,3,0,Prem Nagar,Rain,505,40.9,Low
2025-09-12,8,45,4,0,Prem Nagar,Clear,998,39.7,Medium
2025-08-02,8,0,5,1,Dharampur Chowk,Cloudy,985,33.5,Medium
2025-11-25,7,30,1,0,ISBT,Fog,547,42.1,Low
2025-05-24,20,30,5,1,ISBT,Rain,490,43.2,Low
2025-06-07,21,45,5,1,Ballupur Chowk,Cloudy,505,48.9,Low
2025-08-29,16,0,4,0,Dharampur Chowk,Fog,431,38.0,Low
2025-06-25,22,0,2,0,ISBT,Rain,742,42.2,Medium
2025-05-19,15,15,0,0,ISBT,Rain,587,43.1,Low
2025-05-03,12,30,5,1,ISBT,Cloudy,673,47.3,Medium
2025-06-21,22,45,5,1,ISBT,Rain,405,47.2,Low
2025-11-03,19,15,0,0,Prem Nagar,Cloudy,1046,39.0,Medium
2025-12-19,15,15,4,0,Dharampur Chowk,Rain,715,40.7,Medium
2025-12-31,16,15,2,0,Ballupur Chowk,Cloudy,634,39.3,Low
2025-03-02,15,15,6,1,Rajpur Road,Rain,558,38.0,Low
2025-04-04,21,30,4,0,Rajpur Road,Fog,387,40.5,Low
2025-09-05,14,45,4,0,Prem Nagar,Rain,786,41.1,Medium
2025-03-16,14,0,6,1,ISBT,Clear,908,43.0,Medium
2025-07-12,18,0,5,1,Clock Tower,Cloudy,1205,38.2,High
2025-05-11,21,45,6,1,Prem Nagar,Rain,378,47.5,Low
2025-09-19,19,15,4,0,ISBT,Clear,1585,33.8,High
2025-08-07,21,0,3,0,Ballupur Chowk,Fog,478,42.4,Low
2025-07-18,16,0,4,0,Rajpur Road,Cloudy,606,43.1,Low
2025-03-04,17,0,1,0,Clock Tower,Clear,1371,35.7,High
2025-05-23,9,30,4,0,Rajpur Road,Clear,1242,36.7,High
2025-12-18,19,15,3,0,Clock Tower,Clear,1307,36.5,High
2025-01-06,9,30,0,0,Prem Nagar,Rain,886,37.9,Medium
2025-05-26,19,15,0,0,Rajpur Road,Cloudy,1383,38.3,High
2025-11-13,14,30,3,0,Rajpur Road,Cloudy,894,40.4,Medium
2025-01-12,16,15,6,1,Rajpur Road,Fog,314,44.6,Low
2025-04-15,6,15,1,0,Clock Tower,Rain,708,38.9,Medium
2025-09-06,9,0,5,1,Rajpur Road,Fog,776,40.3,Medium
2025-04-24,13,45,3,0,Prem Nagar,Cloudy,825,44.5,Medium
2025-03-30,13,30,6,1,Clock Tower,Clear,762,46.2,Medium
2025-05-03,15,45,5,1,Prem Nagar,Fog,257,39.9,Low
2025-08-17,12,15,6,1,Clock Tower,Clear,531,45.7,Low
2025-07-29,20,45,1,0,Rajpur Road,Fog,450,36.2,Low
2025-11-11,18,0,1,0,Prem Nagar,Rain,1012,38.9,Medium
2025-04-16,21,45,2,0,Prem Nagar,Rain,282,48.9,Low
2025-06-14,6,45,5,1,Prem Nagar,Fog,266,45.8,Low
2025-08-15,12,30,4,0,Rajpur Road,Clear,579,46.8,Low
2025-11-04,18,15,1,0,Ballupur Chowk,Cloudy,1404,38.6,High
2025-04-22,16,30,1,0,Ballupur Chowk,Rain,471,45.1,Low
2025-05-08,15,15,3,0,Ballupur Chowk,Fog,595,40.6,Low
2025-01-13,13,0,0,0,Ballupur Chowk,Clear,1157,36.9,High
2025-07-19,17,30,5,1,Ballupur Chowk,Clear,1225,37.2,High
2025-09-09,19,45,1,0,Ballupur Chowk,Clear,1450,34.3,High
2025-08-12,14,30,1,0,Rajpur Road,Rain,776,42.8,Medium
2025-07-07,14,45,0,0,Rajpur Road,Cloudy,902,37.9,Medium
2025-04-23,22,15,2,0,Clock Tower,Fog,485,41.9,Low
2025-07-06,7,15,6,1,Clock Tower,Cloudy,698,45.4,Medium
2025-02-17,7,30,0,0,Clock Tower,Rain,697,36.0,Medium
2025-08-20,10,30,2,0,Rajpur Road,Fog,432,40.0,Low
2025-05-23,11,15,4,0,Ballupur Chowk,Rain,561,42.2,Low
2025-03-27,22,0,3,0,Rajpur Road,Clear,640,44.5,Low
2025-11-14,7,15,4,0,ISBT,Fog,576,38.6,Low
2025-08-05,11,15,1,0,Clock Tower,Cloudy,616,45.9,Low
2025-11-05,8,0,2,0,Clock Tower,Rain,1173,32.7,High
2025-04-02,9,45,2,0,Prem Nagar,Rain,880,37.7,Medium
2025-04-02,10,15,2,0,Rajpur Road,Clear,550,51.0,Low
2025-06-16,11,30,0,0,Prem Nagar,Clear,393,47.2,Low
2025-09-14,22,0,6,1,Ballupur Chowk,Cloudy,788,40.6,Medium
2025-03-27,7,45,3,0,Rajpur Road,Cloudy,505,50.0,Low
2025-05-04,17,30,6,1,Ballupur Chowk,Cloudy,1040,39.4,Medium
2025-08-21,11,0,3,0,Dharampur Chowk,Cloudy,760,39.5,Medium
2025-03-24,7,0,0,0,Ballupur Chowk,Cloudy,506,43.3,Low
2025-01-01,15,45,2,0,Prem Nagar,Fog,461,43.8,Low
2025-12-13,18,45,5,1,Prem Nagar,Fog,666,39.5,Medium
2025-11-28,22,30,4,0,Prem Nagar,Fog,501,45.2,Low
2025-05-09,22,45,4,0,Rajpur Road,Fog,448,33.7,Medium
2025-03-06,7,15,3,0,Clock Tower,Rain,526,41.2,Low
2025-06-02,9,45,0,0,Ballupur Chowk,Fog,993,32.3,Medium
2025-06-03,17,0,1,0,ISBT,Fog,1295,32.3,High
2025-04-12,6,15,5,1,Ballupur Chowk,Cloudy,551,50.4,Low
2025-08-19,10,30,1,0,Ballupur Chowk,Cloudy,694,45.3,Medium
2025-03-14,6,15,4,0,Ballupur Chowk,Rain,642,41.0,Low
2025-09-07,18,45,6,1,Dharampur Chowk,Fog,977,28.7,Medium
2025-07-10,12,45,3,0,Rajpur Road,Fog,426,40.5,Low
2025-01-27,13,15,0,0,Dharampur Chowk,Clear,894,46.0,Medium
2025-06-01,17,0,6,1,ISBT,Fog,1023,28.1,Medium
2025-07-17,19,0,3,0,Prem Nagar,Rain,1003,37.9,Medium
2025-07-01,22,45,1,0,Clock Tower,Fog,371,41.7,Low
2025-02-04,17,30,1,0,Rajpur Road,Rain,995,33.8,Medium
2025-09-17,11,0,2,0,Clock Tower,Cloudy,618,48.6,Low
2025-12-31,14,0,2,0,Clock Tower,Cloudy,1068,35.9,High
2025-11-19,22,30,2,0,Clock Tower,Fog,596,34.2,Medium
2025-07-26,16,45,5,1,ISBT,Rain,567,39.5,Low
2025-05-26,17,0,0,0,Prem Nagar,Clear,1010,42.1,Medium
2025-08-13,21,45,2,0,Prem Nagar,Clear,529,51.5,Low
2025-12-08,22,0,0,0,Rajpur Road,Fog,461,41.3,Low
2025-06-19,20,30,3,0,Rajpur Road,Cloudy,579,47.3,Low
2025-04-11,8,45,4,0,ISBT,Fog,1166,30.0,High
2025-04-23,7,0,2,0,ISBT,Clear,562,48.0,Low
2025-03-10,12,45,0,0,Prem Nagar,Cloudy,541,45.2,Low
2025-08-02,10,45,5,1,Prem Nagar,Rain,270,50.6,Low
2025-04-18,6,0,4,0,Rajpur Road,Clear,624,45.4,Low
2025-05-16,21,0,4,0,Rajpur Road,Fog,377,39.1,Low
2025-03-26,21,0,2,0,Clock Tower,Fog,630,38.4,Low
2025-06-25,17,45,2,0,ISBT,Rain,1313,32.8,High
2025-11-20,16,15,3,0,Dharampur Chowk,Rain,439,48.2,Low
2025-11-01,13,15,5,1,Clock Tower,Fog,794,34.3,Medium
2025-09-05,14,30,4,0,Prem Nagar,Rain,622,33.3,Medium
2025-09-13,18,0,5,1,Prem Nagar,Rain,677,36.3,Medium
2025-05-12,9,15,0,0,Prem Nagar,Cloudy,1034,39.2,Medium
2025-04-23,13,45,2,0,Rajpur Road,Clear,789,42.9,Medium
2025-12-24,22,30,2,0,Ballupur Chowk,Fog,547,40.8,Low
2025-08-03,16,30,6,1,Clock Tower,Cloudy,435,48.4,Low
2025-03-25,21,0,1,0,ISBT,Clear,596,49.2,Low
2025-08-12,18,45,1,0,Rajpur Road,Fog,1061,29.1,High
2025-08-31,6,30,6,1,ISBT,Clear,539,45.9,Low
2025-06-07,13,45,5,1,Ballupur Chowk,Fog,480,41.2,Low
2025-10-29,12,45,2,0,Ballupur Chowk,Cloudy,643,48.7,Low
2025-05-27,13,15,1,0,ISBT,Cloudy,1050,38.1,High
2025-11-03,16,45,0,0,Clock Tower,Clear,537,44.3,Low
2025-02-12,8,0,2,0,Rajpur Road,Fog,841,38.0,Medium
2025-09-10,8,15,2,0,Clock Tower,Clear,1260,37.4,High
2025-08-30,11,0,5,1,Rajpur Road,Rain,417,40.2,Low
2025-07-07,17,0,0,0,Clock Tower,Cloudy,1460,35.9,High
2025-06-08,16,0,6,1,Clock Tower,Clear,462,50.8,Low
2025-01-21,6,15,1,0,Rajpur Road,Fog,400,39.8,Low
2025-09-09,9,30,1,0,Prem Nagar,Rain,919,34.9,Medium
2025-11-12,22,0,2,0,Prem Nagar,Rain,441,42.8,Low
2025-03-12,8,45,2,0,Prem Nagar,Rain,887,30.2,Medium
2025-03-22,22,0,5,1,Ballupur Chowk,Cloudy,419,50.9,Low
2025-12-19,15,0,4,0,Ballupur Chowk,Rain,653,37.9,Medium
2025-12-07,11,45,6,1,Ballupur Chowk,Rain,465,44.2,Low
2025-09-18,15,30,3,0,Dharampur Chowk,Fog,503,33.7,Medium
2025-08-03,13,30,6,1,Dharampur Chowk,Rain,586,40.6,Low
2025-04-18,13,45,4,0,Rajpur Road,Cloudy,998,48.2,Medium
2025-01-19,8,0,6,1,Prem Nagar,Clear,810,39.2,Medium
2025-03-17,9,45,0,0,Rajpur Road,Cloudy,1260,41.0,High
2025-02-07,15,30,4,0,Dharampur Chowk,Rain,513,40.0,Low
2025-10-24,13,45,4,0,Ballupur Chowk,Fog,854,36.8,Medium
2025-03-04,15,15,1,0,Ballupur Chowk,Clear,551,48.3,Low
2025-07-06,11,45,6,1,Rajpur Road,Rain,527,46.0,Low
2025-02-03,7,0,0,0,ISBT,Fog,560,37.9,Low
2025-04-06,21,45,6,1,Dharampur Chowk,Fog,479,36.5,Low
2025-12-30,16,45,1,0,Rajpur Road,Rain,561,37.9,Low
2025-12-29,19,30,0,0,Prem Nagar,Cloudy,1177,37.4,High
2025-01-04,11,30,5,1,Ballupur Chowk,Clear,640,47.3,Low
2025-09-07,16,15,6,1,Clock Tower,Cloudy,489,52.3,Low
2025-05-03,22,45,5,1,ISBT,Cloudy,754,46.9,Medium
2025-04-03,19,0,3,0,Clock Tower,Rain,1202,31.9,High
2025-12-31,16,30,2,0,ISBT,Clear,718,42.6,Medium
2025-02-23,21,15,6,1,Rajpur Road,Cloudy,657,46.0,Medium
2025-06-20,22,30,4,0,Prem Nagar,Fog,173,45.5,Low
2025-09-28,12,45,6,1,Dharampur Chowk,Clear,448,48.4,Low
2025-08-21,15,45,3,0,Clock Tower,Rain,562,44.4,Low
2025-06-20,6,45,4,0,Prem Nagar,Clear,577,47.6,Low
2025-08-31,19,45,6,1,Prem Nagar,Cloudy,901,42.0,Medium
2025-06-11,13,45,2,0,ISBT,Rain,977,33.6,Medium
2025-11-30,7,15,6,1,Dharampur Chowk,Rain,475,44.6,Low
2025-07-22,14,0,1,0,Prem Nagar,Cloudy,908,45.8,Medium
2025-01-21,13,45,1,0,Rajpur Road,Fog,662,40.0,Medium
2025-01-02,19,0,3,0,Clock Tower,Rain,1187,35.1,High
2025-10-02,19,0,3,0,Prem Nagar,Rain,894,34.2,Medium
2025-11-04,7,45,1,0,Prem Nagar,Cloudy,534,39.3,Low
2025-10-01,15,0,2,0,Rajpur Road,Fog,327,41.8,Low
2025-10-15,16,15,2,0,Prem Nagar,Cloudy,518,46.5,Low
2025-01-08,19,0,2,0,ISBT,Cloudy,1457,31.7,High
2025-09-03,6,0,2,0,Rajpur Road,Rain,557,43.8,Low
2025-03-28,15,30,4,0,Ballupur Chowk,Cloudy,664,49.0,Medium
2025-08-07,12,15,3,0,ISBT,Clear,738,42.2,Medium
2025-05-28,15,0,2,0,Clock Tower,Cloudy,668,41.2,Medium
2025-03-04,6,15,1,0,Clock Tower,Rain,583,45.0,Low
2025-04-02,9,45,2,0,ISBT,Clear,1468,38.2,High
2025-09-14,20,0,6,1,Ballupur Chowk,Rain,460,47.5,Low
2025-02-12,17,0,2,0,ISBT,Cloudy,1567,37.0,High
2025-07-18,12,30,4,0,Dharampur Chowk,Clear,558,49.2,Low
2025-11-14,8,0,4,0,Rajpur Road,Cloudy,1346,35.2,High
2025-06-25,11,15,2,0,Ballupur Chowk,Rain,587,45.5,Low
2025-01-16,16,45,3,0,Ballupur Chowk,Clear,623,42.1,Low
2025-09-20,18,15,5,1,Rajpur Road,Cloudy,1285,35.2,High
2025-11-14,21,0,4,0,Dharampur Chowk,Cloudy,601,49.9,Low
2025-12-03,21,45,2,0,Ballupur Chowk,Rain,521,39.5,Low
2025-11-25,17,15,1,0,Clock Tower,Clear,1424,29.3,High
2025-08-20,12,0,2,0,Prem Nagar,Rain,415,44.8,Low
2025-01-09,17,30,3,0,Ballupur Chowk,Clear,1330,31.4,High
2025-06-11,20,0,2,0,Rajpur Road,Clear,712,45.1,Medium
2025-11-01,22,0,5,1,Prem Nagar,Cloudy,549,46.4,Low
2025-08-31,21,30,6,1,Clock Tower,Clear,489,48.8,Low
2025-11-23,16,15,6,1,ISBT,Fog,463,36.9,Low
2025-05-31,7,0,5,1,Clock Tower,Rain,621,39.3,Low
2025-12-07,10,30,6,1,Ballupur Chowk,Cloudy,418,53.0,Low
2025-05-24,16,45,5,1,Clock Tower,Rain,463,41.6,Low
2025-02-08,21,30,5,1,Dharampur Chowk,Rain,287,51.1,Low
2025-07-28,6,0,0,0,ISBT,Rain,533,42.6,Low
2025-04-05,8,15,5,1,Prem Nagar,Clear,901,43.4,Medium
2025-07-05,9,0,5,1,ISBT,Rain,1076,29.5,High
2025-06-12,9,15,3,0,Prem Nagar,Cloudy,958,41.9,Medium
2025-10-26,8,15,6,1,Clock Tower,Rain,943,37.1,Medium
2025-06-09,8,30,0,0,Prem Nagar,Rain,932,39.6,Medium
2025-02-21,18,0,4,0,ISBT,Fog,1108,37.8,High
2025-02-17,16,30,0,0,Dharampur Chowk,Clear,622,46.1,Low
2025-03-12,8,0,2,0,Prem Nagar,Clear,1062,46.9,High
2025-02-24,21,0,0,0,Ballupur Chowk,Rain,455,42.8,Low
2025-07-27,9,30,6,1,Rajpur Road,Cloudy,853,43.4,Medium
2025-02-11,16,15,1,0,Rajpur Road,Clear,614,46.1,Low
2025-11-19,6,45,2,0,Rajpur Road,Cloudy,561,40.8,Low
2025-03-28,22,15,4,0,Ballupur Chowk,Clear,663,49.9,Medium
2025-12-15,22,30,0,0,Prem Nagar,Cloudy,464,49.7,Low
2025-09-10,13,0,2,0,Ballupur Chowk,Cloudy,894,43.6,Medium
2025-11-10,18,15,0,0,Prem Nagar,Rain,904,34.8,Medium
2025-06-26,10,45,3,0,Prem Nagar,Fog,329,41.1,Low
2025-10-24,15,30,4,0,Rajpur Road,Clear,615,42.3,Low
2025-12-28,19,30,6,1,Dharampur Chowk,Fog,781,35.7,Medium
2025-01-01,9,45,2,0,Prem Nagar,Cloudy,935,47.0,Medium
2025-05-10,10,15,5,1,Dharampur Chowk,Clear,408,47.2,Low
2025-12-10,13,15,2,0,Dharampur Chowk,Clear,781,49.2,Medium
2025-04-29,13,0,1,0,Dharampur Chowk,Clear,903,39.3,Medium
2025-12-17,18,15,2,0,Rajpur Road,Rain,1211,33.3,High
2025-02-27,6,15,3,0,Dharampur Chowk,Clear,581,45.7,Low
2025-12-23,6,45,1,0,Clock Tower,Rain,532,43.4,Low
2025-04-16,20,15,2,0,Rajpur Road,Clear,541,52.7,Low
2025-07-08,16,45,1,0,Ballupur Chowk,Rain,468,47.9,Low
2025-08-16,12,15,5,1,Rajpur Road,Fog,388,42.4,Low
2025-06-30,12,15,0,0,Ballupur Chowk,Fog,573,36.9,Low
2025-05-21,19,0,2,0,ISBT,Clear,1577,24.3,High
2025-08-10,20,15,6,1,Clock Tower,Clear,501,45.1,Low
2025-08-23,22,30,5,1,Rajpur Road,Fog,297,42.1,Low
2025-02-26,15,15,2,0,ISBT,Rain,667,42.6,Medium
2025-04-01,19,0,1,0,Ballupur Chowk,Clear,1371,33.4,High
2025-10-28,20,30,1,0,ISBT,Cloudy,771,44.4,Medium
2025-08-19,12,30,1,0,Ballupur Chowk,Fog,581,41.0,Low
2025-05-19,11,45,0,0,Rajpur Road,Fog,470,37.6,Low
2025-03-10,6,15,0,0,Dharampur Chowk,Fog,396,39.7,Low
2025-07-16,13,15,2,0,Clock Tower,Rain,882,38.2,Medium
2025-07-09,22,30,2,0,Dharampur Chowk,Clear,617,46.0,Low
2025-05-20,22,30,1,0,Dharampur Chowk,Fog,449,41.0,Low
2025-01-11,8,0,5,1,Rajpur Road,Rain,853,35.0,Medium
2025-05-10,13,15,5,1,Dharampur Chowk,Fog,444,38.6,Low
2025-09-28,6,15,6,1,Clock Tower,Rain,541,40.2,Low
2025-12-20,19,30,5,1,Clock Tower,Fog,935,35.0,Medium
2025-04-10,11,0,3,0,Dharampur Chowk,Rain,546,39.0,Low
2025-08-06,14,30,2,0,Prem Nagar,Cloudy,864,46.0,Medium
2025-11-18,18,30,1,0,Clock Tower,Fog,1032,29.8,Medium
2025-08-30,12,15,5,1,ISBT,Clear,696,44.6,Medium
2025-06-22,17,45,6,1,Rajpur Road,Rain,777,34.7,Medium
2025-09-10,13,45,2,0,Prem Nagar,Clear,727,41.1,Medium
2025-12-20,8,0,5,1,Prem Nagar,Cloudy,837,43.1,Medium
2025-04-29,19,0,1,0,Rajpur Road,Fog,1115,30.2,High
2025-07-31,8,0,3,0,Dharampur Chowk,Fog,982,37.3,Medium
2025-03-11,13,15,1,0,Rajpur Road,Rain,922,37.7,Medium
2025-02-19,7,30,2,0,Clock Tower,Fog,369,43.1,Low
2025-03-03,14,45,0,0,Rajpur Road,Clear,980,40.8,Medium
2025-06-24,13,0,1,0,Clock Tower,Rain,1047,37.6,Medium
2025-11-03,13,0,0,0,Ballupur Chowk,Rain,920,40.1,Medium
2025-10-05,11,0,6,1,Ballupur Chowk,Cloudy,592,39.1,Low
2025-07-30,16,0,2,0,Clock Tower,Cloudy,651,49.3,Medium
2025-10-22,14,0,2,0,Ballupur Chowk,Rain,809,37.8,Medium
2025-07-02,20,15,2,0,Clock Tower,Clear,574,52.2,Low
2025-11-18,6,30,1,0,Rajpur Road,Cloudy,748,41.7,Medium
2025-03-22,13,0,5,1,Dharampur Chowk,Cloudy,778,41.8,Medium
2025-04-11,12,15,4,0,Rajpur Road,Rain,575,43.3,Low
2025-08-24,7,45,6,1,Rajpur Road,Cloudy,587,47.6,Low
2025-01-17,9,15,4,0,ISBT,Rain,1507,25.4,High
2025-12-18,19,15,3,0,Dharampur Chowk,Clear,1059,38.7,High
2025-03-23,21,45,6,1,Clock Tower,Cloudy,461,43.9,Low
2025-07-11,7,15,4,0,Dharampur Chowk,Fog,368,39.0,Low
2025-02-25,8,15,1,0,Rajpur Road,Clear,1093,40.9,High
2025-03-20,19,0,3,0,Ballupur Chowk,Cloudy,1379,34.8,High
2025-12-25,11,30,3,0,Dharampur Chowk,Rain,576,39.5,Low
2025-08-20,11,15,2,0,Ballupur Chowk,Fog,485,41.2,Low
2025-03-30,20,30,6,1,ISBT,Rain,385,37.3,Low
2025-11-07,12,0,4,0,Rajpur Road,Fog,495,41.4,Low
2025-06-01,18,45,6,1,Clock Tower,Clear,1358,36.1,High
2025-12-22,10,0,0,0,Rajpur Road,Clear,650,45.1,Medium
2025-10-14,21,45,1,0,Dharampur Chowk,Cloudy,612,51.3,Low
2025-01-28,22,15,1,0,Prem Nagar,Cloudy,341,51.4,Low
2025-03-06,13,0,3,0,Prem Nagar,Clear,918,42.7,Medium
2025-05-04,8,30,6,1,Prem Nagar,Clear,960,39.4,Medium
2025-05-13,14,30,1,0,Prem Nagar,Cloudy,782,43.9,Medium
2025-04-02,7,45,2,0,Ballupur Chowk,Cloudy,488,44.5,Low
2025-03-13,13,0,3,0,Prem Nagar,Cloudy,697,47.5,Medium
2025-11-16,20,0,6,1,Ballupur Chowk,Clear,608,47.3,Low
2025-06-14,20,15,5,1,Dharampur Chowk,Rain,494,42.5,Low
2025-06-22,6,0,6,1,Clock Tower,Clear,655,45.7,Medium
2025-12-07,6,0,6,1,Clock Tower,Rain,508,41.9,Low
2025-03-26,8,0,2,0,Dharampur Chowk,Cloudy,1232,36.1,High
2025-09-04,9,45,3,0,Prem Nagar,Rain,955,33.0,Medium
2025-01-30,6,15,3,0,ISBT,Rain,548,44.2,Low
2025-07-14,9,30,0,0,ISBT,Rain,1265,30.6,High
2025-03-23,8,15,6,1,Prem Nagar,Fog,734,34.7,Medium
2025-05-28,21,0,2,0,Rajpur Road,Cloudy,598,50.7,Low
2025-05-28,22,0,2,0,ISBT,Fog,688,41.9,Medium
2025-08-29,7,45,4,0,Ballupur Chowk,Clear,611,50.0,Low
2025-01-23,7,0,3,0,Dharampur Chowk,Rain,428,41.2,Low
2025-05-06,18,30,1,0,Dharampur Chowk,Rain,888,42.3,Medium
2025-02-15,17,30,5,1,Prem Nagar,Cloudy,859,42.3,Medium
2025-07-27,18,0,6,1,Rajpur Road,Fog,775,38.0,Medium
2025-03-18,14,15,1,0,ISBT,Rain,945,32.6,Medium
2025-12-05,7,30,4,0,ISBT,Cloudy,777,39.6,Medium
2025-10-23,18,0,3,0,Prem Nagar,Clear,973,34.8,Medium
2025-11-17,21,0,0,0,Ballupur Chowk,Cloudy,551,47.7,Low
2025-05-04,19,45,6,1,Prem Nagar,Rain,638,36.4,Low
2025-01-09,22,15,3,0,Rajpur Road,Clear,584,45.0,Low
2025-02-01,14,0,5,1,Clock Tower,Fog,845,40.4,Medium
2025-05-10,22,0,5,1,Prem Nagar,Clear,344,51.8,Low
2025-05-14,14,15,2,0,Prem Nagar,Fog,657,35.8,Medium
2025-09-13,13,15,5,1,Ballupur Chowk,Cloudy,747,44.3,Medium
2025-09-28,8,45,6,1,ISBT,Cloudy,1247,35.9,High
2025-03-21,8,15,4,0,Dharampur Chowk,Fog,932,31.4,Medium
2025-11-13,15,15,3,0,Prem Nagar,Rain,346,45.4,Low
2025-07-28,15,15,0,0,Clock Tower,Cloudy,721,41.2,Medium
2025-08-03,10,30,6,1,Dharampur Chowk,Fog,455,35.2,Low
2025-04-20,9,30,6,1,ISBT,Clear,1155,37.7,High
2025-08-25,7,45,0,0,ISBT,Fog,514,38.0,Low
2025-03-22,17,30,5,1,ISBT,Clear,1431,32.0,High
2025-04-06,18,15,6,1,Dharampur Chowk,Rain,1110,35.5,High
2025-06-24,11,30,1,0,Rajpur Road,Clear,592,48.0,Low
2025-12-09,8,45,1,0,Ballupur Chowk,Rain,1343,27.8,High
2025-07-30,14,30,2,0,Prem Nagar,Clear,657,43.3,Medium
2025-04-26,9,30,5,1,Rajpur Road,Cloudy,1046,34.9,Medium
2025-05-22,16,15,3,0,Ballupur Chowk,Clear,635,51.0,Low
2025-12-11,16,0,3,0,ISBT,Clear,718,43.9,Medium
2025-05-30,13,15,4,0,Rajpur Road,Cloudy,892,45.0,Medium
2025-07-01,12,30,1,0,Prem Nagar,Rain,372,50.2,Low
2025-12-29,9,45,0,0,Dharampur Chowk,Cloudy,1331,36.8,High
2025-03-14,9,0,4,0,Clock Tower,Fog,1052,35.1,High
2025-09-27,20,0,5,1,Prem Nagar,Clear,501,45.4,Low
2025-11-07,12,15,4,0,Prem Nagar,Clear,445,44.7,Low
2025-11-20,12,45,3,0,Rajpur Road,Cloudy,646,47.8,Low
2025-07-27,16,15,6,1,Clock Tower,Fog,339,40.8,Low
2025-01-18,8,0,5,1,Prem Nagar,Fog,555,36.4,Low
2025-06-17,18,0,1,0,Ballupur Chowk,Fog,1125,28.7,High
2025-10-10,22,0,4,0,Clock Tower,Cloudy,666,40.6,Medium
2025-04-17,6,0,3,0,Prem Nagar,Clear,502,47.7,Low
2025-06-21,19,0,5,1,Prem Nagar,Cloudy,869,42.0,Medium
2025-11-02,22,0,6,1,Rajpur Road,Fog,412,38.7,Low
2025-06-20,21,45,4,0,ISBT,Rain,518,48.0,Low
2025-11-02,9,45,6,1,Clock Tower,Cloudy,1124,38.7,High
2025-07-20,17,30,6,1,Rajpur Road,Clear,1141,49.3,High
2025-02-09,15,0,6,1,Clock Tower,Rain,403,45.6,Low
2025-02-25,15,15,1,0,Rajpur Road,Fog,411,39.5,Low
2025-09-29,21,30,0,0,Clock Tower,Cloudy,633,42.6,Low
2025-07-28,12,15,0,0,Dharampur Chowk,Cloudy,585,42.2,Low
2025-04-21,22,15,0,0,Clock Tower,Cloudy,766,44.2,Medium
2025-08-20,14,30,2,0,ISBT,Fog,900,32.7,Medium
2025-02-09,8,30,6,1,Clock Tower,Rain,977,36.9,Medium
2025-03-08,22,45,5,1,Dharampur Chowk,Clear,383,48.5,Low
2025-07-07,6,30,0,0,Rajpur Road,Fog,399,38.6,Low
2025-07-22,19,45,1,0,Dharampur Chowk,Clear,1027,44.3,Medium
2025-09-23,9,0,1,0,Dharampur Chowk,Cloudy,1122,42.5,High
2025-08-07,6,0,3,0,Rajpur Road,Clear,670,41.6,Medium
2025-09-24,12,30,2,0,Ballupur Chowk,Fog,419,48.7,Low
2025-11-08,8,0,5,1,Ballupur Chowk,Cloudy,1271,36.7,High
2025-12-17,20,0,2,0,ISBT,Cloudy,762,42.2,Medium
2025-02-21,11,15,4,0,ISBT,Rain,670,38.3,Medium
2025-07-02,7,45,2,0,Prem Nagar,Cloudy,349,46.0,Low
2025-08-12,9,45,1,0,Dharampur Chowk,Fog,898,30.8,Medium
2025-08-06,10,15,2,0,Prem Nagar,Rain,433,40.6,Low
2025-05-29,7,0,3,0,Rajpur Road,Rain,463,45.9,Low
2025-10-11,6,45,5,1,Rajpur Road,Rain,467,43.3,Low
2025-06-02,13,45,0,0,Dharampur Chowk,Cloudy,972,42.6,Medium
2025-07-28,7,15,0,0,Rajpur Road,Rain,642,39.4,Low
2025-11-11,9,0,1,0,Clock Tower,Rain,1150,29.7,High
2025-08-20,6,0,2,0,Prem Nagar,Rain,404,47.1,Low
2025-10-17,8,30,4,0,ISBT,Cloudy,1588,35.2,High
2025-01-09,20,30,3,0,Prem Nagar,Cloudy,368,53.0,Low
2025-07-26,19,45,5,1,Dharampur Chowk,Rain,767,41.7,Medium
2025-10-10,20,0,4,0,Prem Nagar,Rain,409,46.3,Low
2025-03-16,17,45,6,1,Dharampur Chowk,Cloudy,960,44.8,Medium
2025-03-17,16,0,0,0,ISBT,Clear,589,44.6,Low
2025-09-14,15,15,6,1,Rajpur Road,Cloudy,442,43.4,Low
2025-02-25,11,15,1,0,ISBT,Cloudy,749,49.7,Medium
2025-08-09,18,0,5,1,Ballupur Chowk,Clear,1362,35.8,High
2025-10-13,21,15,0,0,Ballupur Chowk,Clear,723,45.4,Medium
2025-08-23,19,0,5,1,Dharampur Chowk,Fog,853,33.8,Medium
2025-03-31,12,30,0,0,Prem Nagar,Cloudy,527,49.1,Low
2025-09-24,13,30,2,0,Dharampur Chowk,Rain,727,39.4,Medium
2025-11-29,13,15,5,1,Dharampur Chowk,Clear,726,47.1,Medium
2025-05-26,6,30,0,0,Ballupur Chowk,Clear,548,47.0,Low
2025-03-14,19,30,4,0,Clock Tower,Cloudy,1627,35.2,High
2025-07-27,17,15,6,1,Ballupur Chowk,Rain,1142,33.8,High
2025-02-17,18,45,0,0,ISBT,Fog,1232,32.4,High
2025-11-19,8,15,2,0,Clock Tower,Fog,1177,24.3,High
2025-08-07,9,15,3,0,Rajpur Road,Rain,947,40.4,Medium
2025-10-20,16,0,0,0,ISBT,Cloudy,720,42.7,Medium
2025-05-17,18,15,5,1,Rajpur Road,Rain,854,36.1,Medium
2025-09-18,14,0,3,0,Clock Tower,Cloudy,947,47.7,Medium
2025-09-02,13,0,1,0,Clock Tower,Fog,805,35.3,Medium
2025-11-04,18,45,1,0,Clock Tower,Clear,1451,37.2,High
2025-03-01,18,15,5,1,Clock Tower,Clear,1269,40.1,High
2025-12-09,12,30,1,0,Clock Tower,Clear,607,45.4,Low
2025-02-03,18,0,0,0,Prem Nagar,Rain,997,34.2,Medium
2025-02-11,15,0,1,0,Dharampur Chowk,Rain,504,44.0,Low
2025-01-28,20,45,1,0,Rajpur Road,Cloudy,677,40.0,Medium
2025-10-26,20,45,6,1,Dharampur Chowk,Cloudy,557,46.3,Low
2025-01-26,17,15,6,1,Dharampur Chowk,Rain,971,38.5,Medium
2025-05-19,6,45,0,0,Ballupur Chowk,Fog,635,42.0,Low
2025-11-03,15,45,0,0,Rajpur Road,Clear,692,49.4,Medium
2025-08-18,10,45,0,0,Ballupur Chowk,Cloudy,688,45.3,Medium
2025-11-02,10,30,6,1,Clock Tower,Clear,629,48.2,Low
2025-09-09,21,45,1,0,Clock Tower,Cloudy,666,46.7,Medium
2025-10-17,8,30,4,0,Clock Tower,Fog,1050,29.4,High
2025-09-26,14,0,4,0,Rajpur Road,Cloudy,1045,40.2,Medium
2025-04-14,20,15,0,0,Clock Tower,Cloudy,854,37.9,Medium
2025-06-10,17,15,1,0,Rajpur Road,Rain,1078,34.7,High
2025-07-25,9,45,4,0,Prem Nagar,Clear,1065,41.0,High
2025-08-26,6,15,1,0,Rajpur Road,Clear,609,42.9,Low
2025-02-10,11,0,0,0,Ballupur Chowk,Clear,541,48.2,Low
2025-04-23,19,15,2,0,Prem Nagar,Rain,826,36.6,Medium
2025-03-09,20,45,6,1,Prem Nagar,Rain,413,41.2,Low
2025-07-12,9,15,5,1,Rajpur Road,Fog,924,37.5,Medium
2025-02-08,15,30,5,1,ISBT,Clear,475,45.4,Low
2025-03-28,16,0,4,0,Rajpur Road,Fog,285,40.6,Low
2025-05-31,22,0,5,1,Clock Tower,Fog,508,38.5,Low
2025-05-22,15,0,3,0,Rajpur Road,Fog,504,35.2,Low
2025-04-15,14,0,1,0,Ballupur Chowk,Fog,841,33.3,Medium
2025-10-01,9,15,2,0,Ballupur Chowk,Fog,1014,32.2,Medium
2025-12-08,22,15,0,0,Rajpur Road,Clear,483,44.6,Low
2025-01-08,11,0,2,0,Ballupur Chowk,Cloudy,742,45.6,Medium
2025-02-22,12,30,5,1,Prem Nagar,Fog,415,42.0,Low
2025-03-29,16,45,5,1,Dharampur Chowk,Fog,392,36.2,Low
2025-04-30,19,15,2,0,Prem Nagar,Cloudy,1070,39.6,High
2025-02-28,22,15,4,0,Prem Nagar,Rain,594,43.6,Low
2025-07-29,6,30,1,0,Rajpur Road,Fog,590,40.4,Low
2025-01-12,21,45,6,1,Ballupur Chowk,Clear,481,48.5,Low
2025-08-21,21,0,3,0,Ballupur Chowk,Fog,525,36.7,Low
2025-05-01,18,15,3,0,Clock Tower,Rain,1232,31.8,High
2025-01-02,18,15,3,0,Clock Tower,Cloudy,1602,25.9,High
2025-04-03,13,30,3,0,ISBT,Cloudy,1234,34.6,High
2025-02-14,18,30,4,0,Clock Tower,Rain,1153,37.1,High
2025-10-04,20,0,5,1,Dharampur Chowk,Rain,487,46.8,Low
2025-07-27,10,0,6,1,Prem Nagar,Cloudy,499,54.1,Low
2025-02-07,10,30,4,0,Prem Nagar,Fog,434,40.3,Low
2025-08-22,7,30,4,0,Rajpur Road,Fog,495,43.7,Low
2025-11-16,15,0,6,1,Rajpur Road,Cloudy,459,46.5,Low
2025-01-20,16,0,0,0,Prem Nagar,Cloudy,487,41.7,Low
2025-12-06,19,30,5,1,Prem Nagar,Rain,806,32.8,Medium
2025-11-28,10,30,4,0,Prem Nagar,Rain,442,46.3,Low
2025-11-09,22,0,6,1,Dharampur Chowk,Clear,438,53.8,Low
2025-05-26,17,45,0,0,Dharampur Chowk,Fog,839,38.6,Medium
2025-01-19,20,0,6,1,ISBT,Cloudy,684,40.1,Medium
2025-05-01,18,45,3,0,Ballupur Chowk,Fog,1298,28.3,High
2025-04-11,11,0,4,0,Prem Nagar,Fog,319,38.2,Low
2025-05-21,18,0,2,0,Prem Nagar,Clear,1022,40.0,Medium
2025-11-18,20,45,1,0,Prem Nagar,Fog,398,40.4,Low
2025-07-16,10,45,2,0,Prem Nagar,Fog,440,39.6,Low
2025-03-20,10,30,3,0,Prem Nagar,Cloudy,357,49.5,Low
2025-09-10,7,30,2,0,Dharampur Chowk,Clear,371,50.8,Low
2025-07-24,11,15,3,0,ISBT,Clear,628,46.5,Low
2025-12-23,14,0,1,0,Dharampur Chowk,Rain,878,34.6,Medium
2025-07-19,18,30,5,1,Dharampur Chowk,Fog,898,32.9,Medium
2025-10-19,7,0,6,1,Dharampur Chowk,Clear,616,45.1,Low
2025-03-27,14,15,3,0,Dharampur Chowk,Rain,706,42.0,Medium
2025-07-11,14,30,4,0,Rajpur Road,Fog,682,34.7,Medium
2025-08-24,18,15,6,1,Rajpur Road,Rain,916,36.8,Medium
2025-11-10,15,15,0,0,Dharampur Chowk,Cloudy,696,39.3,Medium
2025-11-21,10,30,4,0,Ballupur Chowk,Cloudy,667,47.3,Medium
2025-04-10,9,30,3,0,Ballupur Chowk,Cloudy,1346,39.7,High
2025-05-14,8,30,2,0,Rajpur Road,Rain,1047,34.5,Medium
2025-09-05,11,30,4,0,Ballupur Chowk,Cloudy,712,45.1,Medium
2025-10-22,11,45,2,0,Prem Nagar,Cloudy,480,49.7,Low
2025-12-22,13,30,0,0,Prem Nagar,Rain,620,39.3,Low
2025-02-22,13,0,5,1,Prem Nagar,Fog,466,44.4,Low
2025-07-09,17,0,2,0,Dharampur Chowk,Fog,699,38.2,Medium
2025-09-23,14,45,1,0,Prem Nagar,Rain,675,35.3,Medium
2025-01-09,16,45,3,0,Dharampur Chowk,Rain,529,43.9,Low
2025-05-14,13,0,2,0,Rajpur Road,Rain,854,29.8,Medium
2025-11-18,9,0,1,0,Clock Tower,Fog,1162,28.2,High
2025-11-03,21,15,0,0,Clock Tower,Cloudy,745,46.6,Medium
2025-09-25,16,15,3,0,ISBT,Clear,636,47.9,Low
2025-02-14,17,15,4,0,Ballupur Chowk,Rain,1185,26.9,High
2025-02-15,16,30,5,1,Ballupur Chowk,Clear,632,43.6,Low
2025-06-17,16,15,1,0,Clock Tower,Cloudy,622,44.9,Low
2025-03-30,17,15,6,1,Ballupur Chowk,Fog,941,33.4,Medium
2025-09-26,9,15,4,0,Ballupur Chowk,Fog,1057,27.9,High
2025-06-12,7,0,3,0,Prem Nagar,Rain,379,44.2,Low
2025-03-18,9,30,1,0,Clock Tower,Clear,1468,33.7,High
2025-07-01,11,45,1,0,Ballupur Chowk,Clear,720,44.8,Medium
2025-12-23,22,45,1,0,Prem Nagar,Clear,448,47.9,Low
2025-11-06,10,45,3,0,Clock Tower,Rain,578,43.6,Low
2025-07-04,10,15,4,0,Prem Nagar,Rain,548,43.3,Low
2025-07-25,11,15,4,0,ISBT,Fog,660,34.7,Medium
2025-08-02,7,30,5,1,Prem Nagar,Fog,298,40.6,Low
2025-08-19,20,30,1,0,ISBT,Cloudy,767,43.0,Medium
2025-03-12,21,30,2,0,Prem Nagar,Rain,497,40.1,Low
2025-12-09,14,30,1,0,Dharampur Chowk,Fog,691,39.2,Medium
2025-07-06,16,30,6,1,Rajpur Road,Cloudy,356,56.3,Low
2025-06-05,9,0,3,0,Dharampur Chowk,Fog,874,28.4,Medium
2025-06-20,6,15,4,0,Clock Tower,Clear,670,45.5,Medium
2025-01-22,10,30,2,0,ISBT,Cloudy,735,47.5,Medium
2025-10-28,13,0,1,0,Rajpur Road,Cloudy,1001,41.6,Medium
2025-11-26,9,30,2,0,ISBT,Clear,1449,34.0,High
2025-04-17,6,30,3,0,ISBT,Fog,707,32.5,Medium
2025-01-18,22,15,5,1,Dharampur Chowk,Fog,392,41.6,Low
2025-10-12,11,0,6,1,ISBT,Rain,605,38.8,Low
2025-05-26,22,45,0,0,Ballupur Chowk,Fog,367,42.2,Low
2025-03-15,21,15,5,1,Ballupur Chowk,Fog,453,45.0,Low
2025-11-23,20,30,6,1,Dharampur Chowk,Fog,279,46.5,Low
2025-03-18,6,15,1,0,ISBT,Cloudy,931,40.6,Medium
2025-07-08,15,15,1,0,Clock Tower,Cloudy,587,45.4,Low
2025-03-30,9,15,6,1,Rajpur Road,Clear,995,42.5,Medium
2025-03-06,12,15,3,0,Dharampur Chowk,Clear,513,52.3,Low
2025-11-17,15,0,0,0,Clock Tower,Fog,437,35.5,Low
2025-01-05,8,15,6,1,Ballupur Chowk,Rain,1058,28.1,High
2025-09-08,11,15,0,0,Dharampur Chowk,Fog,432,50.2,Low
2025-06-26,6,15,3,0,Ballupur Chowk,Fog,506,36.4,Low
2025-09-23,8,45,1,0,Rajpur Road,Cloudy,1223,37.4,High
2025-06-29,21,45,6,1,ISBT,Rain,553,44.1,Low
2025-07-05,14,45,5,1,Rajpur Road,Fog,526,44.5,Low
2025-03-21,7,30,4,0,Rajpur Road,Clear,604,48.6,Low
2025-09-19,20,45,4,0,Dharampur Chowk,Cloudy,538,51.2,Low
2025-02-22,18,0,5,1,Prem Nagar,Cloudy,907,42.9,Medium
2025-08-14,9,45,3,0,Rajpur Road,Clear,1095,36.4,High
2025-08-23,12,15,5,1,Ballupur Chowk,Cloudy,620,44.8,Low
2025-10-17,11,0,4,0,ISBT,Cloudy,673,43.5,Medium
2025-03-30,10,15,6,1,Dharampur Chowk,Fog,437,38.9,Low
2025-03-29,9,45,5,1,ISBT,Clear,1192,38.0,High
2025-11-24,15,15,0,0,Prem Nagar,Cloudy,358,45.5,Low
2025-05-02,11,30,4,0,Dharampur Chowk,Rain,531,40.2,Low
2025-12-26,13,15,4,0,ISBT,Rain,1060,37.8,High
2025-05-17,19,0,5,1,Ballupur Chowk,Fog,976,38.5,Medium
2025-09-10,13,15,2,0,Ballupur Chowk,Rain,867,39.6,Medium
2025-05-07,6,30,2,0,ISBT,Rain,589,48.9,Low
2025-10-23,21,0,3,0,Rajpur Road,Fog,626,38.1,Low
2025-11-06,20,0,3,0,Rajpur Road,Cloudy,645,49.9,Low
2025-08-14,8,15,3,0,Clock Tower,Rain,1172,31.3,High
2025-05-07,20,45,2,0,Dharampur Chowk,Clear,630,46.2,Low
2025-04-20,21,30,6,1,Rajpur Road,Cloudy,536,44.8,Low
2025-03-08,10,0,5,1,Dharampur Chowk,Clear,339,50.9,Low
2025-03-10,17,45,0,0,Dharampur Chowk,Clear,1268,36.2,High
2025-10-08,12,15,2,0,Clock Tower,Clear,773,41.8,Medium
2025-05-16,21,45,4,0,Prem Nagar,Fog,305,42.4,Low
2025-06-28,12,30,5,1,Dharampur Chowk,Rain,422,46.3,Low
2025-04-05,13,45,5,1,Clock Tower,Clear,795,47.7,Medium
2025-04-14,6,30,0,0,ISBT,Cloudy,899,42.0,Medium
2025-07-18,8,30,4,0,Clock Tower,Fog,1152,27.4,High
2025-02-04,17,15,1,0,Rajpur Road,Clear,1334,39.1,High
2025-01-12,10,15,6,1,Dharampur Chowk,Rain,497,42.9,Low
2025-12-06,6,0,5,1,ISBT,Cloudy,394,47.4,Low
2025-09-02,14,15,1,0,Clock Tower,Cloudy,1009,37.7,Medium
2025-01-03,19,45,4,0,Clock Tower,Cloudy,1483,32.6,High
2025-12-18,21,0,3,0,Prem Nagar,Clear,421,45.8,Low
2025-03-16,18,0,6,1,Dharampur Chowk,Cloudy,1010,43.9,Medium
2025-03-19,9,15,2,0,Rajpur Road,Clear,1117,37.5,High
2025-12-18,20,45,3,0,Ballupur Chowk,Cloudy,628,47.0,Low
2025-01-28,9,0,1,0,Clock Tower,Clear,1352,26.6,High
2025-07-15,18,0,1,0,Rajpur Road,Cloudy,1392,39.4,High
2025-01-22,9,0,2,0,Ballupur Chowk,Cloudy,1246,34.3,High
2025-06-25,22,45,2,0,Rajpur Road,Cloudy,578,44.5,Low
2025-11-15,12,0,5,1,ISBT,Cloudy,648,39.9,Low
2025-08-09,18,30,5,1,Rajpur Road,Clear,971,45.7,Medium
2025-12-05,11,45,4,0,Dharampur Chowk,Rain,430,47.6,Low
2025-09-24,9,15,2,0,ISBT,Cloudy,1512,28.0,High
2025-02-21,8,30,4,0,Clock Tower,Fog,1103,30.9,High
2025-11-17,22,15,0,0,ISBT,Clear,670,46.2,Medium
2025-10-23,16,15,3,0,Rajpur Road,Rain,564,44.1,Low
2025-07-12,10,0,5,1,Prem Nagar,Cloudy,529,48.7,Low
2025-12-25,17,30,3,0,Dharampur Chowk,Fog,846,33.5,Medium
2025-02-03,6,15,0,0,Dharampur Chowk,Rain,740,41.6,Medium
2025-03-07,21,0,4,0,Clock Tower,Cloudy,880,46.6,Medium
2025-08-21,9,15,3,0,ISBT,Cloudy,1503,34.4,High
2025-08-06,17,30,2,0,Prem Nagar,Rain,933,31.5,Medium
2025-07-18,15,15,4,0,Rajpur Road,Clear,586,50.3,Low
2025-05-13,8,15,1,0,Clock Tower,Cloudy,1334,37.2,High
2025-09-04,7,45,3,0,Clock Tower,Rain,660,37.8,Medium
2025-11-11,11,45,1,0,Rajpur Road,Fog,431,37.8,Low
2025-05-23,7,15,4,0,Prem Nagar,Clear,421,45.1,Low
2025-08-15,8,45,4,0,Ballupur Chowk,Clear,1195,42.2,High
2025-07-31,13,15,3,0,Rajpur Road,Rain,734,39.9,Medium
2025-09-29,9,30,0,0,ISBT,Rain,1232,35.9,High
2025-03-23,6,15,6,1,Dharampur Chowk,Rain,533,45.0,Low
2025-01-17,13,0,4,0,Clock Tower,Clear,1033,39.5,Medium
2025-11-12,17,45,2,0,Ballupur Chowk,Fog,986,38.7,Medium
2025-07-08,19,30,1,0,Prem Nagar,Clear,979,43.0,Medium
2025-07-09,20,30,2,0,ISBT,Rain,720,38.0,Medium
2025-08-06,11,15,2,0,ISBT,Fog,648,40.0,Low
2025-02-24,10,30,0,0,Ballupur Chowk,Fog,645,36.4,Low
2025-01-02,9,0,3,0,Prem Nagar,Clear,872,41.0,Medium
2025-03-02,22,0,6,1,Clock Tower,Cloudy,604,46.5,Low
2025-01-14,19,15,1,0,Clock Tower,Fog,1091,25.7,High
2025-07-24,14,0,3,0,Ballupur Chowk,Cloudy,1057,45.8,High
2025-08-05,22,0,1,0,Prem Nagar,Clear,524,49.3,Low
2025-09-22,9,30,0,0,Ballupur Chowk,Clear,1313,37.4,High
2025-03-17,6,0,0,0,ISBT,Clear,781,45.0,Medium
2025-08-26,8,15,1,0,Prem Nagar,Clear,949,39.1,Medium
2025-07-29,20,0,1,0,Rajpur Road,Clear,565,47.9,Low
2025-08-25,13,30,0,0,Clock Tower,Clear,983,41.9,Medium
2025-05-28,17,30,2,0,Ballupur Chowk,Rain,1251,34.6,High
2025-04-13,18,15,6,1,Clock Tower,Cloudy,1355,35.9,High
2025-01-13,6,45,0,0,Rajpur Road,Rain,421,43.0,Low
2025-09-30,22,30,1,0,Ballupur Chowk,Fog,510,34.2,Medium
2025-12-27,19,30,5,1,Ballupur Chowk,Clear,1260,37.4,High
2025-04-15,9,0,1,0,ISBT,Cloudy,1514,37.5,High
2025-12-10,12,45,2,0,Rajpur Road,Fog,417,42.8,Low
2025-05-11,19,45,6,1,Ballupur Chowk,Cloudy,1197,37.3,High
2025-02-10,17,0,0,0,Prem Nagar,Cloudy,1030,45.3,Medium
2025-03-12,21,0,2,0,Clock Tower,Clear,628,48.1,Low
2025-05-17,18,45,5,1,Ballupur Chowk,Clear,999,44.3,Medium
2025-06-09,16,0,0,0,Clock Tower,Clear,742,44.7,Medium
2025-01-26,20,45,6,1,Dharampur Chowk,Fog,363,43.0,Low
2025-03-05,14,0,2,0,Clock Tower,Rain,1091,29.1,High
2025-10-27,13,0,0,0,Dharampur Chowk,Rain,836,35.3,Medium
2025-10-21,6,30,1,0,Rajpur Road,Clear,583,45.9,Low
2025-06-12,11,0,3,0,ISBT,Clear,672,45.4,Medium
2025-10-29,15,45,2,0,Ballupur Chowk,Fog,416,44.1,Low
2025-11-24,13,0,0,0,Rajpur Road,Fog,574,40.4,Low
2025-10-30,20,0,3,0,Ballupur Chowk,Fog,480,36.6,Low
2025-11-05,15,0,2,0,Ballupur Chowk,Fog,523,34.9,Medium
2025-02-20,10,15,3,0,Ballupur Chowk,Rain,573,37.5,Low
2025-01-26,21,45,6,1,Prem Nagar,Rain,409,41.4,Low
2025-05-08,13,15,3,0,ISBT,Fog,831,36.0,Medium
2025-04-04,12,30,4,0,Prem Nagar,Clear,425,48.8,Low
2025-11-09,20,0,6,1,Clock Tower,Rain,382,46.4,Low
2025-03-26,19,15,2,0,Clock Tower,Cloudy,1615,40.3,High
2025-08-28,7,45,3,0,Prem Nagar,Cloudy,519,50.0,Low
2025-02-24,8,45,0,0,Clock Tower,Cloudy,1239,41.8,High
2025-12-05,6,30,4,0,Clock Tower,Clear,720,43.3,Medium
2025-05-01,17,45,3,0,Rajpur Road,Clear,1346,35.0,High
2025-02-12,20,0,2,0,Dharampur Chowk,Rain,467,44.8,Low
2025-12-05,22,0,4,0,Clock Tower,Fog,441,43.8,Low
2025-05-14,15,15,2,0,Rajpur Road,Clear,500,44.7,Low
2025-08-20,17,15,2,0,Prem Nagar,Fog,759,38.4,Medium
2025-09-17,17,45,2,0,Clock Tower,Cloudy,1424,30.6,High
2025-02-01,6,30,5,1,Prem Nagar,Clear,365,49.7,Low
2025-08-03,21,30,6,1,Ballupur Chowk,Clear,444,45.2,Low
2025-04-03,12,45,3,0,Prem Nagar,Clear,656,43.0,Medium
2025-06-03,18,0,1,0,Dharampur Chowk,Clear,1170,37.2,High
2025-03-22,22,45,5,1,Dharampur Chowk,Rain,395,46.2,Low
2025-03-26,19,15,2,0,Ballupur Chowk,Fog,1157,29.6,High
2025-10-24,21,0,4,0,ISBT,Clear,607,50.2,Low
2025-10-29,17,15,2,0,Dharampur Chowk,Clear,1188,43.2,High
2025-05-13,8,45,1,0,Clock Tower,Rain,1004,36.2,Medium
2025-08-07,7,45,3,0,Prem Nagar,Cloudy,665,44.4,Medium
2025-04-01,21,30,1,0,Dharampur Chowk,Cloudy,570,47.7,Low
2025-06-20,18,30,4,0,Clock Tower,Fog,1078,30.7,High
2025-10-25,18,15,5,1,ISBT,Clear,1254,35.2,High
2025-11-06,19,30,3,0,Prem Nagar,Fog,930,35.1,Medium
2025-07-16,13,30,2,0,Prem Nagar,Fog,618,40.6,Low
2025-01-14,14,45,1,0,Prem Nagar,Rain,651,38.4,Medium
2025-03-19,8,45,2,0,Clock Tower,Cloudy,1333,36.0,High
2025-10-15,16,0,2,0,Ballupur Chowk,Cloudy,580,45.2,Low
2025-03-23,17,15,6,1,Dharampur Chowk,Fog,771,42.4,Medium
2025-05-21,10,0,2,0,Prem Nagar,Cloudy,289,50.3,Low
2025-05-17,18,15,5,1,Prem Nagar,Clear,1022,40.8,Medium
2025-08-12,10,30,1,0,Ballupur Chowk,Fog,567,39.2,Low
2025-03-19,22,45,2,0,Prem Nagar,Clear,434,42.1,Low
2025-08-06,6,0,2,0,Clock Tower,Rain,608,39.0,Low
2025-02-07,12,0,4,0,Prem Nagar,Cloudy,447,47.1,Low
2025-07-03,11,15,3,0,Dharampur Chowk,Fog,588,45.8,Low
2025-02-25,13,15,1,0,Ballupur Chowk,Fog,794,34.3,Medium
2025-01-01,16,15,2,0,Rajpur Road,Clear,490,49.4,Low
2025-05-11,16,0,6,1,Ballupur Chowk,Rain,627,40.3,Low
2025-12-25,6,15,3,0,ISBT,Rain,445,45.7,Low
2025-06-04,21,15,2,0,ISBT,Clear,785,39.0,Medium
2025-11-12,9,45,2,0,ISBT,Clear,1427,36.0,High
2025-04-09,15,30,2,0,Clock Tower,Fog,520,37.2,Low
2025-07-25,8,45,4,0,Dharampur Chowk,Fog,978,31.8,Medium
2025-02-03,22,15,0,0,Dharampur Chowk,Rain,385,38.4,Low
2025-11-01,7,0,5,1,Ballupur Chowk,Fog,531,41.3,Low
2025-10-10,10,0,4,0,ISBT,Clear,713,43.5,Medium
2025-08-15,14,45,4,0,Prem Nagar,Clear,705,41.7,Medium
2025-04-26,16,15,5,1,Ballupur Chowk,Fog,396,35.0,Low
2025-05-16,19,15,4,0,Dharampur Chowk,Fog,897,33.3,Medium
2025-12-23,20,30,1,0,Prem Nagar,Fog,438,40.6,Low
2025-10-18,15,0,5,1,ISBT,Rain,604,45.4,Low
2025-10-29,14,30,2,0,Dharampur Chowk,Clear,944,42.9,Medium
2025-02-26,9,15,2,0,Dharampur Chowk,Cloudy,1178,35.2,High
2025-01-30,21,30,3,0,Rajpur Road,Fog,527,44.5,Low
2025-12-22,7,30,0,0,Clock Tower,Clear,685,51.0,Medium
2025-08-31,8,45,6,1,Dharampur Chowk,Clear,831,39.7,Medium
2025-04-27,18,15,6,1,Ballupur Chowk,Rain,1102,35.1,High
2025-05-08,19,15,3,0,Clock Tower,Rain,1368,30.4,High
2025-06-17,17,0,1,0,Ballupur Chowk,Fog,1012,31.9,Medium
2025-01-04,7,0,5,1,Prem Nagar,Rain,250,43.0,Low
2025-03-11,15,30,1,0,Rajpur Road,Clear,662,48.2,Medium
2025-05-31,18,45,5,1,Dharampur Chowk,Rain,943,31.4,Medium
2025-10-13,19,45,0,0,Ballupur Chowk,Fog,1052,28.3,High
2025-01-26,16,45,6,1,ISBT,Cloudy,725,42.9,Medium
2025-01-08,15,30,2,0,Ballupur Chowk,Rain,483,43.2,Low
2025-09-08,20,30,0,0,Prem Nagar,Clear,436,53.2,Low
2025-10-20,20,30,0,0,ISBT,Cloudy,683,41.0,Medium
2025-04-09,22,0,2,0,Ballupur Chowk,Cloudy,493,47.9,Low
2025-05-05,17,30,0,0,Ballupur Chowk,Fog,1036,27.9,Medium
2025-03-08,11,45,5,1,ISBT,Rain,635,42.9,Low
2025-01-28,9,45,1,0,Dharampur Chowk,Rain,1006,39.7,Medium
2025-11-06,17,15,3,0,Clock Tower,Clear,1457,31.7,High
2025-12-22,19,15,0,0,Rajpur Road,Clear,1164,40.8,High
2025-03-31,10,30,0,0,Rajpur Road,Fog,499,40.4,Low
2025-08-08,21,45,4,0,ISBT,Fog,497,41.7,Low
2025-03-10,16,0,0,0,Ballupur Chowk,Clear,573,46.5,Low
2025-02-23,8,15,6,1,ISBT,Clear,1317,34.2,High
2025-02-17,17,30,0,0,Prem Nagar,Fog,706,33.8,Medium
2025-01-31,6,0,4,0,Clock Tower,Fog,606,39.1,Low
2025-10-29,22,45,2,0,Ballupur Chowk,Fog,496,38.4,Low
2025-10-14,10,15,1,0,Clock Tower,Cloudy,729,42.0,Medium
2025-10-23,17,45,3,0,Clock Tower,Rain,1288,29.4,High
2025-08-17,10,45,6,1,ISBT,Cloudy,559,45.1,Low
2025-11-23,19,0,6,1,Rajpur Road,Clear,1030,40.1,Medium
2025-03-26,7,15,2,0,Prem Nagar,Rain,457,32.4,Medium
2025-04-28,21,30,0,0,Rajpur Road,Fog,403,40.1,Low
2025-06-27,18,0,4,0,Ballupur Chowk,Rain,1337,27.7,High
2025-11-22,11,30,5,1,ISBT,Cloudy,643,50.3,Low
2025-06-08,10,0,6,1,Dharampur Chowk,Cloudy,395,50.5,Low
2025-09-15,16,30,0,0,ISBT,Rain,572,40.3,Low
2025-01-25,7,45,5,1,ISBT,Rain,476,41.0,Low
2025-12-01,17,30,0,0,Dharampur Chowk,Fog,1174,32.8,High
2025-06-23,10,15,0,0,Clock Tower,Clear,746,45.8,Medium
2025-03-13,12,15,3,0,Dharampur Chowk,Fog,319,43.6,Low
2025-05-27,21,0,1,0,Ballupur Chowk,Fog,592,36.0,Low
2025-07-23,12,15,2,0,Dharampur Chowk,Rain,581,43.8,Low
2025-11-27,11,45,3,0,Rajpur Road,Clear,733,43.3,Medium
2025-04-09,18,15,2,0,Clock Tower,Fog,1035,31.1,Medium
2025-07-01,6,0,1,0,Clock Tower,Fog,641,32.4,Medium
2025-05-07,7,30,2,0,ISBT,Cloudy,576,47.0,Low
2025-01-17,18,15,4,0,ISBT,Cloudy,1547,32.9,High
2025-05-17,13,30,5,1,Rajpur Road,Rain,761,37.5,Medium
2025-01-07,7,0,1,0,Prem Nagar,Clear,337,56.3,Low
2025-07-22,20,45,1,0,Prem Nagar,Rain,358,41.7,Low
2025-09-21,8,45,6,1,ISBT,Cloudy,1350,34.6,High
2025-05-23,14,30,4,0,Dharampur Chowk,Rain,768,40.5,Medium
2025-05-14,14,45,2,0,Clock Tower,Cloudy,1146,37.6,High
2025-10-01,17,0,2,0,Ballupur Chowk,Cloudy,1541,26.6,High
2025-08-19,9,0,1,0,Dharampur Chowk,Rain,1069,32.2,High
2025-05-04,9,15,6,1,Prem Nagar,Fog,772,36.4,Medium
2025-09-15,22,30,0,0,Prem Nagar,Fog,336,44.2,Low
2025-11-15,19,15,5,1,Dharampur Chowk,Clear,1088,41.4,High
2025-06-06,16,45,4,0,Prem Nagar,Cloudy,429,47.4,Low
2025-09-03,9,30,2,0,Ballupur Chowk,Cloudy,1330,35.9,High
2025-05-10,18,15,5,1,Clock Tower,Clear,1253,31.1,High
2025-11-03,18,30,0,0,Rajpur Road,Rain,1149,32.7,High
2025-03-09,12,15,6,1,Prem Nagar,Fog,264,41.0,Low
2025-03-25,22,15,1,0,Rajpur Road,Clear,567,36.1,Low
2025-03-19,9,45,2,0,Clock Tower,Fog,996,30.1,Medium
2025-03-22,12,15,5,1,Prem Nagar,Clear,456,46.1,Low
2025-12-31,12,15,2,0,Rajpur Road,Clear,567,51.5,Low
2025-01-23,9,0,3,0,Rajpur Road,Cloudy,1308,39.0,High
2025-03-31,6,0,0,0,Clock Tower,Fog,486,41.7,Low
2025-08-25,19,45,0,0,Clock Tower,Clear,1385,34.6,High
2025-01-16,22,45,3,0,Dharampur Chowk,Fog,481,38.3,Low
2025-03-04,6,0,1,0,ISBT,Cloudy,861,42.2,Medium
2025-07-10,18,0,3,0,ISBT,Clear,1557,37.1,High
2025-05-01,15,30,3,0,Dharampur Chowk,Cloudy,671,41.2,Medium
2025-11-25,8,0,1,0,Ballupur Chowk,Rain,1176,35.8,High
2025-08-04,10,15,0,0,ISBT,Rain,707,36.6,Medium
2025-07-29,16,0,1,0,Clock Tower,Clear,605,49.3,Low
2025-04-12,6,45,5,1,Ballupur Chowk,Cloudy,504,46.9,Low
2025-01-02,17,30,3,0,ISBT,Fog,1332,27.8,High
2025-08-13,8,30,2,0,Clock Tower,Clear,1258,34.4,High
2025-08-12,19,45,1,0,Ballupur Chowk,Rain,1243,28.2,High
2025-02-17,8,0,0,0,Dharampur Chowk,Fog,877,35.5,Medium
2025-07-09,15,0,2,0,Dharampur Chowk,Clear,664,47.5,Medium
2025-12-27,13,30,5,1,Clock Tower,Fog,629,41.5,Low
2025-10-05,16,0,6,1,Ballupur Chowk,Rain,460,39.7,Low
2025-11-13,21,0,3,0,Prem Nagar,Clear,473,52.6,Low
2025-07-08,12,45,1,0,Ballupur Chowk,Cloudy,678,45.4,Medium
2025-05-31,10,45,5,1,Prem Nagar,Fog,462,36.1,Low
2025-03-23,18,45,6,1,Clock Tower,Cloudy,1150,33.7,High
2025-10-04,19,0,5,1,Ballupur Chowk,Fog,949,33.9,Medium
2025-11-11,8,30,1,0,Clock Tower,Rain,1308,32.0,High
2025-10-30,19,15,3,0,ISBT,Fog,1174,30.2,High
2025-02-09,20,45,6,1,Clock Tower,Cloudy,596,41.5,Low
2025-03-06,6,0,3,0,Rajpur Road,Fog,684,38.8,Medium
2025-12-26,17,45,4,0,Dharampur Chowk,Cloudy,1272,38.7,High
2025-07-14,6,30,0,0,Clock Tower,Clear,714,44.4,Medium
2025-10-20,17,15,0,0,Clock Tower,Fog,1072,33.5,High
2025-07-04,16,30,4,0,Clock Tower,Fog,557,36.6,Low
2025-09-07,20,30,6,1,Dharampur Chowk,Clear,590,47.5,Low
2025-12-10,10,45,2,0,ISBT,Fog,623,42.3,Low
2025-11-05,11,0,2,0,Clock Tower,Cloudy,692,46.1,Medium
2025-05-24,8,45,5,1,Rajpur Road,Fog,860,32.5,Medium
2025-05-17,11,15,5,1,Rajpur Road,Fog,402,41.6,Low
2025-06-21,22,0,5,1,Ballupur Chowk,Clear,462,55.4,Low
2025-12-29,14,30,0,0,ISBT,Cloudy,1025,36.5,Medium
2025-02-23,17,30,6,1,ISBT,Fog,1130,33.0,High
2025-01-24,16,45,4,0,Prem Nagar,Cloudy,429,50.7,Low
2025-01-02,10,15,3,0,ISBT,Fog,682,37.2,Medium
2025-01-01,6,0,2,0,Clock Tower,Fog,734,31.3,Medium
2025-04-23,16,45,2,0,ISBT,Clear,762,47.6,Medium
2025-08-24,11,15,6,1,Rajpur Road,Rain,518,42.0,Low
2025-08-29,11,15,4,0,Prem Nagar,Rain,415,45.4,Low
2025-05-24,6,0,5,1,Clock Tower,Fog,512,41.5,Low
2025-09-24,22,15,2,0,Rajpur Road,Rain,609,38.2,Low
2025-08-20,13,0,2,0,Rajpur Road,Fog,699,34.2,Medium
2025-02-07,18,30,4,0,Clock Tower,Fog,1092,34.4,High
2025-02-03,7,30,0,0,Prem Nagar,Clear,496,55.7,Low
2025-02-16,9,30,6,1,Clock Tower,Cloudy,1190,38.2,High
2025-08-26,9,0,1,0,ISBT,Cloudy,1492,31.8,High
2025-08-07,8,0,3,0,Dharampur Chowk,Rain,1004,39.0,Medium
2025-04-27,20,0,6,1,Prem Nagar,Cloudy,444,46.3,Low
2025-04-13,7,0,6,1,Ballupur Chowk,Clear,464,47.0,Low
2025-08-09,16,0,5,1,Clock Tower,Fog,453,44.1,Low
2025-05-12,8,30,0,0,Prem Nagar,Rain,770,38.0,Medium
2025-12-24,15,15,2,0,Dharampur Chowk,Cloudy,600,40.9,Low
2025-10-18,22,45,5,1,Ballupur Chowk,Cloudy,498,45.8,Low
2025-07-31,17,15,3,0,Prem Nagar,Rain,872,38.1,Medium
2025-05-23,21,0,4,0,Ballupur Chowk,Clear,620,44.5,Low
2025-11-16,22,15,6,1,Ballupur Chowk,Cloudy,599,51.6,Low
2025-06-09,8,15,0,0,Dharampur Chowk,Clear,1252,31.3,High
2025-01-19,14,30,6,1,Clock Tower,Cloudy,946,41.0,Medium
2025-06-30,18,15,0,0,Dharampur Chowk,Cloudy,1268,35.7,High
2025-02-05,20,30,2,0,Rajpur Road,Rain,535,42.8,Low
2025-08-13,14,15,2,0,ISBT,Cloudy,1091,36.7,High
2025-08-04,22,0,0,0,Ballupur Chowk,Rain,534,43.1,Low
2025-10-07,19,0,1,0,Dharampur Chowk,Fog,1004,35.2,Medium
2025-08-18,12,15,0,0,Dharampur Chowk,Rain,465,44.2,Low
2025-06-03,22,15,1,0,Prem Nagar,Rain,515,46.1,Low
2025-04-01,16,15,1,0,Ballupur Chowk,Rain,565,41.3,Low
2025-07-27,10,0,6,1,ISBT,Rain,556,38.6,Low
2025-01-28,20,45,1,0,ISBT,Clear,691,47.4,Medium
2025-07-21,17,45,0,0,Prem Nagar,Rain,987,35.1,Medium
2025-06-30,8,30,0,0,Ballupur Chowk,Cloudy,1348,33.3,High
2025-04-16,11,0,2,0,Prem Nagar,Clear,543,47.0,Low
2025-10-04,16,30,5,1,Clock Tower,Clear,537,46.2,Low
2025-09-10,15,0,2,0,Dharampur Chowk,Clear,555,45.7,Low
2025-04-30,9,0,2,0,Clock Tower,Fog,1105,30.0,High
2025-09-17,18,0,2,0,Prem Nagar,Clear,1167,42.7,High
2025-03-14,16,30,4,0,Dharampur Chowk,Fog,377,41.8,Low
2025-12-16,18,0,1,0,Dharampur Chowk,Cloudy,1203,36.8,High
2025-03-28,6,45,4,0,Dharampur Chowk,Rain,664,39.6,Medium
2025-04-30,16,30,2,0,Dharampur Chowk,Clear,589,48.2,Low
2025-12-16,11,0,1,0,Clock Tower,Cloudy,610,43.7,Low
2025-04-04,20,30,4,0,Prem Nagar,Rain,342,42.5,Low
2025-01-31,6,15,4,0,Ballupur Chowk,Clear,405,50.8,Low
2025-02-10,16,0,0,0,ISBT,Cloudy,906,42.5,Medium
2025-04-04,17,30,4,0,Ballupur Chowk,Rain,1103,32.3,High
2025-01-17,20,30,4,0,Clock Tower,Fog,489,37.0,Low
2025-02-21,20,15,4,0,Rajpur Road,Fog,536,41.8,Low
2025-11-01,7,30,5,1,Dharampur Chowk,Rain,336,47.4,Low
2025-11-26,6,15,2,0,Dharampur Chowk,Clear,682,51.0,Medium
2025-01-25,6,45,5,1,ISBT,Cloudy,860,40.0,Medium
2025-06-05,6,15,3,0,Dharampur Chowk,Clear,786,42.7,Medium
2025-01-02,14,30,3,0,Rajpur Road,Clear,849,43.9,Medium
2025-04-20,19,0,6,1,Prem Nagar,Rain,749,40.5,Medium
2025-02-02,8,30,6,1,Dharampur Chowk,Clear,847,42.2,Medium
2025-04-24,16,15,3,0,Prem Nagar,Rain,541,42.1,Low
2025-06-27,13,30,4,0,Dharampur Chowk,Rain,784,40.2,Medium
2025-03-17,7,30,0,0,Ballupur Chowk,Clear,727,39.6,Medium
2025-01-18,7,45,5,1,Ballupur Chowk,Clear,585,45.8,Low
2025-11-26,6,45,2,0,Prem Nagar,Fog,403,44.4,Low
2025-10-08,7,0,2,0,Prem Nagar,Fog,294,39.8,Low
2025-08-13,21,30,2,0,Clock Tower,Cloudy,536,45.7,Low
2025-09-03,22,30,2,0,Dharampur Chowk,Cloudy,695,44.7,Medium
2025-04-22,12,30,1,0,ISBT,Rain,528,41.0,Low
2025-04-26,6,0,5,1,Ballupur Chowk,Fog,311,39.2,Low
2025-08-23,18,15,5,1,ISBT,Rain,1184,29.6,High
2025-01-05,12,15,6,1,Dharampur Chowk,Rain,517,42.4,Low
2025-01-06,8,45,0,0,Rajpur Road,Fog,942,32.7,Medium
2025-06-10,14,15,1,0,Ballupur Chowk,Cloudy,1082,41.9,High
2025-05-27,9,45,1,0,Prem Nagar,Rain,904,38.8,Medium
2025-04-05,7,15,5,1,Dharampur Chowk,Cloudy,483,49.7,Low
2025-04-23,13,30,2,0,ISBT,Clear,1056,39.9,High
2025-02-05,6,0,2,0,Prem Nagar,Clear,465,47.0,Low
2025-11-26,19,0,2,0,ISBT,Cloudy,1528,34.6,High
2025-01-03,19,30,4,0,Rajpur Road,Clear,1352,39.2,High
2025-03-19,9,0,2,0,Ballupur Chowk,Fog,913,37.8,Medium
2025-08-16,13,15,5,1,Prem Nagar,Clear,609,48.1,Low
2025-05-25,16,45,6,1,ISBT,Fog,408,41.6,Low
2025-06-15,11,0,6,1,Rajpur Road,Fog,422,36.5,Low
2025-06-09,11,45,0,0,Clock Tower,Cloudy,739,48.5,Medium
2025-05-04,19,15,6,1,Clock Tower,Cloudy,1239,41.4,High
2025-08-23,17,30,5,1,Prem Nagar,Cloudy,913,44.5,Medium
2025-02-09,14,45,6,1,Ballupur Chowk,Clear,648,53.0,Low
2025-12-22,10,0,0,0,Ballupur Chowk,Clear,753,43.4,Medium
2025-02-16,17,15,6,1,Rajpur Road,Clear,903,43.0,Medium
2025-04-03,12,45,3,0,Dharampur Chowk,Cloudy,473,49.6,Low
2025-02-20,11,0,3,0,ISBT,Clear,739,41.6,Medium
2025-09-25,21,0,3,0,Dharampur Chowk,Rain,594,43.9,Low
2025-10-17,9,45,4,0,Clock Tower,Clear,1394,35.1,High
2025-09-15,19,15,0,0,Prem Nagar,Rain,822,41.2,Medium
2025-06-20,8,30,4,0,Prem Nagar,Fog,758,32.0,Medium
2025-12-20,21,15,5,1,Dharampur Chowk,Clear,584,53.0,Low
2025-07-15,22,0,1,0,Dharampur Chowk,Clear,557,53.5,Low
2025-06-23,13,45,0,0,Prem Nagar,Cloudy,792,42.5,Medium
2025-02-04,18,15,1,0,Prem Nagar,Fog,781,40.8,Medium
2025-03-30,22,30,6,1,ISBT,Rain,478,45.4,Low
2025-01-28,9,15,1,0,Rajpur Road,Fog,891,32.9,Medium
2025-03-25,6,0,1,0,Rajpur Road,Cloudy,696,43.9,Medium
2025-11-11,15,15,1,0,Dharampur Chowk,Cloudy,556,50.5,Low
2025-03-11,10,0,1,0,ISBT,Clear,834,45.0,Medium
2025-05-23,14,45,4,0,ISBT,Cloudy,1085,38.0,High
2025-03-09,22,0,6,1,Clock Tower,Fog,453,41.5,Low
2025-07-04,12,0,4,0,Dharampur Chowk,Cloudy,509,49.9,Low
2025-11-18,6,15,1,0,Clock Tower,Cloudy,697,39.9,Medium
2025-01-26,14,15,6,1,Rajpur Road,Cloudy,726,43.1,Medium
2025-03-08,20,45,5,1,ISBT,Cloudy,625,51.7,Low
2025-12-23,9,15,1,0,ISBT,Cloudy,1503,31.0,High
2025-01-22,10,0,2,0,Ballupur Chowk,Rain,588,40.5,Low
2025-01-25,19,30,5,1,Ballupur Chowk,Cloudy,1232,39.1,High
2025-01-02,7,30,3,0,Dharampur Chowk,Cloudy,685,45.1,Medium
2025-08-14,20,45,3,0,ISBT,Fog,696,39.8,Medium
2025-10-27,9,15,0,0,Rajpur Road,Clear,1113,45.7,High
2025-12-17,6,15,2,0,Prem Nagar,Clear,513,45.2,Low
2025-08-01,8,45,4,0,ISBT,Fog,1263,35.2,High
2025-11-08,7,15,5,1,Prem Nagar,Cloudy,432,47.3,Low
2025-03-03,6,30,0,0,Rajpur Road,Rain,512,44.8,Low
2025-02-04,18,45,1,0,Rajpur Road,Cloudy,1412,36.5,High
2025-10-18,8,15,5,1,Clock Tower,Fog,903,38.6,Medium
2025-09-07,6,0,6,1,ISBT,Fog,455,43.6,Low
2025-10-13,17,45,0,0,Ballupur Chowk,Fog,1058,33.2,High
2025-01-21,18,15,1,0,Dharampur Chowk,Fog,947,33.3,Medium
2025-03-20,8,45,3,0,ISBT,Rain,1242,36.3,High
2025-01-31,15,30,4,0,ISBT,Rain,577,39.5,Low
2025-12-02,7,45,1,0,Ballupur Chowk,Fog,676,40.3,Medium
2025-04-11,15,15,4,0,Dharampur Chowk,Cloudy,397,47.6,Low
2025-10-18,19,30,5,1,Clock Tower,Rain,929,33.9,Medium
2025-11-28,18,15,4,0,Ballupur Chowk,Cloudy,1168,37.9,High
2025-03-08,11,45,5,1,Rajpur Road,Fog,306,42.8,Low
2025-03-02,8,30,6,1,Rajpur Road,Rain,765,39.3,Medium
2025-04-21,19,15,0,0,Dharampur Chowk,Rain,1043,39.6,Medium
2025-12-02,16,30,1,0,Dharampur Chowk,Cloudy,701,47.3,Medium
2025-02-21,22,0,4,0,Prem Nagar,Fog,363,47.8,Low
2025-11-01,9,45,5,1,Rajpur Road,Cloudy,919,37.7,Medium
2025-06-09,8,45,0,0,ISBT,Cloudy,1477,40.7,High
2025-04-13,16,15,6,1,Rajpur Road,Rain,431,43.3,Low
2025-08-24,11,30,6,1,Dharampur Chowk,Clear,361,52.7,Low
2025-07-06,13,15,6,1,Rajpur Road,Rain,762,41.5,Medium
2025-04-14,7,15,0,0,Clock Tower,Clear,607,44.2,Low
2025-12-28,17,45,6,1,Ballupur Chowk,Clear,1045,40.3,Medium
2025-07-11,14,30,4,0,Ballupur Chowk,Fog,690,33.6,Medium
2025-12-20,14,45,5,1,ISBT,Fog,703,35.5,Medium
2025-07-25,14,30,4,0,Rajpur Road,Rain,764,40.5,Medium
2025-05-03,19,30,5,1,Prem Nagar,Fog,713,35.9,Medium
2025-05-19,18,45,0,0,Dharampur Chowk,Fog,971,30.2,Medium
2025-02-02,19,15,6,1,ISBT,Cloudy,1354,36.1,High
2025-02-10,11,30,0,0,ISBT,Rain,515,45.6,Low
2025-01-12,6,30,6,1,Prem Nagar,Rain,302,46.0,Low
2025-09-18,8,30,3,0,Rajpur Road,Fog,1029,35.1,Medium
2025-11-02,10,30,6,1,ISBT,Fog,483,39.0,Low
2025-07-23,15,45,2,0,Rajpur Road,Clear,660,47.6,Medium
2025-05-03,6,45,5,1,ISBT,Cloudy,581,44.3,Low
2025-05-03,17,0,5,1,ISBT,Cloudy,1180,38.6,High
2025-07-17,9,30,3,0,Clock Tower,Rain,1178,36.6,High
2025-11-30,12,15,6,1,Rajpur Road,Fog,426,44.9,Low
2025-03-01,15,30,5,1,ISBT,Cloudy,575,50.2,Low
2025-01-29,20,45,2,0,Rajpur Road,Fog,425,43.3,Low
2025-04-26,9,0,5,1,Clock Tower,Clear,1002,41.4,Medium
2025-09-11,22,30,3,0,Rajpur Road,Cloudy,455,47.7,Low
2025-03-03,8,30,0,0,Dharampur Chowk,Fog,932,32.1,Medium
2025-02-17,14,30,0,0,Rajpur Road,Cloudy,857,45.3,Medium
2025-07-05,14,15,5,1,Ballupur Chowk,Fog,652,36.2,Medium
2025-05-13,14,45,1,0,Clock Tower,Clear,1012,48.5,Medium
2025-09-12,12,15,4,0,Dharampur Chowk,Clear,652,49.2,Medium
2025-12-21,22,45,6,1,ISBT,Cloudy,665,46.0,Medium
2025-04-24,20,45,3,0,Ballupur Chowk,Cloudy,473,46.2,Low
2025-10-23,19,45,3,0,Dharampur Chowk,Rain,1037,29.6,Medium
2025-07-28,12,15,0,0,Ballupur Chowk,Clear,541,41.3,Low
2025-02-27,14,0,3,0,Dharampur Chowk,Clear,856,45.2,Medium
2025-11-19,17,15,2,0,Ballupur Chowk,Clear,1440,35.7,High
2025-01-13,17,30,0,0,Dharampur Chowk,Clear,1118,33.2,High
2025-01-19,6,15,6,1,Ballupur Chowk,Cloudy,425,45.1,Low
2025-03-07,8,30,4,0,Rajpur Road,Rain,981,35.5,Medium
2025-08-26,12,0,1,0,Ballupur Chowk,Clear,552,48.1,Low
2025-11-06,15,15,3,0,Prem Nagar,Clear,468,48.3,Low
2025-04-22,18,0,1,0,Ballupur Chowk,Cloudy,1510,29.9,High
2025-01-18,12,0,5,1,Rajpur Road,Fog,431,40.8,Low
2025-11-15,17,30,5,1,Dharampur Chowk,Cloudy,1040,42.8,Medium
2025-09-23,18,15,1,0,Dharampur Chowk,Clear,1266,34.1,High
2025-11-04,11,45,1,0,Rajpur Road,Rain,511,43.5,Low
2025-03-07,17,30,4,0,Dharampur Chowk,Cloudy,1233,39.1,High
2025-05-01,10,15,3,0,Rajpur Road,Fog,490,45.5,Low
2025-04-27,12,15,6,1,Clock Tower,Rain,381,44.2,Low
2025-07-06,21,15,6,1,ISBT,Cloudy,558,48.8,Low
2025-03-08,13,45,5,1,Ballupur Chowk,Clear,696,46.1,Medium
2025-09-17,17,0,2,0,Ballupur Chowk,Fog,1031,30.1,Medium
2025-02-16,7,45,6,1,Clock Tower,Cloudy,471,46.9,Low
2025-07-19,21,0,5,1,Prem Nagar,Cloudy,521,47.5,Low
2025-04-13,18,0,6,1,Clock Tower,Clear,1243,42.2,High
2025-09-09,9,15,1,0,Ballupur Chowk,Clear,1288,34.9,High
2025-07-01,13,15,1,0,Dharampur Chowk,Clear,897,40.6,Medium
2025-09-10,19,30,2,0,Prem Nagar,Rain,895,32.7,Medium
2025-07-26,21,15,5,1,ISBT,Fog,554,37.9,Low
2025-05-15,10,15,3,0,Rajpur Road,Cloudy,628,42.9,Low
2025-12-20,10,15,5,1,Rajpur Road,Clear,532,45.1,Low
2025-11-21,9,30,4,0,ISBT,Cloudy,1473,36.6,High
2025-06-27,10,15,4,0,Rajpur Road,Rain,589,41.5,Low
2025-07-27,7,45,6,1,Rajpur Road,Rain,306,54.6,Low
2025-04-19,17,0,5,1,Ballupur Chowk,Cloudy,1346,37.9,High
2025-11-22,21,15,5,1,Clock Tower,Clear,499,47.5,Low
2025-09-30,7,30,1,0,Ballupur Chowk,Fog,463,44.2,Low
2025-05-22,9,15,3,0,Clock Tower,Fog,1074,29.3,High
2025-12-09,16,15,1,0,Prem Nagar,Rain,401,47.6,Low
2025-03-04,16,15,1,0,Clock Tower,Clear,786,48.4,Medium
2025-04-23,18,15,2,0,Ballupur Chowk,Clear,1412,34.1,High
2025-09-18,15,45,3,0,Rajpur Road,Fog,208,44.9,Low
2025-12-03,17,45,2,0,Clock Tower,Rain,1263,32.4,High
2025-05-22,21,0,3,0,ISBT,Rain,640,36.9,Low
2025-05-09,8,15,4,0,Dharampur Chowk,Clear,1165,40.3,High
2025-07-08,8,45,1,0,Dharampur Chowk,Rain,1063,37.7,High
2025-02-06,8,30,3,0,ISBT,Fog,1179,28.9,High
2025-05-20,6,0,1,0,Prem Nagar,Fog,384,41.8,Low
2025-10-31,12,30,4,0,Ballupur Chowk,Fog,515,42.6,Low
2025-07-03,11,0,3,0,Ballupur Chowk,Clear,685,51.4,Medium
2025-03-12,6,30,2,0,Rajpur Road,Fog,644,38.0,Low
2025-03-23,6,0,6,1,Prem Nagar,Fog,100,49.3,Low
2025-02-19,10,0,2,0,Rajpur Road,Rain,483,40.7,Low
2025-02-07,12,15,4,0,Dharampur Chowk,Fog,416,39.7,Low
2025-11-14,18,45,4,0,Prem Nagar,Fog,880,29.8,Medium
2025-07-27,7,45,6,1,Rajpur Road,Clear,411,50.2,Low
2025-03-26,19,45,2,0,Ballupur Chowk,Cloudy,1469,35.9,High
2025-02-10,11,15,0,0,Ballupur Chowk,Fog,444,37.7,Low
2025-12-12,6,45,4,0,ISBT,Fog,524,40.2,Low
2025-11-29,19,30,5,1,Rajpur Road,Cloudy,1232,31.3,High
2025-11-20,15,15,3,0,Clock Tower,Clear,640,41.9,Low
2025-11-19,18,30,2,0,ISBT,Cloudy,1451,37.2,High
2025-01-16,22,30,3,0,Rajpur Road,Cloudy,657,47.0,Medium
2025-03-05,10,0,2,0,Rajpur Road,Clear,658,44.2,Medium
2025-10-28,8,30,1,0,Clock Tower,Rain,1150,40.1,High
2025-09-06,18,30,5,1,ISBT,Fog,1005,34.8,Medium
2025-05-26,21,0,0,0,Dharampur Chowk,Clear,561,41.4,Low
2025-01-01,10,45,2,0,Prem Nagar,Fog,226,42.0,Low
2025-07-22,15,30,1,0,Prem Nagar,Fog,474,42.6,Low
2025-09-12,18,30,4,0,Prem Nagar,Fog,905,31.1,Medium
2025-10-31,20,30,4,0,Clock Tower,Fog,655,34.7,Medium
2025-04-14,18,30,0,0,Ballupur Chowk,Clear,1369,35.4,High
2025-05-12,16,0,0,0,Clock Tower,Fog,512,43.7,Low
2025-05-06,17,30,1,0,Dharampur Chowk,Cloudy,1199,33.8,High
2025-08-29,12,0,4,0,Prem Nagar,Fog,391,40.2,Low
2025-05-20,19,15,1,0,Ballupur Chowk,Fog,1351,29.7,High
2025-02-10,9,30,0,0,Rajpur Road,Fog,903,30.9,Medium
2025-04-25,16,15,4,0,Clock Tower,Rain,441,40.6,Low
2025-10-31,20,0,4,0,Rajpur Road,Rain,535,46.6,Low
2025-06-29,9,15,6,1,Prem Nagar,Cloudy,959,42.0,Medium
2025-08-25,19,15,0,0,Ballupur Chowk,Rain,1190,33.8,High
2025-05-01,8,30,3,0,Prem Nagar,Rain,836,43.2,Medium
2025-09-26,16,45,4,0,ISBT,Rain,621,40.9,Low
2025-07-31,19,15,3,0,ISBT,Rain,1179,32.6,High
2025-05-15,15,15,3,0,ISBT,Rain,703,36.8,Medium
2025-02-07,15,0,4,0,Ballupur Chowk,Cloudy,605,48.7,Low
2025-11-08,13,30,5,1,ISBT,Fog,618,41.3,Low
2025-05-26,13,30,0,0,Ballupur Chowk,Rain,832,36.9,Medium
2025-01-09,22,15,3,0,Rajpur Road,Cloudy,524,48.6,Low
2025-01-25,16,45,5,1,Rajpur Road,Fog,594,40.9,Low
2025-04-22,22,30,1,0,Clock Tower,Cloudy,621,49.5,Low
2025-03-22,9,0,5,1,Prem Nagar,Fog,637,42.0,Low
2025-03-08,7,15,5,1,Clock Tower,Fog,512,30.9,Medium
2025-01-23,21,30,3,0,ISBT,Rain,555,44.9,Low
2025-04-09,15,45,2,0,ISBT,Rain,648,37.7,Low
2025-08-30,10,15,5,1,Clock Tower,Cloudy,536,41.6,Low
2025-01-06,7,30,0,0,ISBT,Fog,558,45.7,Low
2025-06-05,18,0,3,0,Rajpur Road,Cloudy,1374,41.9,High
2025-10-18,7,0,5,1,Rajpur Road,Rain,518,45.7,Low
2025-02-24,10,0,0,0,Rajpur Road,Fog,625,39.2,Low
2025-06-20,18,30,4,0,Prem Nagar,Fog,817,38.4,Medium
2025-04-08,16,30,1,0,Dharampur Chowk,Fog,564,37.5,Low
2025-01-02,19,0,3,0,Prem Nagar,Cloudy,1034,40.6,Medium
2025-02-05,14,30,2,0,Prem Nagar,Rain,739,41.8,Medium
2025-04-07,14,30,0,0,Ballupur Chowk,Fog,663,43.3,Medium
2025-04-24,8,0,3,0,Rajpur Road,Rain,1001,34.9,Medium
2025-01-25,12,30,5,1,Rajpur Road,Cloudy,449,56.7,Low
2025-07-28,11,15,0,0,Clock Tower,Cloudy,710,42.3,Medium
2025-04-10,15,45,3,0,ISBT,Cloudy,811,45.7,Medium
2025-05-16,19,15,4,0,Dharampur Chowk,Clear,1180,40.7,High
2025-01-10,15,15,4,0,Dharampur Chowk,Fog,382,40.1,Low
2025-10-24,19,45,4,0,Prem Nagar,Clear,879,38.5,Medium
2025-01-17,16,15,4,0,Prem Nagar,Rain,583,46.6,Low
2025-07-15,7,15,1,0,Dharampur Chowk,Clear,565,51.9,Low
2025-11-28,21,45,4,0,ISBT,Clear,694,44.4,Medium
2025-08-27,14,15,2,0,Clock Tower,Rain,912,36.6,Medium
2025-04-17,16,0,3,0,Rajpur Road,Cloudy,597,49.9,Low
2025-10-02,17,0,3,0,Rajpur Road,Cloudy,1322,38.3,High
2025-10-14,14,45,1,0,Ballupur Chowk,Rain,957,37.5,Medium
2025-04-03,20,30,3,0,Dharampur Chowk,Cloudy,511,43.6,Low
2025-04-12,12,15,5,1,Prem Nagar,Cloudy,446,48.1,Low
2025-11-16,13,0,6,1,Rajpur Road,Clear,769,44.0,Medium
2025-03-10,16,45,0,0,Prem Nagar,Clear,694,41.1,Medium
2025-04-21,12,0,0,0,Rajpur Road,Clear,425,49.9,Low
2025-04-23,12,30,2,0,Ballupur Chowk,Fog,476,41.1,Low
2025-08-14,8,0,3,0,Dharampur Chowk,Fog,943,37.4,Medium
2025-08-22,17,0,4,0,Ballupur Chowk,Fog,961,31.6,Medium
2025-03-14,21,30,4,0,ISBT,Cloudy,776,46.2,Medium
2025-01-30,11,30,3,0,Dharampur Chowk,Rain,680,43.2,Medium
2025-04-18,7,0,4,0,Rajpur Road,Cloudy,609,43.6,Low
2025-10-25,14,45,5,1,Rajpur Road,Cloudy,755,42.4,Medium
2025-01-15,12,30,2,0,Dharampur Chowk,Cloudy,641,46.6,Low
2025-01-24,10,30,4,0,Ballupur Chowk,Clear,527,46.2,Low
2025-10-25,6,0,5,1,Ballupur Chowk,Cloudy,635,47.0,Low
2025-03-25,10,30,1,0,Clock Tower,Rain,637,42.0,Low
2025-01-30,20,45,3,0,ISBT,Fog,695,37.8,Medium
2025-02-22,21,45,5,1,ISBT,Rain,509,40.0,Low
2025-07-31,9,15,3,0,ISBT,Clear,1433,27.2,High
2025-07-17,17,15,3,0,Prem Nagar,Fog,817,34.7,Medium
2025-03-20,21,15,3,0,ISBT,Clear,597,43.7,Low
2025-04-03,10,30,3,0,Prem Nagar,Clear,552,47.8,Low
2025-10-27,16,45,0,0,Ballupur Chowk,Rain,578,42.7,Low
2025-12-31,14,15,2,0,Rajpur Road,Fog,725,40.4,Medium
2025-05-08,12,45,3,0,Prem Nagar,Clear,497,43.5,Low
2025-04-06,9,15,6,1,Clock Tower,Clear,1249,38.3,High
2025-01-25,9,45,5,1,Prem Nagar,Clear,781,40.1,Medium
2025-05-01,17,45,3,0,Dharampur Chowk,Clear,1227,37.1,High
2025-12-09,8,45,1,0,Clock Tower,Fog,1178,29.1,High
2025-05-30,7,15,4,0,Prem Nagar,Cloudy,444,51.3,Low
2025-06-30,9,30,0,0,Dharampur Chowk,Rain,1083,35.0,High
2025-04-02,16,0,2,0,Ballupur Chowk,Clear,687,45.1,Medium
2025-03-30,11,15,6,1,Ballupur Chowk,Fog,449,44.1,Low
2025-05-11,13,15,6,1,Prem Nagar,Fog,558,38.5,Low
2025-04-04,11,0,4,0,ISBT,Rain,744,32.3,Medium
2025-03-18,10,0,1,0,Ballupur Chowk,Cloudy,829,38.0,Medium
2025-07-12,16,30,5,1,Prem Nagar,Fog,281,42.9,Low
2025-04-09,12,0,2,0,Dharampur Chowk,Cloudy,576,49.8,Low
2025-04-14,15,30,0,0,ISBT,Fog,480,40.9,Low
2025-01-10,15,45,4,0,Prem Nagar,Rain,392,45.3,Low
2025-01-07,14,45,1,0,Clock Tower,Cloudy,1054,40.2,High
2025-01-06,17,45,0,0,Prem Nagar,Rain,892,35.7,Medium
2025-02-06,16,15,3,0,Dharampur Chowk,Fog,471,43.1,Low
2025-09-12,14,15,4,0,Ballupur Chowk,Fog,729,34.0,Medium
2025-11-21,12,15,4,0,Prem Nagar,Rain,487,42.9,Low
2025-08-01,13,30,4,0,Rajpur Road,Fog,784,33.1,Medium
2025-09-12,21,30,4,0,Rajpur Road,Cloudy,471,46.7,Low
2025-07-03,10,0,3,0,Ballupur Chowk,Clear,572,46.6,Low
2025-07-24,17,0,3,0,Rajpur Road,Cloudy,1259,39.2,High
2025-01-15,17,15,2,0,Rajpur Road,Rain,1100,34.7,High
2025-03-01,8,30,5,1,Ballupur Chowk,Cloudy,1143,39.3,High
2025-01-22,10,30,2,0,ISBT,Fog,563,40.5,Low
2025-04-30,19,15,2,0,Ballupur Chowk,Cloudy,1355,39.8,High
2025-11-27,19,15,3,0,Prem Nagar,Rain,917,33.0,Medium
2025-12-07,11,0,6,1,Ballupur Chowk,Fog,445,38.1,Low
2025-02-08,16,30,5,1,Prem Nagar,Clear,467,55.0,Low
2025-11-27,16,0,3,0,Rajpur Road,Cloudy,551,48.1,Low
2025-02-24,13,0,0,0,Clock Tower,Rain,767,40.4,Medium
2025-10-21,13,15,1,0,Clock Tower,Clear,938,39.7,Medium
2025-04-01,10,0,1,0,Rajpur Road,Clear,496,50.1,Low
2025-07-10,15,0,3,0,Dharampur Chowk,Rain,585,41.7,Low
2025-10-03,10,45,4,0,Prem Nagar,Fog,320,47.2,Low
2025-10-02,21,45,3,0,ISBT,Clear,646,39.3,Low
2025-02-23,9,30,6,1,ISBT,Clear,1238,34.0,High
2025-07-19,15,30,5,1,Rajpur Road,Clear,576,45.6,Low
2025-01-22,18,15,2,0,Prem Nagar,Fog,880,38.6,Medium
2025-08-15,22,45,4,0,Rajpur Road,Rain,429,42.2,Low
2025-09-24,16,45,2,0,Dharampur Chowk,Fog,442,45.3,Low
2025-05-25,18,30,6,1,Dharampur Chowk,Clear,963,39.5,Medium
2025-11-02,19,15,6,1,Rajpur Road,Rain,992,34.1,Medium
2025-12-04,11,0,3,0,Prem Nagar,Cloudy,524,42.9,Low
2025-08-12,10,15,1,0,Clock Tower,Cloudy,868,38.6,Medium
2025-04-04,6,30,4,0,Dharampur Chowk,Clear,534,47.3,Low
2025-01-24,15,15,4,0,Prem Nagar,Rain,591,37.6,Low
2025-09-30,12,0,1,0,ISBT,Fog,724,38.9,Medium
2025-09-19,9,0,4,0,Ballupur Chowk,Fog,1047,29.1,Medium
2025-03-20,19,30,3,0,Prem Nagar,Clear,1085,37.3,High
2025-11-30,11,15,6,1,Clock Tower,Clear,660,42.7,Medium
2025-01-30,13,45,3,0,Ballupur Chowk,Fog,768,34.4,Medium
2025-01-11,11,0,5,1,Clock Tower,Clear,480,50.4,Low
2025-06-28,12,15,5,1,Prem Nagar,Rain,415,47.7,Low
2025-04-10,18,15,3,0,Clock Tower,Clear,1261,40.2,High
2025-06-14,7,30,5,1,Rajpur Road,Rain,647,39.4,Low
2025-05-06,22,15,1,0,Prem Nagar,Clear,639,45.1,Low
2025-07-01,11,45,1,0,Prem Nagar,Cloudy,402,48.3,Low
2025-12-04,7,0,3,0,Ballupur Chowk,Fog,590,36.1,Low
2025-10-01,19,15,2,0,Ballupur Chowk,Fog,1033,34.0,Medium
2025-05-05,13,15,0,0,Prem Nagar,Cloudy,785,45.5,Medium
2025-09-14,18,15,6,1,Rajpur Road,Fog,867,36.1,Medium
2025-07-28,8,30,0,0,Dharampur Chowk,Clear,1086,40.2,High
2025-11-20,18,15,3,0,Ballupur Chowk,Fog,1007,36.5,Medium
2025-02-23,13,45,6,1,Prem Nagar,Rain,521,45.9,Low
2025-02-25,6,0,1,0,Rajpur Road,Cloudy,595,47.1,Low
2025-12-06,22,15,5,1,Rajpur Road,Cloudy,482,45.1,Low
2025-11-08,10,0,5,1,Dharampur Chowk,Cloudy,360,46.7,Low
2025-06-28,11,45,5,1,Dharampur Chowk,Clear,450,49.2,Low
2025-09-28,21,30,6,1,Dharampur Chowk,Clear,557,45.7,Low
2025-07-27,21,45,6,1,Ballupur Chowk,Clear,468,44.0,Low
2025-11-30,7,45,6,1,Dharampur Chowk,Rain,467,47.5,Low
2025-10-25,11,0,5,1,Dharampur Chowk,Clear,577,48.9,Low
2025-12-01,14,15,0,0,Clock Tower,Cloudy,1110,44.2,High
2025-08-28,20,45,3,0,Clock Tower,Fog,553,41.0,Low
2025-09-15,9,30,0,0,Prem Nagar,Fog,754,32.1,Medium
2025-10-24,13,30,4,0,ISBT,Fog,812,35.4,Medium
2025-04-02,6,15,2,0,Dharampur Chowk,Fog,453,46.3,Low
2025-07-12,17,45,5,1,Prem Nagar,Fog,713,40.4,Medium
2025-03-29,17,0,5,1,Rajpur Road,Rain,919,35.9,Medium
2025-08-18,12,30,0,0,Prem Nagar,Cloudy,405,47.0,Low
2025-06-25,16,15,2,0,Prem Nagar,Rain,480,43.2,Low
2025-12-10,19,0,2,0,Ballupur Chowk,Rain,1292,32.1,High
2025-03-11,6,45,1,0,ISBT,Fog,537,45.8,Low
2025-03-15,19,45,5,1,Prem Nagar,Rain,788,42.2,Medium
2025-02-02,20,45,6,1,Ballupur Chowk,Clear,506,49.9,Low
2025-10-15,6,45,2,0,ISBT,Fog,639,38.5,Low
2025-05-11,17,30,6,1,Ballupur Chowk,Rain,845,38.0,Medium
2025-02-08,22,15,5,1,Prem Nagar,Rain,471,44.9,Low
2025-02-27,19,45,3,0,Rajpur Road,Rain,1158,28.3,High
2025-08-23,22,30,5,1,Rajpur Road,Fog,340,43.4,Low
2025-10-25,9,45,5,1,ISBT,Clear,1234,41.0,High
2025-05-16,15,30,4,0,Clock Tower,Cloudy,679,46.5,Medium
2025-12-06,22,45,5,1,Clock Tower,Rain,504,39.8,Low
2025-03-29,9,0,5,1,Rajpur Road,Fog,615,39.5,Low
2025-03-13,20,0,3,0,Ballupur Chowk,Fog,520,37.7,Low
2025-05-29,7,0,3,0,Prem Nagar,Cloudy,382,51.4,Low
2025-05-19,14,30,0,0,Prem Nagar,Clear,726,46.3,Medium
2025-04-24,6,15,3,0,Dharampur Chowk,Clear,709,38.4,Medium
2025-06-18,21,30,2,0,Dharampur Chowk,Cloudy,532,46.8,Low
2025-11-13,21,30,3,0,Dharampur Chowk,Clear,677,40.4,Medium
2025-10-11,17,45,5,1,Rajpur Road,Clear,1215,38.1,High
2025-03-18,20,30,1,0,Clock Tower,Clear,650,45.1,Medium
2025-01-01,12,0,2,0,Dharampur Chowk,Rain,469,46.4,Low
2025-07-19,18,0,5,1,Prem Nagar,Rain,710,40.9,Medium
2025-11-27,12,0,3,0,ISBT,Fog,534,37.1,Low
2025-05-30,9,30,4,0,Prem Nagar,Cloudy,1230,38.7,High
2025-08-13,15,45,2,0,Ballupur Chowk,Clear,682,48.7,Medium
2025-09-15,21,0,0,0,Dharampur Chowk,Clear,446,53.9,Low
2025-09-29,21,15,0,0,Ballupur Chowk,Clear,433,46.5,Low
2025-01-16,9,15,3,0,Ballupur Chowk,Rain,1104,36.0,High
2025-12-19,9,0,4,0,Rajpur Road,Rain,1070,34.2,High
2025-06-01,15,30,6,1,Rajpur Road,Clear,496,45.0,Low
2025-07-21,21,30,0,0,Dharampur Chowk,Rain,384,46.7,Low
2025-08-05,18,30,1,0,Rajpur Road,Rain,1178,37.9,High
2025-01-20,18,15,0,0,Rajpur Road,Clear,1184,40.2,High
2025-06-15,17,45,6,1,Ballupur Chowk,Cloudy,1183,41.7,High
2025-06-11,19,15,2,0,Rajpur Road,Cloudy,1392,35.7,High
2025-03-05,6,30,2,0,Rajpur Road,Cloudy,587,49.5,Low
2025-11-22,15,45,5,1,Clock Tower,Rain,555,40.0,Low
2025-09-13,15,45,5,1,Ballupur Chowk,Rain,378,43.7,Low
2025-10-05,15,30,6,1,ISBT,Cloudy,752,47.7,Medium
2025-11-04,19,30,1,0,Rajpur Road,Clear,1159,34.9,High
2025-04-29,13,30,1,0,Clock Tower,Fog,909,30.6,Medium
2025-02-11,10,30,1,0,ISBT,Rain,676,38.5,Medium
2025-04-22,9,15,1,0,Dharampur Chowk,Clear,1250,34.8,High
2025-01-02,13,45,3,0,Rajpur Road,Cloudy,1033,40.8,Medium
2025-02-16,8,45,6,1,Rajpur Road,Cloudy,1064,33.9,High
2025-11-21,20,45,4,0,Rajpur Road,Fog,291,42.2,Low
2025-05-19,13,30,0,0,Prem Nagar,Rain,692,36.7,Medium
2025-12-31,16,30,2,0,Rajpur Road,Cloudy,527,49.2,Low
2025-10-27,15,15,0,0,Dharampur Chowk,Rain,549,41.7,Low
2025-03-13,16,0,3,0,Ballupur Chowk,Clear,696,41.5,Medium
2025-09-15,16,45,0,0,ISBT,Clear,678,50.3,Medium
2025-08-18,8,0,0,0,ISBT,Clear,1419,35.1,High
2025-09-28,7,30,6,1,ISBT,Clear,785,39.6,Medium
2025-05-13,20,45,1,0,ISBT,Rain,699,45.0,Medium
2025-08-30,13,30,5,1,Dharampur Chowk,Cloudy,741,47.0,Medium
2025-07-02,10,30,2,0,Ballupur Chowk,Rain,491,40.9,Low
2025-02-27,20,0,3,0,ISBT,Rain,666,42.9,Medium
2025-12-26,20,15,4,0,ISBT,Rain,725,44.4,Medium
2025-11-05,12,0,2,0,ISBT,Cloudy,736,48.1,Medium
2025-09-08,22,0,0,0,Rajpur Road,Cloudy,586,49.3,Low
2025-03-05,22,15,2,0,Ballupur Chowk,Clear,650,47.1,Medium
2025-02-05,12,15,2,0,Dharampur Chowk,Cloudy,622,41.3,Low
2025-08-07,7,45,3,0,Prem Nagar,Cloudy,421,49.3,Low
2025-10-13,8,30,0,0,Rajpur Road,Fog,801,38.1,Medium
2025-10-06,21,15,0,0,Clock Tower,Rain,662,41.5,Medium
2025-10-12,19,15,6,1,ISBT,Clear,1192,42.1,High
2025-06-10,11,0,1,0,Ballupur Chowk,Rain,733,40.0,Medium
2025-07-29,16,15,1,0,ISBT,Cloudy,783,44.4,Medium
2025-09-05,22,0,4,0,Clock Tower,Clear,700,44.6,Medium
2025-07-02,19,45,2,0,Rajpur Road,Rain,1120,36.7,High
2025-05-23,18,45,4,0,Clock Tower,Fog,1310,24.1,High
2025-08-15,18,15,4,0,Prem Nagar,Fog,823,31.7,Medium
2025-10-29,8,30,2,0,Rajpur Road,Cloudy,1355,33.9,High
2025-07-22,10,30,1,0,Ballupur Chowk,Fog,391,43.3,Low
2025-05-15,16,0,3,0,Prem Nagar,Clear,627,48.0,Low
2025-12-20,7,0,5,1,Clock Tower,Rain,519,43.8,Low
2025-09-03,13,0,2,0,Prem Nagar,Cloudy,898,39.5,Medium
2025-12-17,16,15,2,0,Clock Tower,Clear,649,44.4,Low
2025-10-04,19,30,5,1,ISBT,Cloudy,1252,36.1,High
2025-11-30,15,45,6,1,ISBT,Rain,629,42.7,Low
2025-11-14,20,30,4,0,Ballupur Chowk,Cloudy,716,45.2,Medium
2025-10-15,17,45,2,0,ISBT,Rain,1399,27.6,High
2025-09-24,10,0,2,0,Prem Nagar,Clear,462,49.0,Low
2025-04-02,10,0,2,0,Ballupur Chowk,Fog,529,40.4,Low
2025-10-03,8,15,4,0,ISBT,Cloudy,1473,32.8,High
2025-11-24,20,0,0,0,Ballupur Chowk,Clear,886,45.1,Medium
2025-06-18,22,30,2,0,ISBT,Rain,669,39.7,Medium
2025-02-20,14,15,3,0,Ballupur Chowk,Fog,741,36.0,Medium
2025-03-23,22,45,6,1,Prem Nagar,Clear,437,43.1,Low
2025-02-12,11,15,2,0,Dharampur Chowk,Clear,435,46.9,Low
2025-04-18,22,30,4,0,Ballupur Chowk,Clear,650,45.0,Medium
2025-02-11,13,45,1,0,Prem Nagar,Clear,865,38.2,Medium
2025-05-21,16,0,2,0,Clock Tower,Cloudy,630,50.6,Low
2025-02-23,20,45,6,1,Prem Nagar,Clear,424,51.6,Low
2025-07-09,16,15,2,0,Prem Nagar,Fog,554,37.0,Low
2025-08-05,12,15,1,0,ISBT,Clear,698,44.2,Medium
2025-11-18,16,0,1,0,Dharampur Chowk,Fog,292,41.9,Low
2025-01-07,16,15,1,0,Rajpur Road,Fog,538,40.9,Low
2025-01-11,9,0,5,1,Prem Nagar,Cloudy,919,40.7,Medium
2025-10-27,8,0,0,0,Rajpur Road,Cloudy,1176,42.0,High
2025-10-21,21,30,1,0,Rajpur Road,Rain,486,43.9,Low
2025-06-28,9,15,5,1,Dharampur Chowk,Fog,775,40.3,Medium
2025-01-22,7,30,2,0,Prem Nagar,Clear,565,43.0,Low
2025-09-15,9,0,0,0,ISBT,Rain,1177,34.9,High
2025-02-01,10,30,5,1,Rajpur Road,Fog,392,40.0,Low
2025-04-16,18,0,2,0,ISBT,Fog,1287,29.2,High
2025-04-16,18,45,2,0,Rajpur Road,Fog,1002,35.0,Medium
2025-02-10,12,30,0,0,Prem Nagar,Fog,359,46.6,Low
2025-10-18,13,15,5,1,ISBT,Cloudy,904,44.1,Medium
2025-11-13,7,0,3,0,Dharampur Chowk,Rain,619,37.0,Low
2025-10-06,16,45,0,0,Clock Tower,Rain,564,45.4,Low
2025-11-21,15,45,4,0,Dharampur Chowk,Cloudy,681,44.8,Medium
2025-02-14,16,45,4,0,Ballupur Chowk,Cloudy,606,49.2,Low
2025-10-27,21,15,0,0,ISBT,Rain,730,36.1,Medium
2025-03-01,9,45,5,1,ISBT,Cloudy,1165,39.0,High
2025-07-21,7,15,0,0,Prem Nagar,Cloudy,562,46.1,Low
2025-08-30,21,15,5,1,Ballupur Chowk,Clear,593,44.4,Low
2025-03-23,19,45,6,1,Ballupur Chowk,Clear,980,39.7,Medium
2025-06-25,13,30,2,0,Rajpur Road,Clear,902,41.3,Medium
2025-07-13,14,30,6,1,Clock Tower,Fog,593,33.1,Medium
2025-02-09,7,0,6,1,Prem Nagar,Fog,290,45.6,Low
2025-06-15,12,30,6,1,Prem Nagar,Rain,473,46.8,Low
2025-07-29,14,0,1,0,ISBT,Clear,1018,37.0,Medium
2025-01-20,12,0,0,0,Rajpur Road,Fog,507,41.7,Low
2025-04-20,6,30,6,1,Rajpur Road,Fog,429,34.8,Medium
2025-08-03,12,45,6,1,Rajpur Road,Clear,427,48.8,Low
2025-05-15,14,30,3,0,Ballupur Chowk,Clear,1010,42.9,Medium
2025-09-28,13,30,6,1,Rajpur Road,Clear,773,44.9,Medium
2025-10-22,19,0,2,0,Ballupur Chowk,Fog,1088,33.5,High
2025-07-25,14,0,4,0,Prem Nagar,Cloudy,809,43.6,Medium
2025-03-30,22,30,6,1,Prem Nagar,Fog,310,42.8,Low
2025-05-19,16,30,0,0,Clock Tower,Cloudy,729,45.4,Medium
2025-06-18,20,15,2,0,Ballupur Chowk,Clear,664,49.5,Medium
2025-08-21,14,15,3,0,Clock Tower,Fog,828,33.2,Medium
2025-10-11,9,0,5,1,Ballupur Chowk,Rain,1040,31.0,Medium
2025-01-18,12,30,5,1,Rajpur Road,Clear,410,50.2,Low
2025-09-17,21,15,2,0,Prem Nagar,Fog,431,37.1,Low
2025-08-15,17,15,4,0,Dharampur Chowk,Cloudy,1225,35.7,High
2025-04-20,18,30,6,1,Ballupur Chowk,Fog,880,37.3,Medium
2025-01-08,14,0,2,0,Rajpur Road,Clear,953,41.3,Medium
2025-11-06,6,0,3,0,ISBT,Cloudy,698,41.0,Medium
2025-09-20,19,0,5,1,Rajpur Road,Cloudy,1227,39.2,High
2025-07-22,10,30,1,0,ISBT,Cloudy,685,47.4,Medium
2025-01-21,14,0,1,0,Dharampur Chowk,Cloudy,896,41.3,Medium
2025-04-30,8,0,2,0,Dharampur Chowk,Rain,1043,32.9,Medium
2025-08-19,20,15,1,0,Clock Tower,Rain,564,42.3,Low
2025-05-24,8,0,5,1,Clock Tower,Fog,855,36.8,Medium
2025-12-20,14,0,5,1,Prem Nagar,Cloudy,816,41.1,Medium
2025-03-23,14,30,6,1,Rajpur Road,Clear,629,40.0,Low
2025-01-31,21,30,4,0,Clock Tower,Cloudy,678,43.3,Medium
2025-03-15,14,45,5,1,Clock Tower,Fog,702,37.4,Medium
2025-03-19,18,30,2,0,Prem Nagar,Fog,703,31.5,Medium
2025-04-15,11,15,1,0,ISBT,Clear,730,45.0,Medium
2025-09-11,15,15,3,0,Rajpur Road,Rain,492,38.0,Low
2025-01-08,14,15,2,0,Rajpur Road,Fog,755,40.0,Medium
2025-02-21,9,0,4,0,Clock Tower,Cloudy,1404,32.4,High
2025-06-06,18,45,4,0,Clock Tower,Fog,1126,26.8,High
2025-04-21,7,45,0,0,Clock Tower,Cloudy,775,44.2,Medium
2025-10-07,18,45,1,0,Dharampur Chowk,Cloudy,1114,38.2,High
2025-01-29,10,0,2,0,Clock Tower,Rain,629,40.0,Low
2025-05-02,18,45,4,0,Dharampur Chowk,Cloudy,1233,33.7,High
2025-02-05,17,15,2,0,Ballupur Chowk,Clear,1397,33.1,High
2025-01-06,16,45,0,0,Ballupur Chowk,Rain,397,43.2,Low
2025-01-16,7,0,3,0,Ballupur Chowk,Cloudy,743,43.2,Medium
2025-03-11,16,0,1,0,Clock Tower,Fog,665,38.8,Medium
2025-04-21,20,0,0,0,Rajpur Road,Clear,612,45.9,Low
2025-12-02,20,15,1,0,Rajpur Road,Clear,579,45.9,Low
2025-02-25,12,45,1,0,Prem Nagar,Clear,463,50.0,Low
2025-09-18,21,0,3,0,Dharampur Chowk,Fog,373,38.4,Low
2025-09-11,10,15,3,0,Clock Tower,Clear,568,53.0,Low
2025-05-10,16,30,5,1,Dharampur Chowk,Fog,423,41.9,Low
2025-02-27,21,0,3,0,Prem Nagar,Cloudy,427,50.8,Low
2025-10-08,8,45,2,0,Clock Tower,Fog,1043,32.7,Medium
2025-05-12,15,15,0,0,Ballupur Chowk,Clear,555,47.6,Low
2025-03-16,13,30,6,1,ISBT,Cloudy,933,39.4,Medium
2025-04-05,17,15,5,1,Clock Tower,Fog,1013,27.9,Medium
2025-01-08,10,30,2,0,Rajpur Road,Cloudy,659,47.6,Medium
2025-10-28,14,0,1,0,Rajpur Road,Clear,826,40.7,Medium
2025-10-26,14,30,6,1,Dharampur Chowk,Fog,566,39.8,Low
2025-08-31,11,45,6,1,Prem Nagar,Clear,402,50.6,Low
2025-04-17,11,45,3,0,Dharampur Chowk,Rain,645,39.3,Low
2025-06-11,9,15,2,0,Rajpur Road,Fog,798,38.1,Medium
2025-07-29,8,45,1,0,Prem Nagar,Rain,1012,36.7,Medium
2025-10-13,6,15,0,0,ISBT,Rain,549,41.8,Low
2025-12-21,17,30,6,1,Clock Tower,Fog,865,36.6,Medium
2025-01-19,10,0,6,1,Clock Tower,Clear,451,47.7,Low
2025-06-13,8,15,4,0,Ballupur Chowk,Fog,933,34.1,Medium
2025-12-26,15,45,4,0,ISBT,Fog,536,39.9,Low
2025-10-12,19,45,6,1,Rajpur Road,Cloudy,1115,36.1,High
2025-08-26,18,0,1,0,Clock Tower,Rain,1313,31.1,High
2025-06-09,20,30,0,0,Clock Tower,Cloudy,611,53.0,Low
2025-08-13,8,0,2,0,Prem Nagar,Clear,1013,40.1,Medium
2025-09-09,15,15,1,0,Clock Tower,Fog,639,43.4,Low
2025-06-03,7,0,1,0,Ballupur Chowk,Cloudy,653,46.7,Medium
2025-07-21,10,15,0,0,ISBT,Cloudy,663,45.1,Medium
2025-05-23,14,45,4,0,ISBT,Fog,851,35.4,Medium
2025-01-21,22,15,1,0,Clock Tower,Cloudy,717,46.4,Medium
2025-10-21,22,45,1,0,ISBT,Rain,655,37.0,Medium
2025-08-10,11,15,6,1,Dharampur Chowk,Clear,401,47.6,Low
2025-03-28,8,15,4,0,Rajpur Road,Fog,913,37.1,Medium
2025-12-18,10,0,3,0,ISBT,Rain,543,41.2,Low
2025-01-01,12,15,2,0,Clock Tower,Clear,734,43.6,Medium
2025-01-11,6,45,5,1,Rajpur Road,Rain,484,42.7,Low
2025-07-26,20,15,5,1,Prem Nagar,Clear,434,48.1,Low
2025-11-10,6,0,0,0,Prem Nagar,Clear,540,42.7,Low
2025-03-04,14,0,1,0,Ballupur Chowk,Clear,942,42.4,Medium
2025-01-12,8,45,6,1,Prem Nagar,Cloudy,912,46.5,Medium
2025-05-01,10,45,3,0,Rajpur Road,Fog,436,45.2,Low
2025-10-25,20,0,5,1,Ballupur Chowk,Clear,485,52.1,Low
2025-10-05,16,30,6,1,Prem Nagar,Clear,479,45.4,Low
2025-10-08,19,45,2,0,ISBT,Fog,1230,29.3,High
2025-05-06,7,0,1,0,Clock Tower,Rain,642,40.2,Low
2025-12-17,13,15,2,0,Ballupur Chowk,Clear,947,45.6,Medium
2025-02-19,13,45,2,0,Clock Tower,Clear,1001,43.2,Medium
2025-09-25,8,30,3,0,Clock Tower,Rain,1166,38.3,High
2025-12-22,14,30,0,0,Prem Nagar,Cloudy,730,42.7,Medium
2025-10-21,15,15,1,0,Clock Tower,Cloudy,812,42.1,Medium
2025-11-22,14,0,5,1,Clock Tower,Rain,900,39.8,Medium
2025-04-15,16,15,1,0,ISBT,Fog,553,33.7,Medium
2025-07-30,6,45,2,0,ISBT,Fog,563,39.3,Low
2025-10-22,14,30,2,0,Prem Nagar,Rain,766,43.8,Medium
2025-07-27,19,45,6,1,Rajpur Road,Clear,1006,43.0,Medium
2025-02-18,7,15,1,0,ISBT,Clear,768,47.2,Medium
2025-03-13,8,15,3,0,Rajpur Road,Cloudy,1268,31.1,High
2025-09-20,20,30,5,1,Clock Tower,Cloudy,574,43.3,Low
2025-07-20,10,0,6,1,Prem Nagar,Rain,356,47.9,Low
2025-09-14,8,45,6,1,ISBT,Rain,1105,37.7,High
2025-03-11,20,15,1,0,ISBT,Cloudy,769,40.1,Medium
2025-07-30,15,15,2,0,Rajpur Road,Rain,324,45.8,Low
2025-08-21,6,0,3,0,ISBT,Clear,689,42.2,Medium
2025-03-23,9,15,6,1,Prem Nagar,Rain,609,39.1,Low
2025-02-24,9,45,0,0,Clock Tower,Cloudy,1366,37.5,High
2025-11-20,16,30,3,0,Prem Nagar,Clear,502,52.7,Low
2025-05-27,18,0,1,0,Clock Tower,Clear,1321,38.8,High
2025-08-26,11,15,1,0,Clock Tower,Rain,596,43.6,Low
2025-08-07,19,0,3,0,Clock Tower,Clear,1369,38.7,High
2025-03-07,13,15,4,0,Ballupur Chowk,Clear,995,38.7,Medium
2025-01-16,8,15,3,0,Rajpur Road,Cloudy,1227,36.8,High
2025-10-18,19,0,5,1,ISBT,Clear,1320,32.6,High
2025-03-06,6,30,3,0,Prem Nagar,Rain,436,45.0,Low
2025-01-06,21,45,0,0,Ballupur Chowk,Rain,573,45.9,Low
2025-04-25,14,30,4,0,Ballupur Chowk,Clear,1033,40.2,Medium
2025-06-06,11,15,4,0,Ballupur Chowk,Fog,524,40.4,Low
2025-04-23,15,45,2,0,Clock Tower,Clear,690,39.7,Medium
2025-11-15,8,30,5,1,Rajpur Road,Clear,970,36.7,Medium
2025-07-07,21,15,0,0,Dharampur Chowk,Rain,606,41.2,Low
2025-09-09,10,30,1,0,Rajpur Road,Rain,511,45.4,Low
2025-10-13,19,0,0,0,Ballupur Chowk,Fog,1115,27.7,High
2025-10-01,11,15,2,0,ISBT,Clear,701,44.0,Medium
2025-12-14,10,45,6,1,Dharampur Chowk,Cloudy,360,47.8,Low
2025-07-21,20,0,0,0,Prem Nagar,Fog,375,41.3,Low
2025-08-03,18,30,6,1,Dharampur Chowk,Fog,694,40.5,Medium
2025-03-20,10,30,3,0,Clock Tower,Fog,518,39.7,Low
2025-07-29,20,30,1,0,Prem Nagar,Rain,470,40.9,Low
2025-08-31,20,0,6,1,Dharampur Chowk,Cloudy,536,46.2,Low
2025-10-24,7,15,4,0,ISBT,Clear,635,47.6,Low
2025-01-19,19,0,6,1,Prem Nagar,Rain,914,39.1,Medium
2025-09-14,21,30,6,1,Rajpur Road,Cloudy,595,44.9,Low
2025-05-01,16,30,3,0,Rajpur Road,Rain,398,48.8,Low
2025-01-28,15,45,1,0,Dharampur Chowk,Fog,612,42.9,Low
2025-10-08,10,0,2,0,Rajpur Road,Clear,558,43.6,Low
2025-06-22,19,30,6,1,Prem Nagar,Rain,710,34.8,Medium
2025-03-25,17,30,1,0,Prem Nagar,Cloudy,1083,44.3,High
2025-01-09,18,30,3,0,ISBT,Clear,1496,34.5,High
2025-03-05,9,45,2,0,Rajpur Road,Clear,1280,35.5,High
2025-09-29,10,45,0,0,Rajpur Road,Clear,747,50.3,Medium
2025-12-09,19,15,1,0,ISBT,Cloudy,1572,30.8,High
2025-06-22,15,15,6,1,Dharampur Chowk,Clear,532,46.4,Low
2025-09-28,22,30,6,1,Prem Nagar,Fog,238,47.4,Low
2025-10-02,6,45,3,0,Ballupur Chowk,Rain,667,40.9,Medium
2025-01-10,17,0,4,0,Clock Tower,Clear,1302,32.7,High
2025-04-04,8,15,4,0,ISBT,Rain,1280,30.2,High
2025-04-11,14,0,4,0,Dharampur Chowk,Cloudy,875,45.6,Medium
2025-05-07,6,0,2,0,Dharampur Chowk,Fog,507,43.9,Low
2025-01-27,15,45,0,0,Clock Tower,Cloudy,611,45.2,Low
2025-09-12,10,0,4,0,Dharampur Chowk,Fog,509,41.1,Low
2025-01-28,7,15,1,0,Rajpur Road,Clear,707,46.2,Medium
2025-12-24,12,0,2,0,Prem Nagar,Fog,537,40.9,Low
2025-10-09,7,0,3,0,Clock Tower,Rain,677,39.4,Medium
2025-01-17,6,15,4,0,ISBT,Fog,566,41.6,Low
2025-03-01,13,0,5,1,Dharampur Chowk,Fog,713,39.0,Medium
2025-02-20,20,45,3,0,Clock Tower,Clear,651,49.8,Medium
2025-11-19,18,15,2,0,ISBT,Clear,1332,31.7,High
2025-09-17,14,0,2,0,Prem Nagar,Rain,727,39.7,Medium
2025-11-22,20,30,5,1,ISBT,Clear,649,45.9,Low
2025-11-18,9,0,1,0,Rajpur Road,Fog,981,30.5,Medium
2025-06-24,13,30,1,0,Prem Nagar,Cloudy,830,46.1,Medium
2025-12-28,9,0,6,1,Ballupur Chowk,Cloudy,1228,43.5,High
2025-10-13,22,45,0,0,Prem Nagar,Clear,507,48.6,Low
2025-08-30,10,45,5,1,Prem Nagar,Clear,292,49.2,Low
2025-04-27,20,0,6,1,Ballupur Chowk,Clear,523,50.7,Low
2025-08-07,6,0,3,0,Prem Nagar,Fog,341,44.5,Low
2025-03-21,10,15,4,0,Dharampur Chowk,Fog,448,40.1,Low
2025-05-09,21,45,4,0,Clock Tower,Cloudy,710,43.7,Medium
2025-09-06,16,15,5,1,Clock Tower,Fog,413,36.0,Low
2025-08-03,9,0,6,1,Rajpur Road,Rain,875,36.1,Medium
2025-10-08,6,30,2,0,ISBT,Fog,524,40.8,Low
2025-09-14,7,0,6,1,Rajpur Road,Rain,500,43.6,Low
2025-12-09,15,15,1,0,Rajpur Road,Cloudy,693,46.8,Medium
2025-07-22,11,15,1,0,Clock Tower,Fog,502,38.4,Low
2025-10-27,7,45,0,0,Prem Nagar,Fog,415,42.8,Low
2025-10-10,17,45,4,0,ISBT,Fog,1318,31.7,High
2025-12-08,21,0,0,0,Ballupur Chowk,Fog,463,40.1,Low
2025-12-16,17,0,1,0,Ballupur Chowk,Clear,1405,38.1,High
2025-05-06,17,15,1,0,Clock Tower,Rain,1338,30.7,High
2025-01-29,9,45,2,0,ISBT,Cloudy,1384,32.2,High
2025-07-18,8,0,4,0,Ballupur Chowk,Clear,1289,37.6,High
2025-04-22,12,30,1,0,Clock Tower,Rain,504,42.9,Low
2025-03-22,15,15,5,1,Dharampur Chowk,Clear,527,44.0,Low
2025-11-14,13,15,4,0,ISBT,Rain,1063,33.7,High
2025-09-15,8,15,0,0,Clock Tower,Clear,1416,33.2,High
2025-06-04,9,45,2,0,Prem Nagar,Clear,892,40.9,Medium
2025-01-08,16,15,2,0,Clock Tower,Cloudy,683,44.1,Medium
2025-02-21,17,0,4,0,Ballupur Chowk,Fog,1064,32.8,High
2025-07-06,18,30,6,1,Ballupur Chowk,Cloudy,1192,37.8,High
2025-04-29,16,15,1,0,ISBT,Clear,570,48.0,Low
2025-02-17,6,30,0,0,Clock Tower,Clear,650,50.5,Medium
2025-05-22,21,45,3,0,ISBT,Cloudy,667,40.0,Medium
2025-09-09,22,45,1,0,Clock Tower,Rain,641,41.9,Low
2025-08-30,13,30,5,1,ISBT,Clear,840,38.4,Medium
2025-03-12,8,45,2,0,Ballupur Chowk,Rain,1263,36.2,High
2025-02-20,10,15,3,0,Prem Nagar,Rain,239,45.2,Low
2025-10-16,21,0,3,0,ISBT,Rain,769,37.6,Medium
2025-05-13,10,45,1,0,Dharampur Chowk,Clear,521,46.7,Low
2025-12-10,20,15,2,0,Rajpur Road,Fog,378,36.5,Low
2025-01-10,10,30,4,0,ISBT,Fog,649,32.2,Medium
2025-07-09,14,45,2,0,Ballupur Chowk,Fog,797,38.3,Medium
2025-03-14,7,30,4,0,Clock Tower,Fog,410,38.4,Low
2025-02-22,6,45,5,1,Rajpur Road,Clear,594,48.1,Low
2025-09-14,20,0,6,1,ISBT,Fog,431,44.4,Low
2025-05-15,21,15,3,0,Ballupur Chowk,Clear,730,45.4,Medium
2025-04-21,9,45,0,0,ISBT,Rain,1200,31.6,High
2025-04-27,22,0,6,1,Rajpur Road,Fog,420,40.4,Low
2025-06-01,8,30,6,1,Prem Nagar,Rain,820,33.7,Medium
2025-12-28,20,15,6,1,Ballupur Chowk,Clear,419,49.6,Low
2025-03-24,11,30,0,0,ISBT,Fog,526,37.6,Low
2025-12-17,22,45,2,0,Rajpur Road,Fog,326,42.4,Low
2025-04-06,22,30,6,1,Clock Tower,Fog,443,42.6,Low
2025-08-02,19,30,5,1,Rajpur Road,Clear,1066,39.4,High
2025-08-17,18,15,6,1,Rajpur Road,Fog,942,29.6,Medium
2025-02-04,12,30,1,0,Rajpur Road,Fog,510,34.7,Medium
2025-09-01,19,15,0,0,ISBT,Cloudy,1516,29.7,High
2025-04-22,22,45,1,0,Dharampur Chowk,Fog,511,39.5,Low
2025-11-07,7,45,4,0,Dharampur Chowk,Clear,559,43.7,Low
2025-05-15,22,45,3,0,Prem Nagar,Cloudy,487,45.8,Low
2025-04-01,7,30,1,0,ISBT,Cloudy,772,41.0,Medium
2025-05-13,6,30,1,0,Clock Tower,Cloudy,797,38.6,Medium
2025-08-31,12,45,6,1,Dharampur Chowk,Clear,412,54.1,Low
2025-06-17,20,45,1,0,ISBT,Clear,672,41.5,Medium
2025-06-10,12,30,1,0,Ballupur Chowk,Fog,524,38.1,Low
2025-01-30,21,45,3,0,Ballupur Chowk,Rain,503,39.5,Low
2025-06-26,14,15,3,0,Ballupur Chowk,Clear,1193,37.2,High
2025-10-28,6,15,1,0,Prem Nagar,Rain,284,50.4,Low
2025-03-17,11,45,0,0,Rajpur Road,Fog,516,37.3,Low
2025-03-08,20,15,5,1,Rajpur Road,Clear,422,51.0,Low
2025-12-28,11,15,6,1,Dharampur Chowk,Cloudy,480,42.4,Low
2025-09-04,9,0,3,0,Clock Tower,Fog,1195,28.6,High
2025-07-09,21,45,2,0,Prem Nagar,Clear,607,50.2,Low
2025-09-09,9,45,1,0,Rajpur Road,Clear,1089,42.5,High
2025-05-31,11,30,5,1,Clock Tower,Rain,451,38.0,Low
2025-05-18,18,15,6,1,Clock Tower,Rain,1040,36.3,Medium
2025-03-31,9,45,0,0,Prem Nagar,Clear,937,40.7,Medium
2025-04-17,11,15,3,0,Clock Tower,Cloudy,782,44.1,Medium
2025-07-31,6,0,3,0,ISBT,Cloudy,674,47.5,Medium
2025-12-14,18,30,6,1,Ballupur Chowk,Clear,1165,30.8,High
2025-02-01,19,0,5,1,Clock Tower,Fog,988,34.1,Medium
2025-08-26,6,15,1,0,Clock Tower,Fog,528,42.1,Low
2025-04-10,20,0,3,0,ISBT,Clear,653,46.7,Medium
2025-01-17,15,15,4,0,Rajpur Road,Cloudy,488,49.2,Low
2025-07-31,20,15,3,0,ISBT,Rain,792,35.7,Medium
2025-07-12,13,0,5,1,Ballupur Chowk,Cloudy,806,41.4,Medium
2025-10-16,14,45,3,0,Ballupur Chowk,Cloudy,1030,37.1,Medium
2025-10-12,6,15,6,1,Prem Nagar,Clear,448,51.1,Low
2025-07-23,16,30,2,0,Clock Tower,Cloudy,733,39.2,Medium
2025-06-29,16,0,6,1,Dharampur Chowk,Cloudy,579,49.5,Low
2025-11-06,13,15,3,0,Ballupur Chowk,Cloudy,1086,40.6,High
2025-09-10,11,0,2,0,Rajpur Road,Clear,602,49.5,Low
2025-07-18,13,30,4,0,Dharampur Chowk,Clear,1013,37.7,Medium
2025-06-02,19,0,0,0,Rajpur Road,Fog,1084,31.3,High
2025-08-03,20,45,6,1,Dharampur Chowk,Rain,418,39.4,Low
2025-03-29,20,15,5,1,Prem Nagar,Rain,350,42.0,Low
2025-07-02,12,45,2,0,ISBT,Rain,599,38.1,Low
2025-01-12,20,0,6,1,Prem Nagar,Fog,295,41.6,Low
2025-06-04,6,45,2,0,Dharampur Chowk,Fog,456,35.6,Low
2025-07-06,19,0,6,1,Rajpur Road,Clear,945,42.6,Medium
2025-10-07,6,0,1,0,Prem Nagar,Cloudy,448,51.8,Low
2025-11-01,7,15,5,1,Rajpur Road,Clear,515,49.5,Low
2025-07-10,15,15,3,0,Prem Nagar,Clear,600,45.5,Low
2025-05-24,14,0,5,1,Prem Nagar,Cloudy,621,48.7,Low
2025-03-30,11,30,6,1,Rajpur Road,Cloudy,562,46.4,Low
2025-04-16,11,0,2,0,Rajpur Road,Cloudy,725,44.0,Medium
2025-07-03,8,0,3,0,Rajpur Road,Rain,1055,35.0,High
2025-11-30,16,30,6,1,Clock Tower,Clear,484,48.3,Low
2025-11-13,13,30,3,0,ISBT,Rain,1087,35.8,High
2025-12-16,7,15,1,0,Ballupur Chowk,Rain,572,41.3,Low
2025-12-22,12,15,0,0,Rajpur Road,Cloudy,640,48.1,Low
2025-03-25,15,15,1,0,Ballupur Chowk,Cloudy,714,43.8,Medium
2025-10-31,19,15,4,0,Clock Tower,Clear,1429,36.0,High
2025-06-27,13,0,4,0,Rajpur Road,Rain,726,40.1,Medium
2025-05-19,8,15,0,0,Prem Nagar,Clear,802,45.0,Medium
2025-08-16,16,45,5,1,ISBT,Cloudy,683,47.5,Medium
2025-01-29,9,15,2,0,Rajpur Road,Fog,904,35.0,Medium
2025-07-25,12,0,4,0,Ballupur Chowk,Fog,620,42.4,Low
2025-06-08,17,30,6,1,Rajpur Road,Clear,1058,40.3,High
2025-01-08,18,15,2,0,Prem Nagar,Rain,1024,30.9,Medium
2025-11-25,8,15,1,0,Ballupur Chowk,Rain,1114,38.1,High
2025-11-15,9,15,5,1,Rajpur Road,Fog,873,35.6,Medium
2025-08-17,8,15,6,1,Clock Tower,Fog,774,35.8,Medium
2025-07-10,13,45,3,0,Rajpur Road,Fog,670,38.4,Medium
2025-05-21,21,30,2,0,Rajpur Road,Fog,403,38.2,Low
2025-05-09,18,0,4,0,Rajpur Road,Clear,1082,43.2,High
2025-11-14,19,0,4,0,Ballupur Chowk,Cloudy,1387,35.7,High
2025-01-14,6,15,1,0,Dharampur Chowk,Rain,504,39.6,Low
2025-06-11,10,30,2,0,Clock Tower,Cloudy,590,43.6,Low
2025-03-27,9,0,3,0,ISBT,Cloudy,1426,35.7,High
2025-06-19,17,0,3,0,ISBT,Clear,1444,39.6,High
2025-05-19,12,15,0,0,Clock Tower,Clear,740,46.9,Medium
2025-06-03,13,0,1,0,Prem Nagar,Fog,588,43.1,Low
2025-09-06,20,15,5,1,ISBT,Fog,463,40.3,Low
2025-11-06,10,30,3,0,Dharampur Chowk,Rain,518,44.7,Low
2025-03-09,10,0,6,1,Prem Nagar,Cloudy,486,46.6,Low
2025-12-29,14,30,0,0,Dharampur Chowk,Clear,816,45.3,Medium
2025-10-30,11,0,3,0,ISBT,Fog,622,36.9,Low
2025-09-10,7,45,2,0,Ballupur Chowk,Fog,380,40.9,Low
2025-10-22,12,15,2,0,Rajpur Road,Cloudy,664,50.9,Medium
2025-10-29,19,30,2,0,Clock Tower,Rain,1167,32.0,High
2025-11-13,7,15,3,0,ISBT,Fog,534,43.4,Low
2025-10-05,15,45,6,1,ISBT,Clear,598,43.7,Low
2025-09-24,16,30,2,0,Dharampur Chowk,Cloudy,633,44.7,Low
2025-10-05,11,30,6,1,Dharampur Chowk,Fog,283,40.3,Low
2025-12-30,21,15,1,0,Ballupur Chowk,Cloudy,804,44.7,Medium
2025-01-10,22,30,4,0,Ballupur Chowk,Fog,515,38.9,Low
2025-03-06,11,30,3,0,ISBT,Cloudy,765,44.9,Medium
2025-11-23,16,30,6,1,Clock Tower,Fog,470,40.6,Low
2025-03-28,11,15,4,0,Rajpur Road,Rain,596,41.6,Low
2025-01-05,9,15,6,1,ISBT,Fog,883,32.5,Medium
2025-03-28,15,45,4,0,Rajpur Road,Fog,309,48.7,Low
2025-04-07,14,15,0,0,Dharampur Chowk,Clear,928,39.3,Medium
2025-02-16,11,15,6,1,Rajpur Road,Rain,424,42.0,Low
2025-02-14,15,15,4,0,Prem Nagar,Clear,610,42.0,Low
2025-01-07,19,45,1,0,Rajpur Road,Fog,1007,32.3,Medium
2025-01-21,10,45,1,0,Ballupur Chowk,Clear,699,44.7,Medium
2025-05-15,16,0,3,0,Prem Nagar,Rain,298,45.0,Low
2025-08-09,12,15,5,1,Clock Tower,Fog,369,42.0,Low
2025-05-26,7,0,0,0,Dharampur Chowk,Cloudy,703,39.7,Medium
2025-11-11,8,0,1,0,Dharampur Chowk,Clear,1057,38.2,High
2025-10-22,13,15,2,0,ISBT,Cloudy,1107,41.4,High
2025-10-03,11,15,4,0,Rajpur Road,Rain,512,43.9,Low
2025-08-26,8,0,1,0,Prem Nagar,Cloudy,973,41.8,Medium
2025-07-15,6,0,1,0,Ballupur Chowk,Clear,695,42.9,Medium
2025-09-28,10,45,6,1,Ballupur Chowk,Clear,601,46.6,Low
2025-06-14,18,30,5,1,Ballupur Chowk,Clear,1232,36.8,High
2025-12-17,19,0,2,0,Ballupur Chowk,Fog,1112,31.0,High
2025-03-08,18,30,5,1,Rajpur Road,Rain,947,37.2,Medium
2025-01-06,6,30,0,0,Rajpur Road,Fog,510,36.0,Low
2025-03-30,12,30,6,1,Ballupur Chowk,Clear,653,40.1,Medium
2025-08-16,19,15,5,1,Rajpur Road,Clear,1006,40.3,Medium
2025-04-16,12,45,2,0,Clock Tower,Clear,691,49.9,Medium
2025-11-26,14,30,2,0,Dharampur Chowk,Clear,710,43.3,Medium
2025-08-11,15,15,0,0,Rajpur Road,Clear,414,49.2,Low
2025-07-19,17,30,5,1,ISBT,Clear,1303,41.2,High
2025-04-11,20,15,4,0,Ballupur Chowk,Fog,516,42.8,Low
2025-12-04,18,30,3,0,Ballupur Chowk,Fog,1128,29.6,High
2025-01-17,19,15,4,0,ISBT,Rain,1244,33.1,High
2025-04-03,7,30,3,0,Ballupur Chowk,Clear,514,51.5,Low
2025-08-31,16,30,6,1,Clock Tower,Fog,434,44.4,Low
2025-01-11,8,45,5,1,Prem Nagar,Cloudy,831,43.9,Medium
2025-03-30,15,15,6,1,Clock Tower,Cloudy,604,46.2,Low
2025-05-27,13,45,1,0,ISBT,Rain,940,37.7,Medium
2025-05-17,8,45,5,1,Rajpur Road,Cloudy,970,37.5,Medium
2025-05-18,17,45,6,1,ISBT,Cloudy,1445,36.5,High
2025-09-14,18,30,6,1,Ballupur Chowk,Clear,1154,43.5,High
2025-03-26,17,30,2,0,Prem Nagar,Rain,914,40.9,Medium
2025-04-26,18,15,5,1,Ballupur Chowk,Clear,1163,35.3,High
2025-05-24,20,15,5,1,Rajpur Road,Fog,545,42.2,Low
2025-12-28,14,0,6,1,Dharampur Chowk,Clear,720,46.9,Medium
2025-01-02,16,15,3,0,Prem Nagar,Rain,406,46.7,Low
2025-11-17,16,45,0,0,Dharampur Chowk,Rain,313,42.5,Low
2025-03-31,8,45,0,0,Dharampur Chowk,Rain,1087,33.7,High
2025-05-01,16,0,3,0,Clock Tower,Cloudy,707,40.9,Medium
2025-09-02,8,30,1,0,Dharampur Chowk,Fog,1044,35.7,Medium
2025-01-26,15,45,6,1,Dharampur Chowk,Fog,365,40.6,Low
2025-02-18,15,15,1,0,Ballupur Chowk,Rain,652,46.6,Medium
2025-05-22,12,45,3,0,Clock Tower,Fog,602,44.9,Low
2025-07-12,8,45,5,1,Dharampur Chowk,Rain,783,36.4,Medium
2025-08-01,14,45,4,0,Ballupur Chowk,Cloudy,925,43.1,Medium
2025-12-14,18,15,6,1,Ballupur Chowk,Clear,1163,37.9,High
2025-07-08,15,0,1,0,Prem Nagar,Rain,503,46.5,Low
2025-09-22,7,0,0,0,Rajpur Road,Fog,345,40.3,Low
2025-09-01,11,0,0,0,Clock Tower,Rain,657,39.2,Medium
2025-06-21,7,45,5,1,Dharampur Chowk,Fog,317,45.5,Low
2025-01-11,15,15,5,1,ISBT,Fog,377,40.7,Low
2025-08-08,7,30,4,0,Clock Tower,Cloudy,717,43.0,Medium
2025-12-28,13,45,6,1,ISBT,Fog,799,33.9,Medium
2025-10-31,22,15,4,0,Rajpur Road,Clear,697,44.7,Medium
2025-07-22,21,45,1,0,Dharampur Chowk,Cloudy,642,48.1,Low
2025-01-12,18,45,6,1,Dharampur Chowk,Clear,966,35.0,Medium
2025-10-08,10,15,2,0,Dharampur Chowk,Cloudy,617,46.4,Low
2025-08-04,19,45,0,0,Prem Nagar,Rain,980,35.3,Medium
2025-02-11,6,45,1,0,Prem Nagar,Fog,355,48.0,Low
2025-06-18,12,30,2,0,Dharampur Chowk,Clear,442,50.9,Low
2025-07-18,21,15,4,0,Prem Nagar,Fog,344,41.1,Low
2025-04-15,15,15,1,0,Dharampur Chowk,Fog,423,38.5,Low
2025-07-24,6,30,3,0,Dharampur Chowk,Rain,550,46.3,Low
2025-01-12,15,15,6,1,Rajpur Road,Clear,534,47.7,Low
2025-12-22,20,0,0,0,ISBT,Fog,486,41.6,Low
2025-12-25,8,45,3,0,Dharampur Chowk,Fog,1069,30.6,High
2025-01-16,19,45,3,0,Rajpur Road,Cloudy,1280,35.0,High
2025-02-01,8,45,5,1,Rajpur Road,Clear,955,33.1,Medium
2025-08-31,12,15,6,1,Prem Nagar,Clear,446,46.1,Low
2025-12-11,11,45,3,0,Clock Tower,Cloudy,562,49.2,Low
2025-08-03,16,15,6,1,Rajpur Road,Fog,311,41.5,Low
2025-02-16,20,0,6,1,Prem Nagar,Fog,448,36.4,Low
2025-06-07,14,15,5,1,Ballupur Chowk,Rain,620,42.0,Low
2025-03-22,6,15,5,1,Dharampur Chowk,Cloudy,592,41.8,Low
2025-02-14,13,30,4,0,ISBT,Clear,1116,40.8,High
2025-02-27,15,30,3,0,Prem Nagar,Fog,225,46.2,Low
2025-08-19,6,45,1,0,Prem Nagar,Cloudy,582,45.8,Low
2025-02-02,16,45,6,1,Rajpur Road,Clear,597,49.9,Low
2025-07-08,14,15,1,0,ISBT,Cloudy,1146,37.3,High
2025-10-15,22,30,2,0,Dharampur Chowk,Cloudy,510,47.6,Low
2025-01-28,10,0,1,0,Ballupur Chowk,Clear,679,44.3,Medium
2025-08-01,21,0,4,0,Ballupur Chowk,Fog,331,46.1,Low
2025-11-25,14,15,1,0,Dharampur Chowk,Clear,874,41.4,Medium
2025-06-25,22,0,2,0,Clock Tower,Fog,595,43.1,Low
2025-11-30,14,15,6,1,Dharampur Chowk,Clear,506,49.1,Low
2025-06-18,6,15,2,0,Ballupur Chowk,Clear,519,49.1,Low
2025-02-28,21,0,4,0,Prem Nagar,Cloudy,522,49.5,Low
2025-07-31,15,0,3,0,Ballupur Chowk,Clear,593,40.9,Low
2025-04-15,6,0,1,0,Prem Nagar,Clear,451,49.8,Low
2025-08-21,11,45,3,0,Rajpur Road,Cloudy,695,41.6,Medium
2025-11-04,19,15,1,0,Dharampur Chowk,Rain,1158,31.5,High
2025-06-03,22,30,1,0,Clock Tower,Clear,687,43.7,Medium
2025-08-23,10,30,5,1,Prem Nagar,Cloudy,449,51.3,Low
2025-11-25,20,30,1,0,Clock Tower,Clear,559,45.0,Low
2025-08-03,6,45,6,1,Prem Nagar,Clear,429,56.1,Low
2025-11-04,18,0,1,0,Rajpur Road,Fog,929,39.8,Medium
2025-07-27,18,15,6,1,Clock Tower,Clear,1353,35.4,High
2025-09-29,10,0,0,0,Rajpur Road,Clear,561,44.9,Low
2025-08-22,7,15,4,0,Ballupur Chowk,Cloudy,659,41.4,Medium
2025-12-11,14,30,3,0,ISBT,Cloudy,1131,43.3,High
2025-06-16,18,15,0,0,Dharampur Chowk,Rain,1027,34.6,Medium
2025-06-21,22,45,5,1,Clock Tower,Clear,423,50.1,Low
2025-04-02,6,30,2,0,Dharampur Chowk,Cloudy,609,46.5,Low
2025-06-02,11,30,0,0,Rajpur Road,Fog,450,39.7,Low
2025-11-02,6,0,6,1,Rajpur Road,Cloudy,562,46.9,Low
2025-08-23,17,15,5,1,Clock Tower,Cloudy,1278,37.4,High
2025-10-10,14,45,4,0,Ballupur Chowk,Clear,1061,41.9,High
2025-05-08,18,45,3,0,Clock Tower,Cloudy,1489,38.3,High
2025-05-31,13,45,5,1,ISBT,Cloudy,1000,44.6,Medium
2025-12-20,15,0,5,1,ISBT,Rain,589,36.1,Low
2025-04-24,19,30,3,0,Prem Nagar,Clear,1144,39.1,High
2025-12-25,20,30,3,0,ISBT,Clear,702,45.8,Medium
2025-05-05,18,30,0,0,Prem Nagar,Cloudy,1064,40.5,High
2025-03-02,17,45,6,1,Ballupur Chowk,Cloudy,1159,42.3,High
2025-09-23,17,30,1,0,Dharampur Chowk,Fog,947,32.3,Medium
2025-07-30,10,15,2,0,Rajpur Road,Cloudy,540,48.1,Low
2025-08-08,7,45,4,0,Ballupur Chowk,Fog,521,40.7,Low
2025-11-06,22,45,3,0,ISBT,Clear,624,41.3,Low
2025-03-08,17,30,5,1,Prem Nagar,Fog,757,40.6,Medium
2025-12-08,11,15,0,0,Dharampur Chowk,Clear,478,52.9,Low
2025-05-12,11,45,0,0,Rajpur Road,Cloudy,636,45.9,Low
2025-07-30,10,0,2,0,Ballupur Chowk,Fog,475,36.1,Low
2025-07-23,8,45,2,0,Prem Nagar,Fog,859,32.4,Medium
2025-04-01,12,30,1,0,Ballupur Chowk,Cloudy,603,49.4,Low
2025-10-29,13,15,2,0,ISBT,Fog,716,32.2,Medium
2025-07-24,22,45,3,0,Dharampur Chowk,Fog,447,41.5,Low
2025-08-19,11,30,1,0,Ballupur Chowk,Clear,672,44.5,Medium
2025-06-04,9,15,2,0,ISBT,Cloudy,1686,30.2,High
2025-01-26,22,30,6,1,Prem Nagar,Cloudy,416,46.7,Low
2025-02-18,16,15,1,0,Prem Nagar,Cloudy,521,49.4,Low
2025-11-03,8,15,0,0,Rajpur Road,Fog,1032,27.8,Medium
2025-01-06,6,0,0,0,Clock Tower,Rain,572,43.2,Low
2025-06-02,7,45,0,0,Ballupur Chowk,Cloudy,712,44.8,Medium
2025-11-12,8,30,2,0,Dharampur Chowk,Cloudy,1220,35.1,High
2025-01-18,15,0,5,1,Rajpur Road,Rain,572,44.8,Low
2025-03-02,6,15,6,1,Prem Nagar,Fog,223,40.6,Low
2025-06-14,10,45,5,1,Rajpur Road,Clear,413,51.1,Low
2025-10-30,19,30,3,0,Dharampur Chowk,Fog,854,33.8,Medium
2025-06-02,11,15,0,0,ISBT,Clear,743,44.2,Medium
2025-06-18,10,0,2,0,Prem Nagar,Cloudy,532,44.2,Low
2025-04-30,16,15,2,0,Clock Tower,Fog,574,37.0,Low
2025-08-07,19,0,3,0,Prem Nagar,Rain,910,37.7,Medium
2025-10-14,18,15,1,0,Prem Nagar,Clear,1048,40.1,Medium
2025-11-29,17,45,5,1,Prem Nagar,Cloudy,868,41.7,Medium
2025-01-03,8,45,4,0,Dharampur Chowk,Rain,1009,31.5,Medium
2025-05-06,6,45,1,0,Prem Nagar,Fog,352,43.1,Low
2025-07-29,9,45,1,0,Prem Nagar,Rain,775,42.4,Medium
2025-09-03,10,30,2,0,Clock Tower,Rain,693,36.4,Medium
2025-05-07,15,45,2,0,ISBT,Clear,815,42.9,Medium
2025-12-30,11,30,1,0,Rajpur Road,Clear,618,44.7,Low
2025-12-03,12,45,2,0,Dharampur Chowk,Rain,578,43.0,Low
2025-07-27,9,0,6,1,Clock Tower,Fog,829,31.7,Medium
2025-09-08,21,15,0,0,Dharampur Chowk,Cloudy,471,48.8,Low
2025-02-07,21,30,4,0,Clock Tower,Cloudy,736,46.4,Medium
2025-08-03,8,15,6,1,Clock Tower,Cloudy,1165,34.9,High
2025-12-22,16,0,0,0,Prem Nagar,Cloudy,457,51.9,Low
2025-09-22,21,15,0,0,Rajpur Road,Fog,429,41.3,Low
2025-01-21,12,30,1,0,Dharampur Chowk,Cloudy,502,48.8,Low
2025-05-31,15,30,5,1,Ballupur Chowk,Rain,448,46.7,Low
2025-10-09,6,30,3,0,Ballupur Chowk,Fog,568,37.4,Low
2025-01-14,20,45,1,0,Rajpur Road,Cloudy,604,44.7,Low
2025-06-11,8,0,2,0,Dharampur Chowk,Fog,783,33.2,Medium
2025-07-31,16,0,3,0,Prem Nagar,Clear,503,48.8,Low
2025-08-30,7,30,5,1,Clock Tower,Fog,459,39.5,Low
2025-12-22,13,15,0,0,Prem Nagar,Rain,747,39.5,Medium
2025-02-10,14,30,0,0,Ballupur Chowk,Cloudy,1076,34.3,High
2025-05-11,7,0,6,1,Prem Nagar,Rain,100,49.4,Low
2025-09-18,6,30,3,0,ISBT,Clear,592,45.9,Low
2025-02-18,16,45,1,0,ISBT,Rain,612,46.0,Low
2025-11-14,18,30,4,0,Rajpur Road,Clear,1279,37.2,High
2025-07-23,7,45,2,0,Ballupur Chowk,Clear,700,46.1,Medium
2025-01-26,15,0,6,1,Prem Nagar,Cloudy,398,52.5,Low
2025-01-07,15,30,1,0,ISBT,Clear,618,47.1,Low
2025-10-04,14,0,5,1,Rajpur Road,Cloudy,676,46.0,Medium
2025-04-02,8,0,2,0,Dharampur Chowk,Cloudy,1192,43.0,High
2025-10-29,18,45,2,0,Rajpur Road,Clear,1122,37.2,High
2025-05-03,22,30,5,1,Prem Nagar,Fog,397,42.3,Low
2025-12-17,14,0,2,0,Dharampur Chowk,Fog,702,34.1,Medium
2025-10-01,6,15,2,0,Ballupur Chowk,Rain,523,46.3,Low
2025-03-22,16,0,5,1,Ballupur Chowk,Rain,480,44.3,Low
2025-12-21,19,15,6,1,Rajpur Road,Cloudy,1104,35.7,High
2025-06-25,19,15,2,0,Rajpur Road,Clear,1322,37.6,High
2025-04-08,20,30,1,0,ISBT,Clear,891,39.2,Medium
2025-09-15,22,0,0,0,Ballupur Chowk,Fog,572,34.9,Medium
2025-01-22,22,45,2,0,Clock Tower,Cloudy,703,47.9,Medium
2025-01-22,9,0,2,0,Prem Nagar,Rain,711,39.2,Medium
2025-04-24,8,0,3,0,Rajpur Road,Cloudy,1183,36.0,High
2025-07-19,18,0,5,1,Clock Tower,Rain,1104,37.6,High
2025-10-03,14,30,4,0,Prem Nagar,Clear,736,45.1,Medium
2025-06-25,11,45,2,0,Rajpur Road,Cloudy,623,46.1,Low
2025-12-03,9,0,2,0,Prem Nagar,Fog,692,40.4,Medium
2025-01-17,15,45,4,0,Dharampur Chowk,Cloudy,612,47.4,Low
2025-03-17,6,30,0,0,Rajpur Road,Fog,403,39.9,Low
2025-12-14,6,45,6,1,Ballupur Chowk,Rain,470,38.7,Low
2025-07-06,14,30,6,1,Ballupur Chowk,Clear,690,43.3,Medium
2025-09-30,10,15,1,0,Clock Tower,Fog,568,36.9,Low
2025-02-02,15,45,6,1,Dharampur Chowk,Clear,395,46.9,Low
2025-11-13,16,15,3,0,Prem Nagar,Rain,402,43.2,Low
2025-08-04,21,45,0,0,Ballupur Chowk,Cloudy,838,46.2,Medium
2025-07-28,11,15,0,0,ISBT,Fog,647,41.3,Low
2025-01-02,17,15,3,0,Clock Tower,Cloudy,1394,31.4,High
2025-07-16,8,30,2,0,Clock Tower,Cloudy,1293,40.5,High
2025-07-11,21,45,4,0,Clock Tower,Cloudy,647,42.0,Low
2025-07-18,22,45,4,0,Clock Tower,Rain,557,41.3,Low
2025-01-27,18,15,0,0,Clock Tower,Fog,1144,31.4,High
2025-07-22,13,45,1,0,Clock Tower,Rain,841,40.0,Medium
2025-01-23,10,0,3,0,Dharampur Chowk,Fog,397,40.9,Low
2025-05-17,6,0,5,1,Clock Tower,Cloudy,642,43.9,Low
2025-10-28,7,0,1,0,Rajpur Road,Clear,539,49.1,Low
2025-05-02,6,15,4,0,ISBT,Cloudy,673,44.2,Medium
2025-01-12,14,30,6,1,Rajpur Road,Cloudy,845,49.1,Medium
2025-08-24,17,45,6,1,Dharampur Chowk,Rain,963,37.7,Medium
2025-04-29,9,15,1,0,Ballupur Chowk,Clear,1309,33.1,High
2025-01-26,19,0,6,1,Rajpur Road,Fog,857,34.7,Medium
2025-06-28,21,30,5,1,Dharampur Chowk,Rain,454,43.9,Low
2025-05-12,14,15,0,0,Clock Tower,Rain,938,35.7,Medium
2025-05-27,15,30,1,0,ISBT,Cloudy,746,40.7,Medium
2025-09-21,8,0,6,1,Prem Nagar,Clear,803,47.7,Medium
2025-11-19,9,45,2,0,ISBT,Rain,1297,31.4,High
2025-09-29,12,30,0,0,ISBT,Rain,787,34.7,Medium
2025-07-23,18,15,2,0,Rajpur Road,Rain,1034,40.4,Medium
2025-03-18,9,45,1,0,Prem Nagar,Fog,783,35.1,Medium
2025-01-27,16,45,0,0,Ballupur Chowk,Clear,537,48.7,Low
2025-05-01,19,0,3,0,Ballupur Chowk,Cloudy,1463,30.8,High
2025-06-08,19,0,6,1,Ballupur Chowk,Clear,1137,37.8,High
2025-06-01,20,15,6,1,Ballupur Chowk,Fog,451,37.2,Low
2025-01-09,10,15,3,0,ISBT,Clear,807,46.2,Medium
2025-07-07,22,30,0,0,Clock Tower,Clear,629,45.4,Low
2025-07-11,12,0,4,0,Clock Tower,Fog,515,37.3,Low
2025-04-28,8,45,0,0,Ballupur Chowk,Clear,1232,36.6,High
2025-06-11,19,0,2,0,ISBT,Fog,1335,30.8,High
2025-10-20,7,30,0,0,Rajpur Road,Cloudy,689,46.3,Medium
2025-05-11,15,0,6,1,Rajpur Road,Cloudy,432,48.7,Low
2025-10-30,16,30,3,0,Ballupur Chowk,Rain,648,37.0,Low
2025-01-29,18,30,2,0,Dharampur Chowk,Rain,1127,40.9,High
2025-04-20,9,30,6,1,Dharampur Chowk,Fog,847,39.1,Medium
2025-10-26,7,30,6,1,Dharampur Chowk,Fog,398,44.2,Low
2025-03-05,8,45,2,0,Ballupur Chowk,Rain,1083,36.9,High
2025-07-27,12,45,6,1,ISBT,Fog,533,40.3,Low
2025-03-05,13,15,2,0,ISBT,Fog,972,31.5,Medium
2025-05-16,20,45,4,0,Prem Nagar,Clear,472,48.5,Low
2025-07-11,20,0,4,0,Rajpur Road,Cloudy,531,48.1,Low
2025-12-22,21,45,0,0,Dharampur Chowk,Clear,423,52.1,Low
2025-10-05,14,15,6,1,Clock Tower,Clear,861,41.1,Medium
2025-10-16,11,15,3,0,Clock Tower,Rain,525,41.8,Low
2025-08-10,21,15,6,1,Rajpur Road,Cloudy,577,48.4,Low
2025-03-15,21,15,5,1,Dharampur Chowk,Cloudy,443,46.1,Low
2025-04-18,18,30,4,0,ISBT,Clear,1560,30.5,High
2025-04-06,10,30,6,1,Rajpur Road,Cloudy,526,47.9,Low
2025-07-22,20,45,1,0,Prem Nagar,Cloudy,536,49.9,Low
2025-05-13,11,45,1,0,Ballupur Chowk,Cloudy,564,41.2,Low
2025-11-15,11,15,5,1,Dharampur Chowk,Rain,383,49.9,Low
2025-11-30,10,0,6,1,Rajpur Road,Cloudy,683,50.7,Medium
2025-12-18,11,0,3,0,Prem Nagar,Clear,472,42.9,Low
2025-05-09,6,0,4,0,Ballupur Chowk,Cloudy,477,46.3,Low
2025-04-27,11,30,6,1,ISBT,Cloudy,615,50.1,Low
2025-04-19,15,45,5,1,Dharampur Chowk,Clear,545,47.9,Low
2025-11-06,22,15,3,0,Prem Nagar,Clear,416,46.2,Low
2025-12-11,21,30,3,0,ISBT,Clear,727,46.7,Medium
2025-06-18,14,30,2,0,Rajpur Road,Fog,748,33.2,Medium
2025-01-30,20,30,3,0,Ballupur Chowk,Clear,685,46.5,Medium
2025-04-14,13,0,0,0,Clock Tower,Clear,923,39.5,Medium
2025-07-21,15,15,0,0,Rajpur Road,Cloudy,669,44.7,Medium
2025-04-05,19,15,5,1,Rajpur Road,Fog,975,34.6,Medium
2025-08-19,20,45,1,0,Rajpur Road,Cloudy,575,46.8,Low
2025-02-08,19,0,5,1,Ballupur Chowk,Fog,924,31.6,Medium
2025-06-02,21,0,0,0,Ballupur Chowk,Clear,560,49.1,Low
2025-04-17,17,0,3,0,Rajpur Road,Fog,1066,33.6,High
2025-01-18,16,30,5,1,Rajpur Road,Rain,568,40.3,Low
2025-03-11,15,0,1,0,Dharampur Chowk,Clear,694,42.4,Medium
2025-11-24,21,30,0,0,Dharampur Chowk,Clear,479,42.9,Low
2025-03-09,21,30,6,1,Clock Tower,Fog,411,39.6,Low
2025-08-31,17,15,6,1,Ballupur Chowk,Fog,961,34.0,Medium
2025-08-04,10,30,0,0,Prem Nagar,Clear,392,48.2,Low
2025-08-09,11,0,5,1,Clock Tower,Cloudy,557,41.7,Low
2025-12-28,18,15,6,1,Prem Nagar,Rain,717,37.4,Medium
2025-11-21,18,30,4,0,Ballupur Chowk,Clear,1466,34.6,High
2025-05-25,20,30,6,1,ISBT,Fog,533,34.9,Medium
2025-11-27,12,0,3,0,Prem Nagar,Cloudy,607,50.2,Low
2025-10-28,21,30,1,0,Prem Nagar,Clear,327,48.2,Low
2025-05-12,22,45,0,0,Clock Tower,Rain,631,42.9,Low
